2026-01-11 22:08:14.293 [background-preinit] INFO  o.h.validator.internal.util.Version - HV000001: Hibernate Validator 8.0.1.Final
2026-01-11 22:08:14.330 [main] INFO  c.e.n.NotificationServiceApplication - Starting NotificationServiceApplication using Java 21.0.7 with PID 18064 (C:\dev\order-processing-platform\notification-service\build\classes\java\main started by Kukyo in C:\dev\order-processing-platform)
2026-01-11 22:08:14.331 [main] DEBUG c.e.n.NotificationServiceApplication - Running with Spring Boot v3.2.1, Spring v6.1.2
2026-01-11 22:08:14.331 [main] INFO  c.e.n.NotificationServiceApplication - No active profile set, falling back to 1 default profile: "default"
2026-01-11 22:08:15.028 [main] INFO  o.s.d.r.c.RepositoryConfigurationDelegate - Multiple Spring Data modules found, entering strict repository configuration mode
2026-01-11 22:08:15.029 [main] INFO  o.s.d.r.c.RepositoryConfigurationDelegate - Bootstrapping Spring Data MongoDB repositories in DEFAULT mode.
2026-01-11 22:08:15.142 [main] INFO  o.s.d.r.c.RepositoryConfigurationDelegate - Finished Spring Data repository scanning in 109 ms. Found 2 MongoDB repository interfaces.
2026-01-11 22:08:15.152 [main] INFO  o.s.d.r.c.RepositoryConfigurationDelegate - Multiple Spring Data modules found, entering strict repository configuration mode
2026-01-11 22:08:15.152 [main] INFO  o.s.d.r.c.RepositoryConfigurationDelegate - Bootstrapping Spring Data Redis repositories in DEFAULT mode.
2026-01-11 22:08:15.162 [main] INFO  o.s.d.r.c.RepositoryConfigurationExtensionSupport - Spring Data Redis - Could not safely identify store assignment for repository candidate interface com.ecommerce.notification.repository.NotificationLogRepository; If you want this repository to be a Redis repository, consider annotating your entities with one of these annotations: org.springframework.data.redis.core.RedisHash (preferred), or consider extending one of the following types with your repository: org.springframework.data.keyvalue.repository.KeyValueRepository
2026-01-11 22:08:15.162 [main] INFO  o.s.d.r.c.RepositoryConfigurationExtensionSupport - Spring Data Redis - Could not safely identify store assignment for repository candidate interface com.ecommerce.notification.repository.NotificationTemplateRepository; If you want this repository to be a Redis repository, consider annotating your entities with one of these annotations: org.springframework.data.redis.core.RedisHash (preferred), or consider extending one of the following types with your repository: org.springframework.data.keyvalue.repository.KeyValueRepository
2026-01-11 22:08:15.163 [main] INFO  o.s.d.r.c.RepositoryConfigurationDelegate - Finished Spring Data repository scanning in 4 ms. Found 0 Redis repository interfaces.
2026-01-11 22:08:15.528 [main] INFO  o.s.b.w.e.tomcat.TomcatWebServer - Tomcat initialized with port 8085 (http)
2026-01-11 22:08:15.548 [main] INFO  o.a.coyote.http11.Http11NioProtocol - Initializing ProtocolHandler ["http-nio-8085"]
2026-01-11 22:08:15.549 [main] INFO  o.a.catalina.core.StandardService - Starting service [Tomcat]
2026-01-11 22:08:15.549 [main] INFO  o.a.catalina.core.StandardEngine - Starting Servlet engine: [Apache Tomcat/10.1.17]
2026-01-11 22:08:15.590 [main] INFO  o.a.c.c.C.[Tomcat].[localhost].[/] - Initializing Spring embedded WebApplicationContext
2026-01-11 22:08:15.590 [main] INFO  o.s.b.w.s.c.ServletWebServerApplicationContext - Root WebApplicationContext: initialization completed in 1226 ms
2026-01-11 22:08:15.822 [main] INFO  org.mongodb.driver.client - MongoClient with metadata {"driver": {"name": "mongo-java-driver|sync|spring-boot", "version": "4.11.1"}, "os": {"type": "Windows", "name": "Windows 11", "architecture": "amd64", "version": "10.0"}, "platform": "Java/Oracle Corporation/21.0.7+8-LTS-245"} created with settings MongoClientSettings{readPreference=primary, writeConcern=WriteConcern{w=null, wTimeout=null ms, journal=null}, retryWrites=true, retryReads=true, readConcern=ReadConcern{level=null}, credential=MongoCredential{mechanism=null, userName='admin', source='admin', password=<hidden>, mechanismProperties=<hidden>}, transportSettings=null, streamFactoryFactory=null, commandListeners=[io.micrometer.core.instrument.binder.mongodb.MongoMetricsCommandListener@5613247e], codecRegistry=ProvidersCodecRegistry{codecProviders=[ValueCodecProvider{}, BsonValueCodecProvider{}, DBRefCodecProvider{}, DBObjectCodecProvider{}, DocumentCodecProvider{}, CollectionCodecProvider{}, IterableCodecProvider{}, MapCodecProvider{}, GeoJsonCodecProvider{}, GridFSFileCodecProvider{}, Jsr310CodecProvider{}, JsonObjectCodecProvider{}, BsonCodecProvider{}, EnumCodecProvider{}, com.mongodb.client.model.mql.ExpressionCodecProvider@6851b296, com.mongodb.Jep395RecordCodecProvider@9e50283, com.mongodb.KotlinCodecProvider@5368e981]}, loggerSettings=LoggerSettings{maxDocumentLength=1000}, clusterSettings={hosts=[localhost:27017], srvServiceName=mongodb, mode=SINGLE, requiredClusterType=UNKNOWN, requiredReplicaSetName='null', serverSelector='null', clusterListeners='[]', serverSelectionTimeout='30000 ms', localThreshold='15 ms'}, socketSettings=SocketSettings{connectTimeoutMS=10000, readTimeoutMS=0, receiveBufferSize=0, proxySettings=ProxySettings{host=null, port=null, username=null, password=null}}, heartbeatSocketSettings=SocketSettings{connectTimeoutMS=10000, readTimeoutMS=10000, receiveBufferSize=0, proxySettings=ProxySettings{host=null, port=null, username=null, password=null}}, connectionPoolSettings=ConnectionPoolSettings{maxSize=100, minSize=0, maxWaitTimeMS=120000, maxConnectionLifeTimeMS=0, maxConnectionIdleTimeMS=0, maintenanceInitialDelayMS=0, maintenanceFrequencyMS=60000, connectionPoolListeners=[io.micrometer.core.instrument.binder.mongodb.MongoMetricsConnectionPoolListener@1c171746], maxConnecting=2}, serverSettings=ServerSettings{heartbeatFrequencyMS=10000, minHeartbeatFrequencyMS=500, serverListeners='[]', serverMonitorListeners='[]'}, sslSettings=SslSettings{enabled=false, invalidHostNameAllowed=false, context=null}, applicationName='null', compressorList=[], uuidRepresentation=JAVA_LEGACY, serverApi=null, autoEncryptionSettings=null, dnsClient=null, inetAddressResolver=null, contextProvider=null}
2026-01-11 22:08:15.838 [cluster-ClusterId{value='6963f51fe8a9c84b2c8900a2', description='null'}-localhost:27017] INFO  org.mongodb.driver.cluster - Monitor thread successfully connected to server with description ServerDescription{address=localhost:27017, type=STANDALONE, state=CONNECTED, ok=true, minWireVersion=0, maxWireVersion=21, maxDocumentSize=16777216, logicalSessionTimeoutMinutes=30, roundTripTimeNanos=18845700}
2026-01-11 22:08:16.106 [main] WARN  o.s.b.w.s.c.AnnotationConfigServletWebServerApplicationContext - Exception encountered during context initialization - cancelling refresh attempt: org.springframework.beans.factory.UnsatisfiedDependencyException: Error creating bean with name 'notificationController' defined in file [C:\dev\order-processing-platform\notification-service\build\classes\java\main\com\ecommerce\notification\controller\NotificationController.class]: Unsatisfied dependency expressed through constructor parameter 0: Error creating bean with name 'notificationService' defined in file [C:\dev\order-processing-platform\notification-service\build\classes\java\main\com\ecommerce\notification\service\NotificationService.class]: Unsatisfied dependency expressed through constructor parameter 0: Error creating bean with name 'notificationTemplateRepository' defined in com.ecommerce.notification.repository.NotificationTemplateRepository defined in @EnableMongoRepositories declared on MongoRepositoriesRegistrar.EnableMongoRepositoriesConfiguration: Cannot resolve reference to bean 'mongoTemplate' while setting bean property 'mongoOperations'
2026-01-11 22:08:16.109 [main] INFO  o.a.catalina.core.StandardService - Stopping service [Tomcat]
2026-01-11 22:08:16.118 [main] INFO  o.s.b.a.l.ConditionEvaluationReportLogger - 

Error starting ApplicationContext. To display the condition evaluation report re-run your application with 'debug' enabled.
2026-01-11 22:08:16.129 [main] ERROR o.s.boot.SpringApplication - Application run failed
org.springframework.beans.factory.UnsatisfiedDependencyException: Error creating bean with name 'notificationController' defined in file [C:\dev\order-processing-platform\notification-service\build\classes\java\main\com\ecommerce\notification\controller\NotificationController.class]: Unsatisfied dependency expressed through constructor parameter 0: Error creating bean with name 'notificationService' defined in file [C:\dev\order-processing-platform\notification-service\build\classes\java\main\com\ecommerce\notification\service\NotificationService.class]: Unsatisfied dependency expressed through constructor parameter 0: Error creating bean with name 'notificationTemplateRepository' defined in com.ecommerce.notification.repository.NotificationTemplateRepository defined in @EnableMongoRepositories declared on MongoRepositoriesRegistrar.EnableMongoRepositoriesConfiguration: Cannot resolve reference to bean 'mongoTemplate' while setting bean property 'mongoOperations'
	at org.springframework.beans.factory.support.ConstructorResolver.createArgumentArray(ConstructorResolver.java:802)
	at org.springframework.beans.factory.support.ConstructorResolver.autowireConstructor(ConstructorResolver.java:241)
	at org.springframework.beans.factory.support.AbstractAutowireCapableBeanFactory.autowireConstructor(AbstractAutowireCapableBeanFactory.java:1354)
	at org.springframework.beans.factory.support.AbstractAutowireCapableBeanFactory.createBeanInstance(AbstractAutowireCapableBeanFactory.java:1191)
	at org.springframework.beans.factory.support.AbstractAutowireCapableBeanFactory.doCreateBean(AbstractAutowireCapableBeanFactory.java:561)
	at org.springframework.beans.factory.support.AbstractAutowireCapableBeanFactory.createBean(AbstractAutowireCapableBeanFactory.java:521)
	at org.springframework.beans.factory.support.AbstractBeanFactory.lambda$doGetBean$0(AbstractBeanFactory.java:325)
	at org.springframework.beans.factory.support.DefaultSingletonBeanRegistry.getSingleton(DefaultSingletonBeanRegistry.java:234)
	at org.springframework.beans.factory.support.AbstractBeanFactory.doGetBean(AbstractBeanFactory.java:323)
	at org.springframework.beans.factory.support.AbstractBeanFactory.getBean(AbstractBeanFactory.java:199)
	at org.springframework.beans.factory.support.DefaultListableBeanFactory.preInstantiateSingletons(DefaultListableBeanFactory.java:975)
	at org.springframework.context.support.AbstractApplicationContext.finishBeanFactoryInitialization(AbstractApplicationContext.java:960)
	at org.springframework.context.support.AbstractApplicationContext.refresh(AbstractApplicationContext.java:625)
	at org.springframework.boot.web.servlet.context.ServletWebServerApplicationContext.refresh(ServletWebServerApplicationContext.java:146)
	at org.springframework.boot.SpringApplication.refresh(SpringApplication.java:762)
	at org.springframework.boot.SpringApplication.refreshContext(SpringApplication.java:464)
	at org.springframework.boot.SpringApplication.run(SpringApplication.java:334)
	at org.springframework.boot.SpringApplication.run(SpringApplication.java:1358)
	at org.springframework.boot.SpringApplication.run(SpringApplication.java:1347)
	at com.ecommerce.notification.NotificationServiceApplication.main(NotificationServiceApplication.java:14)
Caused by: org.springframework.beans.factory.UnsatisfiedDependencyException: Error creating bean with name 'notificationService' defined in file [C:\dev\order-processing-platform\notification-service\build\classes\java\main\com\ecommerce\notification\service\NotificationService.class]: Unsatisfied dependency expressed through constructor parameter 0: Error creating bean with name 'notificationTemplateRepository' defined in com.ecommerce.notification.repository.NotificationTemplateRepository defined in @EnableMongoRepositories declared on MongoRepositoriesRegistrar.EnableMongoRepositoriesConfiguration: Cannot resolve reference to bean 'mongoTemplate' while setting bean property 'mongoOperations'
	at org.springframework.beans.factory.support.ConstructorResolver.createArgumentArray(ConstructorResolver.java:802)
	at org.springframework.beans.factory.support.ConstructorResolver.autowireConstructor(ConstructorResolver.java:241)
	at org.springframework.beans.factory.support.AbstractAutowireCapableBeanFactory.autowireConstructor(AbstractAutowireCapableBeanFactory.java:1354)
	at org.springframework.beans.factory.support.AbstractAutowireCapableBeanFactory.createBeanInstance(AbstractAutowireCapableBeanFactory.java:1191)
	at org.springframework.beans.factory.support.AbstractAutowireCapableBeanFactory.doCreateBean(AbstractAutowireCapableBeanFactory.java:561)
	at org.springframework.beans.factory.support.AbstractAutowireCapableBeanFactory.createBean(AbstractAutowireCapableBeanFactory.java:521)
	at org.springframework.beans.factory.support.AbstractBeanFactory.lambda$doGetBean$0(AbstractBeanFactory.java:325)
	at org.springframework.beans.factory.support.DefaultSingletonBeanRegistry.getSingleton(DefaultSingletonBeanRegistry.java:234)
	at org.springframework.beans.factory.support.AbstractBeanFactory.doGetBean(AbstractBeanFactory.java:323)
	at org.springframework.beans.factory.support.AbstractBeanFactory.getBean(AbstractBeanFactory.java:199)
	at org.springframework.beans.factory.config.DependencyDescriptor.resolveCandidate(DependencyDescriptor.java:254)
	at org.springframework.beans.factory.support.DefaultListableBeanFactory.doResolveDependency(DefaultListableBeanFactory.java:1443)
	at org.springframework.beans.factory.support.DefaultListableBeanFactory.resolveDependency(DefaultListableBeanFactory.java:1353)
	at org.springframework.beans.factory.support.ConstructorResolver.resolveAutowiredArgument(ConstructorResolver.java:911)
	at org.springframework.beans.factory.support.ConstructorResolver.createArgumentArray(ConstructorResolver.java:789)
	... 19 common frames omitted
Caused by: org.springframework.beans.factory.BeanCreationException: Error creating bean with name 'notificationTemplateRepository' defined in com.ecommerce.notification.repository.NotificationTemplateRepository defined in @EnableMongoRepositories declared on MongoRepositoriesRegistrar.EnableMongoRepositoriesConfiguration: Cannot resolve reference to bean 'mongoTemplate' while setting bean property 'mongoOperations'
	at org.springframework.beans.factory.support.BeanDefinitionValueResolver.resolveReference(BeanDefinitionValueResolver.java:377)
	at org.springframework.beans.factory.support.BeanDefinitionValueResolver.resolveValueIfNecessary(BeanDefinitionValueResolver.java:135)
	at org.springframework.beans.factory.support.AbstractAutowireCapableBeanFactory.applyPropertyValues(AbstractAutowireCapableBeanFactory.java:1684)
	at org.springframework.beans.factory.support.AbstractAutowireCapableBeanFactory.populateBean(AbstractAutowireCapableBeanFactory.java:1433)
	at org.springframework.beans.factory.support.AbstractAutowireCapableBeanFactory.doCreateBean(AbstractAutowireCapableBeanFactory.java:598)
	at org.springframework.beans.factory.support.AbstractAutowireCapableBeanFactory.createBean(AbstractAutowireCapableBeanFactory.java:521)
	at org.springframework.beans.factory.support.AbstractBeanFactory.lambda$doGetBean$0(AbstractBeanFactory.java:325)
	at org.springframework.beans.factory.support.DefaultSingletonBeanRegistry.getSingleton(DefaultSingletonBeanRegistry.java:234)
	at org.springframework.beans.factory.support.AbstractBeanFactory.doGetBean(AbstractBeanFactory.java:323)
	at org.springframework.beans.factory.support.AbstractBeanFactory.getBean(AbstractBeanFactory.java:199)
	at org.springframework.beans.factory.config.DependencyDescriptor.resolveCandidate(DependencyDescriptor.java:254)
	at org.springframework.beans.factory.support.DefaultListableBeanFactory.doResolveDependency(DefaultListableBeanFactory.java:1443)
	at org.springframework.beans.factory.support.DefaultListableBeanFactory.resolveDependency(DefaultListableBeanFactory.java:1353)
	at org.springframework.beans.factory.support.ConstructorResolver.resolveAutowiredArgument(ConstructorResolver.java:911)
	at org.springframework.beans.factory.support.ConstructorResolver.createArgumentArray(ConstructorResolver.java:789)
	... 33 common frames omitted
Caused by: org.springframework.beans.factory.BeanCreationException: Error creating bean with name 'mongoTemplate' defined in class path resource [org/springframework/boot/autoconfigure/data/mongo/MongoDatabaseFactoryDependentConfiguration.class]: Failed to instantiate [org.springframework.data.mongodb.core.MongoTemplate]: Factory method 'mongoTemplate' threw exception with message: Exception authenticating MongoCredential{mechanism=SCRAM-SHA-256, userName='admin', source='admin', password=<hidden>, mechanismProperties=<hidden>}
	at org.springframework.beans.factory.support.ConstructorResolver.instantiate(ConstructorResolver.java:655)
	at org.springframework.beans.factory.support.ConstructorResolver.instantiateUsingFactoryMethod(ConstructorResolver.java:643)
	at org.springframework.beans.factory.support.AbstractAutowireCapableBeanFactory.instantiateUsingFactoryMethod(AbstractAutowireCapableBeanFactory.java:1334)
	at org.springframework.beans.factory.support.AbstractAutowireCapableBeanFactory.createBeanInstance(AbstractAutowireCapableBeanFactory.java:1164)
	at org.springframework.beans.factory.support.AbstractAutowireCapableBeanFactory.doCreateBean(AbstractAutowireCapableBeanFactory.java:561)
	at org.springframework.beans.factory.support.AbstractAutowireCapableBeanFactory.createBean(AbstractAutowireCapableBeanFactory.java:521)
	at org.springframework.beans.factory.support.AbstractBeanFactory.lambda$doGetBean$0(AbstractBeanFactory.java:325)
	at org.springframework.beans.factory.support.DefaultSingletonBeanRegistry.getSingleton(DefaultSingletonBeanRegistry.java:234)
	at org.springframework.beans.factory.support.AbstractBeanFactory.doGetBean(AbstractBeanFactory.java:323)
	at org.springframework.beans.factory.support.AbstractBeanFactory.getBean(AbstractBeanFactory.java:199)
	at org.springframework.beans.factory.support.BeanDefinitionValueResolver.resolveReference(BeanDefinitionValueResolver.java:365)
	... 47 common frames omitted
Caused by: org.springframework.beans.BeanInstantiationException: Failed to instantiate [org.springframework.data.mongodb.core.MongoTemplate]: Factory method 'mongoTemplate' threw exception with message: Exception authenticating MongoCredential{mechanism=SCRAM-SHA-256, userName='admin', source='admin', password=<hidden>, mechanismProperties=<hidden>}
	at org.springframework.beans.factory.support.SimpleInstantiationStrategy.instantiate(SimpleInstantiationStrategy.java:177)
	at org.springframework.beans.factory.support.ConstructorResolver.instantiate(ConstructorResolver.java:651)
	... 57 common frames omitted
Caused by: org.springframework.data.mongodb.UncategorizedMongoDbException: Exception authenticating MongoCredential{mechanism=SCRAM-SHA-256, userName='admin', source='admin', password=<hidden>, mechanismProperties=<hidden>}
	at org.springframework.data.mongodb.core.MongoExceptionTranslator.translateExceptionIfPossible(MongoExceptionTranslator.java:135)
	at org.springframework.data.mongodb.core.MongoTemplate.potentiallyConvertRuntimeException(MongoTemplate.java:2993)
	at org.springframework.data.mongodb.core.MongoTemplate.execute(MongoTemplate.java:603)
	at org.springframework.data.mongodb.core.DefaultIndexOperations.execute(DefaultIndexOperations.java:215)
	at org.springframework.data.mongodb.core.DefaultIndexOperations.ensureIndex(DefaultIndexOperations.java:119)
	at org.springframework.data.mongodb.core.index.MongoPersistentEntityIndexCreator.createIndex(MongoPersistentEntityIndexCreator.java:153)
	at org.springframework.data.mongodb.core.index.MongoPersistentEntityIndexCreator.checkForAndCreateIndexes(MongoPersistentEntityIndexCreator.java:143)
	at org.springframework.data.mongodb.core.index.MongoPersistentEntityIndexCreator.checkForIndexes(MongoPersistentEntityIndexCreator.java:127)
	at org.springframework.data.mongodb.core.index.MongoPersistentEntityIndexCreator.<init>(MongoPersistentEntityIndexCreator.java:96)
	at org.springframework.data.mongodb.core.index.MongoPersistentEntityIndexCreator.<init>(MongoPersistentEntityIndexCreator.java:73)
	at org.springframework.data.mongodb.core.MongoTemplate.<init>(MongoTemplate.java:263)
	at org.springframework.boot.autoconfigure.data.mongo.MongoDatabaseFactoryDependentConfiguration.mongoTemplate(MongoDatabaseFactoryDependentConfiguration.java:61)
	at java.base/jdk.internal.reflect.DirectMethodHandleAccessor.invoke(DirectMethodHandleAccessor.java:103)
	at java.base/java.lang.reflect.Method.invoke(Method.java:580)
	at org.springframework.beans.factory.support.SimpleInstantiationStrategy.instantiate(SimpleInstantiationStrategy.java:140)
	... 58 common frames omitted
Caused by: com.mongodb.MongoSecurityException: Exception authenticating MongoCredential{mechanism=SCRAM-SHA-256, userName='admin', source='admin', password=<hidden>, mechanismProperties=<hidden>}
	at com.mongodb.internal.connection.SaslAuthenticator.wrapException(SaslAuthenticator.java:270)
	at com.mongodb.internal.connection.SaslAuthenticator.lambda$authenticate$0(SaslAuthenticator.java:86)
	at com.mongodb.internal.connection.SaslAuthenticator.doAsSubject(SaslAuthenticator.java:277)
	at com.mongodb.internal.connection.SaslAuthenticator.authenticate(SaslAuthenticator.java:59)
	at com.mongodb.internal.connection.DefaultAuthenticator.authenticate(DefaultAuthenticator.java:57)
	at com.mongodb.internal.connection.InternalStreamConnectionInitializer.authenticate(InternalStreamConnectionInitializer.java:206)
	at com.mongodb.internal.connection.InternalStreamConnectionInitializer.finishHandshake(InternalStreamConnectionInitializer.java:86)
	at com.mongodb.internal.connection.InternalStreamConnection.open(InternalStreamConnection.java:216)
	at com.mongodb.internal.connection.UsageTrackingInternalConnection.open(UsageTrackingInternalConnection.java:55)
	at com.mongodb.internal.connection.DefaultConnectionPool$PooledConnection.open(DefaultConnectionPool.java:647)
	at com.mongodb.internal.connection.DefaultConnectionPool$OpenConcurrencyLimiter.openWithConcurrencyLimit(DefaultConnectionPool.java:993)
	at com.mongodb.internal.connection.DefaultConnectionPool$OpenConcurrencyLimiter.openOrGetAvailable(DefaultConnectionPool.java:934)
	at com.mongodb.internal.connection.DefaultConnectionPool.get(DefaultConnectionPool.java:203)
	at com.mongodb.internal.connection.DefaultConnectionPool.get(DefaultConnectionPool.java:192)
	at com.mongodb.internal.connection.DefaultServer.getConnection(DefaultServer.java:96)
	at com.mongodb.internal.binding.ClusterBinding$ClusterBindingConnectionSource.getConnection(ClusterBinding.java:186)
	at com.mongodb.client.internal.ClientSessionBinding$SessionBindingConnectionSource.getConnection(ClientSessionBinding.java:196)
	at com.mongodb.internal.operation.SyncOperationHelper.withConnectionSource(SyncOperationHelper.java:161)
	at com.mongodb.internal.operation.SyncOperationHelper.withConnection(SyncOperationHelper.java:108)
	at com.mongodb.internal.operation.CreateIndexesOperation.execute(CreateIndexesOperation.java:129)
	at com.mongodb.internal.operation.CreateIndexesOperation.execute(CreateIndexesOperation.java:68)
	at com.mongodb.client.internal.MongoClientDelegate$DelegateOperationExecutor.execute(MongoClientDelegate.java:173)
	at com.mongodb.client.internal.MongoCollectionImpl.executeCreateIndexes(MongoCollectionImpl.java:913)
	at com.mongodb.client.internal.MongoCollectionImpl.createIndexes(MongoCollectionImpl.java:896)
	at com.mongodb.client.internal.MongoCollectionImpl.createIndexes(MongoCollectionImpl.java:891)
	at com.mongodb.client.internal.MongoCollectionImpl.createIndex(MongoCollectionImpl.java:876)
	at org.springframework.data.mongodb.core.DefaultIndexOperations.lambda$ensureIndex$0(DefaultIndexOperations.java:129)
	at org.springframework.data.mongodb.core.MongoTemplate.execute(MongoTemplate.java:601)
	... 70 common frames omitted
Caused by: com.mongodb.MongoCommandException: Command failed with error 18 (AuthenticationFailed): 'Authentication failed.' on server localhost:27017. The full response is {"ok": 0.0, "errmsg": "Authentication failed.", "code": 18, "codeName": "AuthenticationFailed"}
	at com.mongodb.internal.connection.ProtocolHelper.getCommandFailureException(ProtocolHelper.java:205)
	at com.mongodb.internal.connection.InternalStreamConnection.receiveCommandMessageResponse(InternalStreamConnection.java:454)
	at com.mongodb.internal.connection.InternalStreamConnection.sendAndReceive(InternalStreamConnection.java:372)
	at com.mongodb.internal.connection.CommandHelper.sendAndReceive(CommandHelper.java:102)
	at com.mongodb.internal.connection.CommandHelper.executeCommand(CommandHelper.java:49)
	at com.mongodb.internal.connection.SaslAuthenticator.sendSaslContinue(SaslAuthenticator.java:228)
	at com.mongodb.internal.connection.SaslAuthenticator.lambda$authenticate$0(SaslAuthenticator.java:75)
	... 96 common frames omitted
2026-01-11 22:09:31.906 [background-preinit] INFO  o.h.validator.internal.util.Version - HV000001: Hibernate Validator 8.0.1.Final
2026-01-11 22:09:31.926 [main] INFO  c.e.n.NotificationServiceApplication - Starting NotificationServiceApplication using Java 21.0.7 with PID 17640 (C:\dev\order-processing-platform\notification-service\build\classes\java\main started by Kukyo in C:\dev\order-processing-platform)
2026-01-11 22:09:31.926 [main] DEBUG c.e.n.NotificationServiceApplication - Running with Spring Boot v3.2.1, Spring v6.1.2
2026-01-11 22:09:31.927 [main] INFO  c.e.n.NotificationServiceApplication - No active profile set, falling back to 1 default profile: "default"
2026-01-11 22:09:32.528 [main] INFO  o.s.d.r.c.RepositoryConfigurationDelegate - Multiple Spring Data modules found, entering strict repository configuration mode
2026-01-11 22:09:32.529 [main] INFO  o.s.d.r.c.RepositoryConfigurationDelegate - Bootstrapping Spring Data MongoDB repositories in DEFAULT mode.
2026-01-11 22:09:32.614 [main] INFO  o.s.d.r.c.RepositoryConfigurationDelegate - Finished Spring Data repository scanning in 82 ms. Found 2 MongoDB repository interfaces.
2026-01-11 22:09:32.624 [main] INFO  o.s.d.r.c.RepositoryConfigurationDelegate - Multiple Spring Data modules found, entering strict repository configuration mode
2026-01-11 22:09:32.625 [main] INFO  o.s.d.r.c.RepositoryConfigurationDelegate - Bootstrapping Spring Data Redis repositories in DEFAULT mode.
2026-01-11 22:09:32.636 [main] INFO  o.s.d.r.c.RepositoryConfigurationExtensionSupport - Spring Data Redis - Could not safely identify store assignment for repository candidate interface com.ecommerce.notification.repository.NotificationLogRepository; If you want this repository to be a Redis repository, consider annotating your entities with one of these annotations: org.springframework.data.redis.core.RedisHash (preferred), or consider extending one of the following types with your repository: org.springframework.data.keyvalue.repository.KeyValueRepository
2026-01-11 22:09:32.636 [main] INFO  o.s.d.r.c.RepositoryConfigurationExtensionSupport - Spring Data Redis - Could not safely identify store assignment for repository candidate interface com.ecommerce.notification.repository.NotificationTemplateRepository; If you want this repository to be a Redis repository, consider annotating your entities with one of these annotations: org.springframework.data.redis.core.RedisHash (preferred), or consider extending one of the following types with your repository: org.springframework.data.keyvalue.repository.KeyValueRepository
2026-01-11 22:09:32.636 [main] INFO  o.s.d.r.c.RepositoryConfigurationDelegate - Finished Spring Data repository scanning in 4 ms. Found 0 Redis repository interfaces.
2026-01-11 22:09:32.957 [main] INFO  o.s.b.w.e.tomcat.TomcatWebServer - Tomcat initialized with port 8085 (http)
2026-01-11 22:09:32.965 [main] INFO  o.a.coyote.http11.Http11NioProtocol - Initializing ProtocolHandler ["http-nio-8085"]
2026-01-11 22:09:32.966 [main] INFO  o.a.catalina.core.StandardService - Starting service [Tomcat]
2026-01-11 22:09:32.967 [main] INFO  o.a.catalina.core.StandardEngine - Starting Servlet engine: [Apache Tomcat/10.1.17]
2026-01-11 22:09:33.006 [main] INFO  o.a.c.c.C.[Tomcat].[localhost].[/] - Initializing Spring embedded WebApplicationContext
2026-01-11 22:09:33.007 [main] INFO  o.s.b.w.s.c.ServletWebServerApplicationContext - Root WebApplicationContext: initialization completed in 1051 ms
2026-01-11 22:09:33.240 [main] INFO  org.mongodb.driver.client - MongoClient with metadata {"driver": {"name": "mongo-java-driver|sync|spring-boot", "version": "4.11.1"}, "os": {"type": "Windows", "name": "Windows 11", "architecture": "amd64", "version": "10.0"}, "platform": "Java/Oracle Corporation/21.0.7+8-LTS-245"} created with settings MongoClientSettings{readPreference=primary, writeConcern=WriteConcern{w=null, wTimeout=null ms, journal=null}, retryWrites=true, retryReads=true, readConcern=ReadConcern{level=null}, credential=MongoCredential{mechanism=null, userName='admin', source='admin', password=<hidden>, mechanismProperties=<hidden>}, transportSettings=null, streamFactoryFactory=null, commandListeners=[io.micrometer.core.instrument.binder.mongodb.MongoMetricsCommandListener@1ba35152], codecRegistry=ProvidersCodecRegistry{codecProviders=[ValueCodecProvider{}, BsonValueCodecProvider{}, DBRefCodecProvider{}, DBObjectCodecProvider{}, DocumentCodecProvider{}, CollectionCodecProvider{}, IterableCodecProvider{}, MapCodecProvider{}, GeoJsonCodecProvider{}, GridFSFileCodecProvider{}, Jsr310CodecProvider{}, JsonObjectCodecProvider{}, BsonCodecProvider{}, EnumCodecProvider{}, com.mongodb.client.model.mql.ExpressionCodecProvider@401926df, com.mongodb.Jep395RecordCodecProvider@3ff8a3ad, com.mongodb.KotlinCodecProvider@550fa96f]}, loggerSettings=LoggerSettings{maxDocumentLength=1000}, clusterSettings={hosts=[localhost:27017], srvServiceName=mongodb, mode=SINGLE, requiredClusterType=UNKNOWN, requiredReplicaSetName='null', serverSelector='null', clusterListeners='[]', serverSelectionTimeout='30000 ms', localThreshold='15 ms'}, socketSettings=SocketSettings{connectTimeoutMS=10000, readTimeoutMS=0, receiveBufferSize=0, proxySettings=ProxySettings{host=null, port=null, username=null, password=null}}, heartbeatSocketSettings=SocketSettings{connectTimeoutMS=10000, readTimeoutMS=10000, receiveBufferSize=0, proxySettings=ProxySettings{host=null, port=null, username=null, password=null}}, connectionPoolSettings=ConnectionPoolSettings{maxSize=100, minSize=0, maxWaitTimeMS=120000, maxConnectionLifeTimeMS=0, maxConnectionIdleTimeMS=0, maintenanceInitialDelayMS=0, maintenanceFrequencyMS=60000, connectionPoolListeners=[io.micrometer.core.instrument.binder.mongodb.MongoMetricsConnectionPoolListener@54275b5d], maxConnecting=2}, serverSettings=ServerSettings{heartbeatFrequencyMS=10000, minHeartbeatFrequencyMS=500, serverListeners='[]', serverMonitorListeners='[]'}, sslSettings=SslSettings{enabled=false, invalidHostNameAllowed=false, context=null}, applicationName='null', compressorList=[], uuidRepresentation=JAVA_LEGACY, serverApi=null, autoEncryptionSettings=null, dnsClient=null, inetAddressResolver=null, contextProvider=null}
2026-01-11 22:09:33.248 [cluster-ClusterId{value='6963f56d0b846b3c8ad35a8a', description='null'}-localhost:27017] INFO  org.mongodb.driver.cluster - Monitor thread successfully connected to server with description ServerDescription{address=localhost:27017, type=STANDALONE, state=CONNECTED, ok=true, minWireVersion=0, maxWireVersion=21, maxDocumentSize=16777216, logicalSessionTimeoutMinutes=30, roundTripTimeNanos=14296100}
2026-01-11 22:09:33.433 [main] WARN  o.s.b.w.s.c.AnnotationConfigServletWebServerApplicationContext - Exception encountered during context initialization - cancelling refresh attempt: org.springframework.beans.factory.UnsatisfiedDependencyException: Error creating bean with name 'notificationController' defined in file [C:\dev\order-processing-platform\notification-service\build\classes\java\main\com\ecommerce\notification\controller\NotificationController.class]: Unsatisfied dependency expressed through constructor parameter 0: Error creating bean with name 'notificationService' defined in file [C:\dev\order-processing-platform\notification-service\build\classes\java\main\com\ecommerce\notification\service\NotificationService.class]: Unsatisfied dependency expressed through constructor parameter 0: Error creating bean with name 'notificationTemplateRepository' defined in com.ecommerce.notification.repository.NotificationTemplateRepository defined in @EnableMongoRepositories declared on MongoRepositoriesRegistrar.EnableMongoRepositoriesConfiguration: Cannot resolve reference to bean 'mongoTemplate' while setting bean property 'mongoOperations'
2026-01-11 22:09:33.436 [main] INFO  o.a.catalina.core.StandardService - Stopping service [Tomcat]
2026-01-11 22:09:33.445 [main] INFO  o.s.b.a.l.ConditionEvaluationReportLogger - 

Error starting ApplicationContext. To display the condition evaluation report re-run your application with 'debug' enabled.
2026-01-11 22:09:33.457 [main] ERROR o.s.boot.SpringApplication - Application run failed
org.springframework.beans.factory.UnsatisfiedDependencyException: Error creating bean with name 'notificationController' defined in file [C:\dev\order-processing-platform\notification-service\build\classes\java\main\com\ecommerce\notification\controller\NotificationController.class]: Unsatisfied dependency expressed through constructor parameter 0: Error creating bean with name 'notificationService' defined in file [C:\dev\order-processing-platform\notification-service\build\classes\java\main\com\ecommerce\notification\service\NotificationService.class]: Unsatisfied dependency expressed through constructor parameter 0: Error creating bean with name 'notificationTemplateRepository' defined in com.ecommerce.notification.repository.NotificationTemplateRepository defined in @EnableMongoRepositories declared on MongoRepositoriesRegistrar.EnableMongoRepositoriesConfiguration: Cannot resolve reference to bean 'mongoTemplate' while setting bean property 'mongoOperations'
	at org.springframework.beans.factory.support.ConstructorResolver.createArgumentArray(ConstructorResolver.java:802)
	at org.springframework.beans.factory.support.ConstructorResolver.autowireConstructor(ConstructorResolver.java:241)
	at org.springframework.beans.factory.support.AbstractAutowireCapableBeanFactory.autowireConstructor(AbstractAutowireCapableBeanFactory.java:1354)
	at org.springframework.beans.factory.support.AbstractAutowireCapableBeanFactory.createBeanInstance(AbstractAutowireCapableBeanFactory.java:1191)
	at org.springframework.beans.factory.support.AbstractAutowireCapableBeanFactory.doCreateBean(AbstractAutowireCapableBeanFactory.java:561)
	at org.springframework.beans.factory.support.AbstractAutowireCapableBeanFactory.createBean(AbstractAutowireCapableBeanFactory.java:521)
	at org.springframework.beans.factory.support.AbstractBeanFactory.lambda$doGetBean$0(AbstractBeanFactory.java:325)
	at org.springframework.beans.factory.support.DefaultSingletonBeanRegistry.getSingleton(DefaultSingletonBeanRegistry.java:234)
	at org.springframework.beans.factory.support.AbstractBeanFactory.doGetBean(AbstractBeanFactory.java:323)
	at org.springframework.beans.factory.support.AbstractBeanFactory.getBean(AbstractBeanFactory.java:199)
	at org.springframework.beans.factory.support.DefaultListableBeanFactory.preInstantiateSingletons(DefaultListableBeanFactory.java:975)
	at org.springframework.context.support.AbstractApplicationContext.finishBeanFactoryInitialization(AbstractApplicationContext.java:960)
	at org.springframework.context.support.AbstractApplicationContext.refresh(AbstractApplicationContext.java:625)
	at org.springframework.boot.web.servlet.context.ServletWebServerApplicationContext.refresh(ServletWebServerApplicationContext.java:146)
	at org.springframework.boot.SpringApplication.refresh(SpringApplication.java:762)
	at org.springframework.boot.SpringApplication.refreshContext(SpringApplication.java:464)
	at org.springframework.boot.SpringApplication.run(SpringApplication.java:334)
	at org.springframework.boot.SpringApplication.run(SpringApplication.java:1358)
	at org.springframework.boot.SpringApplication.run(SpringApplication.java:1347)
	at com.ecommerce.notification.NotificationServiceApplication.main(NotificationServiceApplication.java:14)
Caused by: org.springframework.beans.factory.UnsatisfiedDependencyException: Error creating bean with name 'notificationService' defined in file [C:\dev\order-processing-platform\notification-service\build\classes\java\main\com\ecommerce\notification\service\NotificationService.class]: Unsatisfied dependency expressed through constructor parameter 0: Error creating bean with name 'notificationTemplateRepository' defined in com.ecommerce.notification.repository.NotificationTemplateRepository defined in @EnableMongoRepositories declared on MongoRepositoriesRegistrar.EnableMongoRepositoriesConfiguration: Cannot resolve reference to bean 'mongoTemplate' while setting bean property 'mongoOperations'
	at org.springframework.beans.factory.support.ConstructorResolver.createArgumentArray(ConstructorResolver.java:802)
	at org.springframework.beans.factory.support.ConstructorResolver.autowireConstructor(ConstructorResolver.java:241)
	at org.springframework.beans.factory.support.AbstractAutowireCapableBeanFactory.autowireConstructor(AbstractAutowireCapableBeanFactory.java:1354)
	at org.springframework.beans.factory.support.AbstractAutowireCapableBeanFactory.createBeanInstance(AbstractAutowireCapableBeanFactory.java:1191)
	at org.springframework.beans.factory.support.AbstractAutowireCapableBeanFactory.doCreateBean(AbstractAutowireCapableBeanFactory.java:561)
	at org.springframework.beans.factory.support.AbstractAutowireCapableBeanFactory.createBean(AbstractAutowireCapableBeanFactory.java:521)
	at org.springframework.beans.factory.support.AbstractBeanFactory.lambda$doGetBean$0(AbstractBeanFactory.java:325)
	at org.springframework.beans.factory.support.DefaultSingletonBeanRegistry.getSingleton(DefaultSingletonBeanRegistry.java:234)
	at org.springframework.beans.factory.support.AbstractBeanFactory.doGetBean(AbstractBeanFactory.java:323)
	at org.springframework.beans.factory.support.AbstractBeanFactory.getBean(AbstractBeanFactory.java:199)
	at org.springframework.beans.factory.config.DependencyDescriptor.resolveCandidate(DependencyDescriptor.java:254)
	at org.springframework.beans.factory.support.DefaultListableBeanFactory.doResolveDependency(DefaultListableBeanFactory.java:1443)
	at org.springframework.beans.factory.support.DefaultListableBeanFactory.resolveDependency(DefaultListableBeanFactory.java:1353)
	at org.springframework.beans.factory.support.ConstructorResolver.resolveAutowiredArgument(ConstructorResolver.java:911)
	at org.springframework.beans.factory.support.ConstructorResolver.createArgumentArray(ConstructorResolver.java:789)
	... 19 common frames omitted
Caused by: org.springframework.beans.factory.BeanCreationException: Error creating bean with name 'notificationTemplateRepository' defined in com.ecommerce.notification.repository.NotificationTemplateRepository defined in @EnableMongoRepositories declared on MongoRepositoriesRegistrar.EnableMongoRepositoriesConfiguration: Cannot resolve reference to bean 'mongoTemplate' while setting bean property 'mongoOperations'
	at org.springframework.beans.factory.support.BeanDefinitionValueResolver.resolveReference(BeanDefinitionValueResolver.java:377)
	at org.springframework.beans.factory.support.BeanDefinitionValueResolver.resolveValueIfNecessary(BeanDefinitionValueResolver.java:135)
	at org.springframework.beans.factory.support.AbstractAutowireCapableBeanFactory.applyPropertyValues(AbstractAutowireCapableBeanFactory.java:1684)
	at org.springframework.beans.factory.support.AbstractAutowireCapableBeanFactory.populateBean(AbstractAutowireCapableBeanFactory.java:1433)
	at org.springframework.beans.factory.support.AbstractAutowireCapableBeanFactory.doCreateBean(AbstractAutowireCapableBeanFactory.java:598)
	at org.springframework.beans.factory.support.AbstractAutowireCapableBeanFactory.createBean(AbstractAutowireCapableBeanFactory.java:521)
	at org.springframework.beans.factory.support.AbstractBeanFactory.lambda$doGetBean$0(AbstractBeanFactory.java:325)
	at org.springframework.beans.factory.support.DefaultSingletonBeanRegistry.getSingleton(DefaultSingletonBeanRegistry.java:234)
	at org.springframework.beans.factory.support.AbstractBeanFactory.doGetBean(AbstractBeanFactory.java:323)
	at org.springframework.beans.factory.support.AbstractBeanFactory.getBean(AbstractBeanFactory.java:199)
	at org.springframework.beans.factory.config.DependencyDescriptor.resolveCandidate(DependencyDescriptor.java:254)
	at org.springframework.beans.factory.support.DefaultListableBeanFactory.doResolveDependency(DefaultListableBeanFactory.java:1443)
	at org.springframework.beans.factory.support.DefaultListableBeanFactory.resolveDependency(DefaultListableBeanFactory.java:1353)
	at org.springframework.beans.factory.support.ConstructorResolver.resolveAutowiredArgument(ConstructorResolver.java:911)
	at org.springframework.beans.factory.support.ConstructorResolver.createArgumentArray(ConstructorResolver.java:789)
	... 33 common frames omitted
Caused by: org.springframework.beans.factory.BeanCreationException: Error creating bean with name 'mongoTemplate' defined in class path resource [org/springframework/boot/autoconfigure/data/mongo/MongoDatabaseFactoryDependentConfiguration.class]: Failed to instantiate [org.springframework.data.mongodb.core.MongoTemplate]: Factory method 'mongoTemplate' threw exception with message: Exception authenticating MongoCredential{mechanism=SCRAM-SHA-256, userName='admin', source='admin', password=<hidden>, mechanismProperties=<hidden>}
	at org.springframework.beans.factory.support.ConstructorResolver.instantiate(ConstructorResolver.java:655)
	at org.springframework.beans.factory.support.ConstructorResolver.instantiateUsingFactoryMethod(ConstructorResolver.java:643)
	at org.springframework.beans.factory.support.AbstractAutowireCapableBeanFactory.instantiateUsingFactoryMethod(AbstractAutowireCapableBeanFactory.java:1334)
	at org.springframework.beans.factory.support.AbstractAutowireCapableBeanFactory.createBeanInstance(AbstractAutowireCapableBeanFactory.java:1164)
	at org.springframework.beans.factory.support.AbstractAutowireCapableBeanFactory.doCreateBean(AbstractAutowireCapableBeanFactory.java:561)
	at org.springframework.beans.factory.support.AbstractAutowireCapableBeanFactory.createBean(AbstractAutowireCapableBeanFactory.java:521)
	at org.springframework.beans.factory.support.AbstractBeanFactory.lambda$doGetBean$0(AbstractBeanFactory.java:325)
	at org.springframework.beans.factory.support.DefaultSingletonBeanRegistry.getSingleton(DefaultSingletonBeanRegistry.java:234)
	at org.springframework.beans.factory.support.AbstractBeanFactory.doGetBean(AbstractBeanFactory.java:323)
	at org.springframework.beans.factory.support.AbstractBeanFactory.getBean(AbstractBeanFactory.java:199)
	at org.springframework.beans.factory.support.BeanDefinitionValueResolver.resolveReference(BeanDefinitionValueResolver.java:365)
	... 47 common frames omitted
Caused by: org.springframework.beans.BeanInstantiationException: Failed to instantiate [org.springframework.data.mongodb.core.MongoTemplate]: Factory method 'mongoTemplate' threw exception with message: Exception authenticating MongoCredential{mechanism=SCRAM-SHA-256, userName='admin', source='admin', password=<hidden>, mechanismProperties=<hidden>}
	at org.springframework.beans.factory.support.SimpleInstantiationStrategy.instantiate(SimpleInstantiationStrategy.java:177)
	at org.springframework.beans.factory.support.ConstructorResolver.instantiate(ConstructorResolver.java:651)
	... 57 common frames omitted
Caused by: org.springframework.data.mongodb.UncategorizedMongoDbException: Exception authenticating MongoCredential{mechanism=SCRAM-SHA-256, userName='admin', source='admin', password=<hidden>, mechanismProperties=<hidden>}
	at org.springframework.data.mongodb.core.MongoExceptionTranslator.translateExceptionIfPossible(MongoExceptionTranslator.java:135)
	at org.springframework.data.mongodb.core.MongoTemplate.potentiallyConvertRuntimeException(MongoTemplate.java:2993)
	at org.springframework.data.mongodb.core.MongoTemplate.execute(MongoTemplate.java:603)
	at org.springframework.data.mongodb.core.DefaultIndexOperations.execute(DefaultIndexOperations.java:215)
	at org.springframework.data.mongodb.core.DefaultIndexOperations.ensureIndex(DefaultIndexOperations.java:119)
	at org.springframework.data.mongodb.core.index.MongoPersistentEntityIndexCreator.createIndex(MongoPersistentEntityIndexCreator.java:153)
	at org.springframework.data.mongodb.core.index.MongoPersistentEntityIndexCreator.checkForAndCreateIndexes(MongoPersistentEntityIndexCreator.java:143)
	at org.springframework.data.mongodb.core.index.MongoPersistentEntityIndexCreator.checkForIndexes(MongoPersistentEntityIndexCreator.java:127)
	at org.springframework.data.mongodb.core.index.MongoPersistentEntityIndexCreator.<init>(MongoPersistentEntityIndexCreator.java:96)
	at org.springframework.data.mongodb.core.index.MongoPersistentEntityIndexCreator.<init>(MongoPersistentEntityIndexCreator.java:73)
	at org.springframework.data.mongodb.core.MongoTemplate.<init>(MongoTemplate.java:263)
	at org.springframework.boot.autoconfigure.data.mongo.MongoDatabaseFactoryDependentConfiguration.mongoTemplate(MongoDatabaseFactoryDependentConfiguration.java:61)
	at java.base/jdk.internal.reflect.DirectMethodHandleAccessor.invoke(DirectMethodHandleAccessor.java:103)
	at java.base/java.lang.reflect.Method.invoke(Method.java:580)
	at org.springframework.beans.factory.support.SimpleInstantiationStrategy.instantiate(SimpleInstantiationStrategy.java:140)
	... 58 common frames omitted
Caused by: com.mongodb.MongoSecurityException: Exception authenticating MongoCredential{mechanism=SCRAM-SHA-256, userName='admin', source='admin', password=<hidden>, mechanismProperties=<hidden>}
	at com.mongodb.internal.connection.SaslAuthenticator.wrapException(SaslAuthenticator.java:270)
	at com.mongodb.internal.connection.SaslAuthenticator.lambda$authenticate$0(SaslAuthenticator.java:86)
	at com.mongodb.internal.connection.SaslAuthenticator.doAsSubject(SaslAuthenticator.java:277)
	at com.mongodb.internal.connection.SaslAuthenticator.authenticate(SaslAuthenticator.java:59)
	at com.mongodb.internal.connection.DefaultAuthenticator.authenticate(DefaultAuthenticator.java:57)
	at com.mongodb.internal.connection.InternalStreamConnectionInitializer.authenticate(InternalStreamConnectionInitializer.java:206)
	at com.mongodb.internal.connection.InternalStreamConnectionInitializer.finishHandshake(InternalStreamConnectionInitializer.java:86)
	at com.mongodb.internal.connection.InternalStreamConnection.open(InternalStreamConnection.java:216)
	at com.mongodb.internal.connection.UsageTrackingInternalConnection.open(UsageTrackingInternalConnection.java:55)
	at com.mongodb.internal.connection.DefaultConnectionPool$PooledConnection.open(DefaultConnectionPool.java:647)
	at com.mongodb.internal.connection.DefaultConnectionPool$OpenConcurrencyLimiter.openWithConcurrencyLimit(DefaultConnectionPool.java:993)
	at com.mongodb.internal.connection.DefaultConnectionPool$OpenConcurrencyLimiter.openOrGetAvailable(DefaultConnectionPool.java:934)
	at com.mongodb.internal.connection.DefaultConnectionPool.get(DefaultConnectionPool.java:203)
	at com.mongodb.internal.connection.DefaultConnectionPool.get(DefaultConnectionPool.java:192)
	at com.mongodb.internal.connection.DefaultServer.getConnection(DefaultServer.java:96)
	at com.mongodb.internal.binding.ClusterBinding$ClusterBindingConnectionSource.getConnection(ClusterBinding.java:186)
	at com.mongodb.client.internal.ClientSessionBinding$SessionBindingConnectionSource.getConnection(ClientSessionBinding.java:196)
	at com.mongodb.internal.operation.SyncOperationHelper.withConnectionSource(SyncOperationHelper.java:161)
	at com.mongodb.internal.operation.SyncOperationHelper.withConnection(SyncOperationHelper.java:108)
	at com.mongodb.internal.operation.CreateIndexesOperation.execute(CreateIndexesOperation.java:129)
	at com.mongodb.internal.operation.CreateIndexesOperation.execute(CreateIndexesOperation.java:68)
	at com.mongodb.client.internal.MongoClientDelegate$DelegateOperationExecutor.execute(MongoClientDelegate.java:173)
	at com.mongodb.client.internal.MongoCollectionImpl.executeCreateIndexes(MongoCollectionImpl.java:913)
	at com.mongodb.client.internal.MongoCollectionImpl.createIndexes(MongoCollectionImpl.java:896)
	at com.mongodb.client.internal.MongoCollectionImpl.createIndexes(MongoCollectionImpl.java:891)
	at com.mongodb.client.internal.MongoCollectionImpl.createIndex(MongoCollectionImpl.java:876)
	at org.springframework.data.mongodb.core.DefaultIndexOperations.lambda$ensureIndex$0(DefaultIndexOperations.java:129)
	at org.springframework.data.mongodb.core.MongoTemplate.execute(MongoTemplate.java:601)
	... 70 common frames omitted
Caused by: com.mongodb.MongoCommandException: Command failed with error 18 (AuthenticationFailed): 'Authentication failed.' on server localhost:27017. The full response is {"ok": 0.0, "errmsg": "Authentication failed.", "code": 18, "codeName": "AuthenticationFailed"}
	at com.mongodb.internal.connection.ProtocolHelper.getCommandFailureException(ProtocolHelper.java:205)
	at com.mongodb.internal.connection.InternalStreamConnection.receiveCommandMessageResponse(InternalStreamConnection.java:454)
	at com.mongodb.internal.connection.InternalStreamConnection.sendAndReceive(InternalStreamConnection.java:372)
	at com.mongodb.internal.connection.CommandHelper.sendAndReceive(CommandHelper.java:102)
	at com.mongodb.internal.connection.CommandHelper.executeCommand(CommandHelper.java:49)
	at com.mongodb.internal.connection.SaslAuthenticator.sendSaslContinue(SaslAuthenticator.java:228)
	at com.mongodb.internal.connection.SaslAuthenticator.lambda$authenticate$0(SaslAuthenticator.java:75)
	... 96 common frames omitted
2026-01-11 22:10:51.279 [background-preinit] INFO  o.h.validator.internal.util.Version - HV000001: Hibernate Validator 8.0.1.Final
2026-01-11 22:10:51.302 [main] INFO  c.e.n.NotificationServiceApplication - Starting NotificationServiceApplication using Java 21.0.7 with PID 19740 (C:\dev\order-processing-platform\notification-service\build\classes\java\main started by Kukyo in C:\dev\order-processing-platform)
2026-01-11 22:10:51.302 [main] DEBUG c.e.n.NotificationServiceApplication - Running with Spring Boot v3.2.1, Spring v6.1.2
2026-01-11 22:10:51.302 [main] INFO  c.e.n.NotificationServiceApplication - No active profile set, falling back to 1 default profile: "default"
2026-01-11 22:10:51.894 [main] INFO  o.s.d.r.c.RepositoryConfigurationDelegate - Multiple Spring Data modules found, entering strict repository configuration mode
2026-01-11 22:10:51.895 [main] INFO  o.s.d.r.c.RepositoryConfigurationDelegate - Bootstrapping Spring Data MongoDB repositories in DEFAULT mode.
2026-01-11 22:10:51.970 [main] INFO  o.s.d.r.c.RepositoryConfigurationDelegate - Finished Spring Data repository scanning in 73 ms. Found 2 MongoDB repository interfaces.
2026-01-11 22:10:51.977 [main] INFO  o.s.d.r.c.RepositoryConfigurationDelegate - Multiple Spring Data modules found, entering strict repository configuration mode
2026-01-11 22:10:51.978 [main] INFO  o.s.d.r.c.RepositoryConfigurationDelegate - Bootstrapping Spring Data Redis repositories in DEFAULT mode.
2026-01-11 22:10:51.985 [main] INFO  o.s.d.r.c.RepositoryConfigurationExtensionSupport - Spring Data Redis - Could not safely identify store assignment for repository candidate interface com.ecommerce.notification.repository.NotificationLogRepository; If you want this repository to be a Redis repository, consider annotating your entities with one of these annotations: org.springframework.data.redis.core.RedisHash (preferred), or consider extending one of the following types with your repository: org.springframework.data.keyvalue.repository.KeyValueRepository
2026-01-11 22:10:51.985 [main] INFO  o.s.d.r.c.RepositoryConfigurationExtensionSupport - Spring Data Redis - Could not safely identify store assignment for repository candidate interface com.ecommerce.notification.repository.NotificationTemplateRepository; If you want this repository to be a Redis repository, consider annotating your entities with one of these annotations: org.springframework.data.redis.core.RedisHash (preferred), or consider extending one of the following types with your repository: org.springframework.data.keyvalue.repository.KeyValueRepository
2026-01-11 22:10:51.985 [main] INFO  o.s.d.r.c.RepositoryConfigurationDelegate - Finished Spring Data repository scanning in 3 ms. Found 0 Redis repository interfaces.
2026-01-11 22:10:52.292 [main] INFO  o.s.b.w.e.tomcat.TomcatWebServer - Tomcat initialized with port 8085 (http)
2026-01-11 22:10:52.298 [main] INFO  o.a.coyote.http11.Http11NioProtocol - Initializing ProtocolHandler ["http-nio-8085"]
2026-01-11 22:10:52.299 [main] INFO  o.a.catalina.core.StandardService - Starting service [Tomcat]
2026-01-11 22:10:52.300 [main] INFO  o.a.catalina.core.StandardEngine - Starting Servlet engine: [Apache Tomcat/10.1.17]
2026-01-11 22:10:52.336 [main] INFO  o.a.c.c.C.[Tomcat].[localhost].[/] - Initializing Spring embedded WebApplicationContext
2026-01-11 22:10:52.336 [main] INFO  o.s.b.w.s.c.ServletWebServerApplicationContext - Root WebApplicationContext: initialization completed in 1008 ms
2026-01-11 22:10:52.547 [main] INFO  org.mongodb.driver.client - MongoClient with metadata {"driver": {"name": "mongo-java-driver|sync|spring-boot", "version": "4.11.1"}, "os": {"type": "Windows", "name": "Windows 11", "architecture": "amd64", "version": "10.0"}, "platform": "Java/Oracle Corporation/21.0.7+8-LTS-245"} created with settings MongoClientSettings{readPreference=primary, writeConcern=WriteConcern{w=null, wTimeout=null ms, journal=null}, retryWrites=true, retryReads=true, readConcern=ReadConcern{level=null}, credential=null, transportSettings=null, streamFactoryFactory=null, commandListeners=[io.micrometer.core.instrument.binder.mongodb.MongoMetricsCommandListener@4ae49387], codecRegistry=ProvidersCodecRegistry{codecProviders=[ValueCodecProvider{}, BsonValueCodecProvider{}, DBRefCodecProvider{}, DBObjectCodecProvider{}, DocumentCodecProvider{}, CollectionCodecProvider{}, IterableCodecProvider{}, MapCodecProvider{}, GeoJsonCodecProvider{}, GridFSFileCodecProvider{}, Jsr310CodecProvider{}, JsonObjectCodecProvider{}, BsonCodecProvider{}, EnumCodecProvider{}, com.mongodb.client.model.mql.ExpressionCodecProvider@6abb7b7d, com.mongodb.Jep395RecordCodecProvider@34cf0e80, com.mongodb.KotlinCodecProvider@38ef1a0a]}, loggerSettings=LoggerSettings{maxDocumentLength=1000}, clusterSettings={hosts=[localhost:27017], srvServiceName=mongodb, mode=SINGLE, requiredClusterType=UNKNOWN, requiredReplicaSetName='null', serverSelector='null', clusterListeners='[]', serverSelectionTimeout='30000 ms', localThreshold='15 ms'}, socketSettings=SocketSettings{connectTimeoutMS=10000, readTimeoutMS=0, receiveBufferSize=0, proxySettings=ProxySettings{host=null, port=null, username=null, password=null}}, heartbeatSocketSettings=SocketSettings{connectTimeoutMS=10000, readTimeoutMS=10000, receiveBufferSize=0, proxySettings=ProxySettings{host=null, port=null, username=null, password=null}}, connectionPoolSettings=ConnectionPoolSettings{maxSize=100, minSize=0, maxWaitTimeMS=120000, maxConnectionLifeTimeMS=0, maxConnectionIdleTimeMS=0, maintenanceInitialDelayMS=0, maintenanceFrequencyMS=60000, connectionPoolListeners=[io.micrometer.core.instrument.binder.mongodb.MongoMetricsConnectionPoolListener@56f9de3b], maxConnecting=2}, serverSettings=ServerSettings{heartbeatFrequencyMS=10000, minHeartbeatFrequencyMS=500, serverListeners='[]', serverMonitorListeners='[]'}, sslSettings=SslSettings{enabled=false, invalidHostNameAllowed=false, context=null}, applicationName='null', compressorList=[], uuidRepresentation=JAVA_LEGACY, serverApi=null, autoEncryptionSettings=null, dnsClient=null, inetAddressResolver=null, contextProvider=null}
2026-01-11 22:10:52.558 [cluster-ClusterId{value='6963f5bc50b773357c011c44', description='null'}-localhost:27017] INFO  org.mongodb.driver.cluster - Monitor thread successfully connected to server with description ServerDescription{address=localhost:27017, type=STANDALONE, state=CONNECTED, ok=true, minWireVersion=0, maxWireVersion=21, maxDocumentSize=16777216, logicalSessionTimeoutMinutes=30, roundTripTimeNanos=14717200}
2026-01-11 22:10:52.762 [main] WARN  o.s.b.w.s.c.AnnotationConfigServletWebServerApplicationContext - Exception encountered during context initialization - cancelling refresh attempt: org.springframework.beans.factory.UnsatisfiedDependencyException: Error creating bean with name 'notificationController' defined in file [C:\dev\order-processing-platform\notification-service\build\classes\java\main\com\ecommerce\notification\controller\NotificationController.class]: Unsatisfied dependency expressed through constructor parameter 0: Error creating bean with name 'notificationService' defined in file [C:\dev\order-processing-platform\notification-service\build\classes\java\main\com\ecommerce\notification\service\NotificationService.class]: Unsatisfied dependency expressed through constructor parameter 2: No qualifying bean of type 'com.ecommerce.notification.service.EmailService' available: expected at least 1 bean which qualifies as autowire candidate. Dependency annotations: {}
2026-01-11 22:10:52.766 [main] INFO  o.a.catalina.core.StandardService - Stopping service [Tomcat]
2026-01-11 22:10:52.776 [main] INFO  o.s.b.a.l.ConditionEvaluationReportLogger - 

Error starting ApplicationContext. To display the condition evaluation report re-run your application with 'debug' enabled.
2026-01-11 22:10:52.789 [main] ERROR o.s.b.d.LoggingFailureAnalysisReporter - 

***************************
APPLICATION FAILED TO START
***************************

Description:

Parameter 2 of constructor in com.ecommerce.notification.service.NotificationService required a bean of type 'com.ecommerce.notification.service.EmailService' that could not be found.


Action:

Consider defining a bean of type 'com.ecommerce.notification.service.EmailService' in your configuration.

2026-01-11 22:13:54.872 [background-preinit] INFO  o.h.validator.internal.util.Version - HV000001: Hibernate Validator 8.0.1.Final
2026-01-11 22:13:54.894 [main] INFO  c.e.n.NotificationServiceApplication - Starting NotificationServiceApplication using Java 21.0.7 with PID 14812 (C:\dev\order-processing-platform\notification-service\build\classes\java\main started by Kukyo in C:\dev\order-processing-platform)
2026-01-11 22:13:54.894 [main] DEBUG c.e.n.NotificationServiceApplication - Running with Spring Boot v3.2.1, Spring v6.1.2
2026-01-11 22:13:54.894 [main] INFO  c.e.n.NotificationServiceApplication - No active profile set, falling back to 1 default profile: "default"
2026-01-11 22:13:55.464 [main] INFO  o.s.d.r.c.RepositoryConfigurationDelegate - Multiple Spring Data modules found, entering strict repository configuration mode
2026-01-11 22:13:55.466 [main] INFO  o.s.d.r.c.RepositoryConfigurationDelegate - Bootstrapping Spring Data MongoDB repositories in DEFAULT mode.
2026-01-11 22:13:55.563 [main] INFO  o.s.d.r.c.RepositoryConfigurationDelegate - Finished Spring Data repository scanning in 94 ms. Found 2 MongoDB repository interfaces.
2026-01-11 22:13:55.571 [main] INFO  o.s.d.r.c.RepositoryConfigurationDelegate - Multiple Spring Data modules found, entering strict repository configuration mode
2026-01-11 22:13:55.571 [main] INFO  o.s.d.r.c.RepositoryConfigurationDelegate - Bootstrapping Spring Data Redis repositories in DEFAULT mode.
2026-01-11 22:13:55.578 [main] INFO  o.s.d.r.c.RepositoryConfigurationExtensionSupport - Spring Data Redis - Could not safely identify store assignment for repository candidate interface com.ecommerce.notification.repository.NotificationLogRepository; If you want this repository to be a Redis repository, consider annotating your entities with one of these annotations: org.springframework.data.redis.core.RedisHash (preferred), or consider extending one of the following types with your repository: org.springframework.data.keyvalue.repository.KeyValueRepository
2026-01-11 22:13:55.578 [main] INFO  o.s.d.r.c.RepositoryConfigurationExtensionSupport - Spring Data Redis - Could not safely identify store assignment for repository candidate interface com.ecommerce.notification.repository.NotificationTemplateRepository; If you want this repository to be a Redis repository, consider annotating your entities with one of these annotations: org.springframework.data.redis.core.RedisHash (preferred), or consider extending one of the following types with your repository: org.springframework.data.keyvalue.repository.KeyValueRepository
2026-01-11 22:13:55.578 [main] INFO  o.s.d.r.c.RepositoryConfigurationDelegate - Finished Spring Data repository scanning in 3 ms. Found 0 Redis repository interfaces.
2026-01-11 22:13:55.878 [main] INFO  o.s.b.w.e.tomcat.TomcatWebServer - Tomcat initialized with port 8085 (http)
2026-01-11 22:13:55.884 [main] INFO  o.a.coyote.http11.Http11NioProtocol - Initializing ProtocolHandler ["http-nio-8085"]
2026-01-11 22:13:55.885 [main] INFO  o.a.catalina.core.StandardService - Starting service [Tomcat]
2026-01-11 22:13:55.885 [main] INFO  o.a.catalina.core.StandardEngine - Starting Servlet engine: [Apache Tomcat/10.1.17]
2026-01-11 22:13:55.924 [main] INFO  o.a.c.c.C.[Tomcat].[localhost].[/] - Initializing Spring embedded WebApplicationContext
2026-01-11 22:13:55.925 [main] INFO  o.s.b.w.s.c.ServletWebServerApplicationContext - Root WebApplicationContext: initialization completed in 1002 ms
2026-01-11 22:13:56.145 [main] INFO  org.mongodb.driver.client - MongoClient with metadata {"driver": {"name": "mongo-java-driver|sync|spring-boot", "version": "4.11.1"}, "os": {"type": "Windows", "name": "Windows 11", "architecture": "amd64", "version": "10.0"}, "platform": "Java/Oracle Corporation/21.0.7+8-LTS-245"} created with settings MongoClientSettings{readPreference=primary, writeConcern=WriteConcern{w=null, wTimeout=null ms, journal=null}, retryWrites=true, retryReads=true, readConcern=ReadConcern{level=null}, credential=null, transportSettings=null, streamFactoryFactory=null, commandListeners=[io.micrometer.core.instrument.binder.mongodb.MongoMetricsCommandListener@6ba0ee4a], codecRegistry=ProvidersCodecRegistry{codecProviders=[ValueCodecProvider{}, BsonValueCodecProvider{}, DBRefCodecProvider{}, DBObjectCodecProvider{}, DocumentCodecProvider{}, CollectionCodecProvider{}, IterableCodecProvider{}, MapCodecProvider{}, GeoJsonCodecProvider{}, GridFSFileCodecProvider{}, Jsr310CodecProvider{}, JsonObjectCodecProvider{}, BsonCodecProvider{}, EnumCodecProvider{}, com.mongodb.client.model.mql.ExpressionCodecProvider@73b0ed03, com.mongodb.Jep395RecordCodecProvider@55061418, com.mongodb.KotlinCodecProvider@27db45f]}, loggerSettings=LoggerSettings{maxDocumentLength=1000}, clusterSettings={hosts=[localhost:27017], srvServiceName=mongodb, mode=SINGLE, requiredClusterType=UNKNOWN, requiredReplicaSetName='null', serverSelector='null', clusterListeners='[]', serverSelectionTimeout='30000 ms', localThreshold='15 ms'}, socketSettings=SocketSettings{connectTimeoutMS=10000, readTimeoutMS=0, receiveBufferSize=0, proxySettings=ProxySettings{host=null, port=null, username=null, password=null}}, heartbeatSocketSettings=SocketSettings{connectTimeoutMS=10000, readTimeoutMS=10000, receiveBufferSize=0, proxySettings=ProxySettings{host=null, port=null, username=null, password=null}}, connectionPoolSettings=ConnectionPoolSettings{maxSize=100, minSize=0, maxWaitTimeMS=120000, maxConnectionLifeTimeMS=0, maxConnectionIdleTimeMS=0, maintenanceInitialDelayMS=0, maintenanceFrequencyMS=60000, connectionPoolListeners=[io.micrometer.core.instrument.binder.mongodb.MongoMetricsConnectionPoolListener@6ec3d8e4], maxConnecting=2}, serverSettings=ServerSettings{heartbeatFrequencyMS=10000, minHeartbeatFrequencyMS=500, serverListeners='[]', serverMonitorListeners='[]'}, sslSettings=SslSettings{enabled=false, invalidHostNameAllowed=false, context=null}, applicationName='null', compressorList=[], uuidRepresentation=JAVA_LEGACY, serverApi=null, autoEncryptionSettings=null, dnsClient=null, inetAddressResolver=null, contextProvider=null}
2026-01-11 22:13:56.155 [cluster-ClusterId{value='6963f674f021c66cd11a5f41', description='null'}-localhost:27017] INFO  org.mongodb.driver.cluster - Monitor thread successfully connected to server with description ServerDescription{address=localhost:27017, type=STANDALONE, state=CONNECTED, ok=true, minWireVersion=0, maxWireVersion=21, maxDocumentSize=16777216, logicalSessionTimeoutMinutes=30, roundTripTimeNanos=15577800}
2026-01-11 22:13:57.071 [main] INFO  o.s.b.a.e.web.EndpointLinksResolver - Exposing 1 endpoint(s) beneath base path '/actuator'
2026-01-11 22:13:57.136 [main] INFO  o.a.coyote.http11.Http11NioProtocol - Starting ProtocolHandler ["http-nio-8085"]
2026-01-11 22:13:57.151 [main] INFO  o.s.b.w.e.tomcat.TomcatWebServer - Tomcat started on port 8085 (http) with context path ''
2026-01-11 22:13:57.252 [main] INFO  o.s.k.c.DefaultKafkaConsumerFactory$ExtendedKafkaConsumer - [Consumer clientId=consumer-notification-service-1, groupId=notification-service] Subscribed to topic(s): payment.completed
2026-01-11 22:13:57.262 [main] INFO  o.s.k.c.DefaultKafkaConsumerFactory$ExtendedKafkaConsumer - [Consumer clientId=consumer-notification-service-2, groupId=notification-service] Subscribed to topic(s): payment.completed
2026-01-11 22:13:57.268 [main] INFO  o.s.k.c.DefaultKafkaConsumerFactory$ExtendedKafkaConsumer - [Consumer clientId=consumer-notification-service-3, groupId=notification-service] Subscribed to topic(s): payment.completed
2026-01-11 22:13:57.273 [main] INFO  o.s.k.c.DefaultKafkaConsumerFactory$ExtendedKafkaConsumer - [Consumer clientId=consumer-notification-service-4, groupId=notification-service] Subscribed to topic(s): order.created
2026-01-11 22:13:57.276 [main] INFO  o.s.k.c.DefaultKafkaConsumerFactory$ExtendedKafkaConsumer - [Consumer clientId=consumer-notification-service-5, groupId=notification-service] Subscribed to topic(s): order.created
2026-01-11 22:13:57.279 [main] INFO  o.s.k.c.DefaultKafkaConsumerFactory$ExtendedKafkaConsumer - [Consumer clientId=consumer-notification-service-6, groupId=notification-service] Subscribed to topic(s): order.created
2026-01-11 22:13:57.283 [main] INFO  o.s.k.c.DefaultKafkaConsumerFactory$ExtendedKafkaConsumer - [Consumer clientId=consumer-notification-service-7, groupId=notification-service] Subscribed to topic(s): inventory.reserved
2026-01-11 22:13:57.288 [main] INFO  o.s.k.c.DefaultKafkaConsumerFactory$ExtendedKafkaConsumer - [Consumer clientId=consumer-notification-service-8, groupId=notification-service] Subscribed to topic(s): inventory.reserved
2026-01-11 22:13:57.291 [main] INFO  o.s.k.c.DefaultKafkaConsumerFactory$ExtendedKafkaConsumer - [Consumer clientId=consumer-notification-service-9, groupId=notification-service] Subscribed to topic(s): inventory.reserved
2026-01-11 22:13:57.296 [main] INFO  o.s.k.c.DefaultKafkaConsumerFactory$ExtendedKafkaConsumer - [Consumer clientId=consumer-notification-service-10, groupId=notification-service] Subscribed to topic(s): order.status-changed
2026-01-11 22:13:57.300 [main] INFO  o.s.k.c.DefaultKafkaConsumerFactory$ExtendedKafkaConsumer - [Consumer clientId=consumer-notification-service-11, groupId=notification-service] Subscribed to topic(s): order.status-changed
2026-01-11 22:13:57.304 [main] INFO  o.s.k.c.DefaultKafkaConsumerFactory$ExtendedKafkaConsumer - [Consumer clientId=consumer-notification-service-12, groupId=notification-service] Subscribed to topic(s): order.status-changed
2026-01-11 22:13:57.313 [main] INFO  c.e.n.NotificationServiceApplication - Started NotificationServiceApplication in 2.752 seconds (process running for 3.109)
2026-01-11 22:13:57.390 [main] INFO  o.s.b.a.l.ConditionEvaluationReportLogger - 

Error starting ApplicationContext. To display the condition evaluation report re-run your application with 'debug' enabled.
2026-01-11 22:13:57.406 [main] ERROR o.s.boot.SpringApplication - Application run failed
org.springframework.data.mongodb.UncategorizedMongoDbException: Command failed with error 13 (Unauthorized): 'Command aggregate requires authentication' on server localhost:27017. The full response is {"ok": 0.0, "errmsg": "Command aggregate requires authentication", "code": 13, "codeName": "Unauthorized"}
	at org.springframework.data.mongodb.core.MongoExceptionTranslator.translateExceptionIfPossible(MongoExceptionTranslator.java:135)
	at org.springframework.data.mongodb.core.MongoTemplate.potentiallyConvertRuntimeException(MongoTemplate.java:2993)
	at org.springframework.data.mongodb.core.MongoTemplate.execute(MongoTemplate.java:603)
	at org.springframework.data.mongodb.core.MongoTemplate.doExactCount(MongoTemplate.java:1225)
	at org.springframework.data.mongodb.core.MongoTemplate.doCount(MongoTemplate.java:1194)
	at org.springframework.data.mongodb.core.MongoTemplate.count(MongoTemplate.java:1183)
	at org.springframework.data.mongodb.core.MongoTemplate.count(MongoTemplate.java:1164)
	at org.springframework.data.mongodb.repository.support.SimpleMongoRepository.count(SimpleMongoRepository.java:160)
	at java.base/jdk.internal.reflect.DirectMethodHandleAccessor.invoke(DirectMethodHandleAccessor.java:103)
	at java.base/java.lang.reflect.Method.invoke(Method.java:580)
	at org.springframework.aop.support.AopUtils.invokeJoinpointUsingReflection(AopUtils.java:352)
	at org.springframework.data.repository.core.support.RepositoryMethodInvoker$RepositoryFragmentMethodInvoker.lambda$new$0(RepositoryMethodInvoker.java:277)
	at org.springframework.data.repository.core.support.RepositoryMethodInvoker.doInvoke(RepositoryMethodInvoker.java:170)
	at org.springframework.data.repository.core.support.RepositoryMethodInvoker.invoke(RepositoryMethodInvoker.java:158)
	at org.springframework.data.repository.core.support.RepositoryComposition$RepositoryFragments.invoke(RepositoryComposition.java:516)
	at org.springframework.data.repository.core.support.RepositoryComposition.invoke(RepositoryComposition.java:285)
	at org.springframework.data.repository.core.support.RepositoryFactorySupport$ImplementationMethodExecutionInterceptor.invoke(RepositoryFactorySupport.java:628)
	at org.springframework.aop.framework.ReflectiveMethodInvocation.proceed(ReflectiveMethodInvocation.java:184)
	at org.springframework.data.repository.core.support.QueryExecutorMethodInterceptor.doInvoke(QueryExecutorMethodInterceptor.java:168)
	at org.springframework.data.repository.core.support.QueryExecutorMethodInterceptor.invoke(QueryExecutorMethodInterceptor.java:143)
	at org.springframework.aop.framework.ReflectiveMethodInvocation.proceed(ReflectiveMethodInvocation.java:184)
	at org.springframework.data.projection.DefaultMethodInvokingMethodInterceptor.invoke(DefaultMethodInvokingMethodInterceptor.java:70)
	at org.springframework.aop.framework.ReflectiveMethodInvocation.proceed(ReflectiveMethodInvocation.java:184)
	at org.springframework.data.mongodb.repository.support.CrudMethodMetadataPostProcessor$CrudMethodMetadataPopulatingMethodInterceptor.invoke(CrudMethodMetadataPostProcessor.java:158)
	at org.springframework.aop.framework.ReflectiveMethodInvocation.proceed(ReflectiveMethodInvocation.java:184)
	at org.springframework.aop.interceptor.ExposeInvocationInterceptor.invoke(ExposeInvocationInterceptor.java:97)
	at org.springframework.aop.framework.ReflectiveMethodInvocation.proceed(ReflectiveMethodInvocation.java:184)
	at org.springframework.aop.framework.JdkDynamicAopProxy.invoke(JdkDynamicAopProxy.java:249)
	at jdk.proxy2/jdk.proxy2.$Proxy110.count(Unknown Source)
	at java.base/jdk.internal.reflect.DirectMethodHandleAccessor.invoke(DirectMethodHandleAccessor.java:103)
	at java.base/java.lang.reflect.Method.invoke(Method.java:580)
	at org.springframework.aop.support.AopUtils.invokeJoinpointUsingReflection(AopUtils.java:352)
	at org.springframework.aop.framework.ReflectiveMethodInvocation.invokeJoinpoint(ReflectiveMethodInvocation.java:196)
	at org.springframework.aop.framework.ReflectiveMethodInvocation.proceed(ReflectiveMethodInvocation.java:163)
	at org.springframework.dao.support.PersistenceExceptionTranslationInterceptor.invoke(PersistenceExceptionTranslationInterceptor.java:137)
	at org.springframework.aop.framework.ReflectiveMethodInvocation.proceed(ReflectiveMethodInvocation.java:184)
	at org.springframework.aop.framework.JdkDynamicAopProxy.invoke(JdkDynamicAopProxy.java:249)
	at jdk.proxy2/jdk.proxy2.$Proxy110.count(Unknown Source)
	at com.ecommerce.notification.config.MongoDBInitializer.lambda$initMongoDatabase$1(MongoDBInitializer.java:23)
	at org.springframework.boot.SpringApplication.lambda$callRunner$5(SpringApplication.java:798)
	at org.springframework.util.function.ThrowingConsumer$1.acceptWithException(ThrowingConsumer.java:83)
	at org.springframework.util.function.ThrowingConsumer.accept(ThrowingConsumer.java:60)
	at org.springframework.util.function.ThrowingConsumer$1.accept(ThrowingConsumer.java:88)
	at org.springframework.boot.SpringApplication.callRunner(SpringApplication.java:806)
	at org.springframework.boot.SpringApplication.callRunner(SpringApplication.java:797)
	at org.springframework.boot.SpringApplication.lambda$callRunners$3(SpringApplication.java:782)
	at java.base/java.util.stream.ForEachOps$ForEachOp$OfRef.accept(ForEachOps.java:184)
	at java.base/java.util.stream.SortedOps$SizedRefSortingSink.end(SortedOps.java:357)
	at java.base/java.util.stream.AbstractPipeline.copyInto(AbstractPipeline.java:510)
	at java.base/java.util.stream.AbstractPipeline.wrapAndCopyInto(AbstractPipeline.java:499)
	at java.base/java.util.stream.ForEachOps$ForEachOp.evaluateSequential(ForEachOps.java:151)
	at java.base/java.util.stream.ForEachOps$ForEachOp$OfRef.evaluateSequential(ForEachOps.java:174)
	at java.base/java.util.stream.AbstractPipeline.evaluate(AbstractPipeline.java:234)
	at java.base/java.util.stream.ReferencePipeline.forEach(ReferencePipeline.java:596)
	at org.springframework.boot.SpringApplication.callRunners(SpringApplication.java:782)
	at org.springframework.boot.SpringApplication.run(SpringApplication.java:341)
	at org.springframework.boot.SpringApplication.run(SpringApplication.java:1358)
	at org.springframework.boot.SpringApplication.run(SpringApplication.java:1347)
	at com.ecommerce.notification.NotificationServiceApplication.main(NotificationServiceApplication.java:14)
Caused by: com.mongodb.MongoCommandException: Command failed with error 13 (Unauthorized): 'Command aggregate requires authentication' on server localhost:27017. The full response is {"ok": 0.0, "errmsg": "Command aggregate requires authentication", "code": 13, "codeName": "Unauthorized"}
	at com.mongodb.internal.connection.ProtocolHelper.getCommandFailureException(ProtocolHelper.java:205)
	at com.mongodb.internal.connection.InternalStreamConnection.receiveCommandMessageResponse(InternalStreamConnection.java:454)
	at com.mongodb.internal.connection.InternalStreamConnection.sendAndReceive(InternalStreamConnection.java:372)
	at com.mongodb.internal.connection.UsageTrackingInternalConnection.sendAndReceive(UsageTrackingInternalConnection.java:114)
	at com.mongodb.internal.connection.DefaultConnectionPool$PooledConnection.sendAndReceive(DefaultConnectionPool.java:765)
	at com.mongodb.internal.connection.CommandProtocolImpl.execute(CommandProtocolImpl.java:76)
	at com.mongodb.internal.connection.DefaultServer$DefaultServerProtocolExecutor.execute(DefaultServer.java:209)
	at com.mongodb.internal.connection.DefaultServerConnection.executeProtocol(DefaultServerConnection.java:115)
	at com.mongodb.internal.connection.DefaultServerConnection.command(DefaultServerConnection.java:83)
	at com.mongodb.internal.connection.DefaultServerConnection.command(DefaultServerConnection.java:74)
	at com.mongodb.internal.connection.DefaultServer$OperationCountTrackingConnection.command(DefaultServer.java:299)
	at com.mongodb.internal.operation.SyncOperationHelper.createReadCommandAndExecute(SyncOperationHelper.java:273)
	at com.mongodb.internal.operation.SyncOperationHelper.lambda$executeRetryableRead$3(SyncOperationHelper.java:191)
	at com.mongodb.internal.operation.SyncOperationHelper.lambda$withSourceAndConnection$0(SyncOperationHelper.java:127)
	at com.mongodb.internal.operation.SyncOperationHelper.withSuppliedResource(SyncOperationHelper.java:152)
	at com.mongodb.internal.operation.SyncOperationHelper.lambda$withSourceAndConnection$1(SyncOperationHelper.java:126)
	at com.mongodb.internal.operation.SyncOperationHelper.withSuppliedResource(SyncOperationHelper.java:152)
	at com.mongodb.internal.operation.SyncOperationHelper.withSourceAndConnection(SyncOperationHelper.java:125)
	at com.mongodb.internal.operation.SyncOperationHelper.lambda$executeRetryableRead$4(SyncOperationHelper.java:189)
	at com.mongodb.internal.operation.SyncOperationHelper.lambda$decorateReadWithRetries$12(SyncOperationHelper.java:292)
	at com.mongodb.internal.async.function.RetryingSyncSupplier.get(RetryingSyncSupplier.java:67)
	at com.mongodb.internal.operation.SyncOperationHelper.executeRetryableRead(SyncOperationHelper.java:194)
	at com.mongodb.internal.operation.SyncOperationHelper.executeRetryableRead(SyncOperationHelper.java:176)
	at com.mongodb.internal.operation.AggregateOperationImpl.execute(AggregateOperationImpl.java:193)
	at com.mongodb.internal.operation.AggregateOperation.execute(AggregateOperation.java:153)
	at com.mongodb.internal.operation.CountDocumentsOperation.execute(CountDocumentsOperation.java:134)
	at com.mongodb.internal.operation.CountDocumentsOperation.execute(CountDocumentsOperation.java:41)
	at com.mongodb.client.internal.MongoClientDelegate$DelegateOperationExecutor.execute(MongoClientDelegate.java:153)
	at com.mongodb.client.internal.MongoCollectionImpl.executeCount(MongoCollectionImpl.java:227)
	at com.mongodb.client.internal.MongoCollectionImpl.countDocuments(MongoCollectionImpl.java:197)
	at org.springframework.data.mongodb.core.MongoTemplate.lambda$doExactCount$15(MongoTemplate.java:1226)
	at org.springframework.data.mongodb.core.MongoTemplate.execute(MongoTemplate.java:601)
	... 56 common frames omitted
2026-01-11 22:13:57.480 [org.springframework.kafka.KafkaListenerEndpointContainer#0-0-C-1] WARN  o.apache.kafka.clients.NetworkClient - [Consumer clientId=consumer-notification-service-7, groupId=notification-service] Connection to node -1 (localhost/127.0.0.1:9092) could not be established. Broker may not be available.
2026-01-11 22:13:57.480 [org.springframework.kafka.KafkaListenerEndpointContainer#2-0-C-1] WARN  o.apache.kafka.clients.NetworkClient - [Consumer clientId=consumer-notification-service-1, groupId=notification-service] Connection to node -1 (localhost/127.0.0.1:9092) could not be established. Broker may not be available.
2026-01-11 22:13:57.480 [org.springframework.kafka.KafkaListenerEndpointContainer#0-0-C-1] WARN  o.apache.kafka.clients.NetworkClient - [Consumer clientId=consumer-notification-service-7, groupId=notification-service] Bootstrap broker localhost:9092 (id: -1 rack: null) disconnected
2026-01-11 22:13:57.480 [org.springframework.kafka.KafkaListenerEndpointContainer#2-0-C-1] WARN  o.apache.kafka.clients.NetworkClient - [Consumer clientId=consumer-notification-service-1, groupId=notification-service] Bootstrap broker localhost:9092 (id: -1 rack: null) disconnected
2026-01-11 22:13:57.480 [org.springframework.kafka.KafkaListenerEndpointContainer#2-1-C-1] WARN  o.apache.kafka.clients.NetworkClient - [Consumer clientId=consumer-notification-service-2, groupId=notification-service] Connection to node -1 (localhost/127.0.0.1:9092) could not be established. Broker may not be available.
2026-01-11 22:13:57.480 [org.springframework.kafka.KafkaListenerEndpointContainer#2-1-C-1] WARN  o.apache.kafka.clients.NetworkClient - [Consumer clientId=consumer-notification-service-2, groupId=notification-service] Bootstrap broker localhost:9092 (id: -1 rack: null) disconnected
2026-01-11 22:13:57.480 [org.springframework.kafka.KafkaListenerEndpointContainer#0-1-C-1] WARN  o.apache.kafka.clients.NetworkClient - [Consumer clientId=consumer-notification-service-8, groupId=notification-service] Connection to node -1 (localhost/127.0.0.1:9092) could not be established. Broker may not be available.
2026-01-11 22:13:57.480 [org.springframework.kafka.KafkaListenerEndpointContainer#0-1-C-1] WARN  o.apache.kafka.clients.NetworkClient - [Consumer clientId=consumer-notification-service-8, groupId=notification-service] Bootstrap broker localhost:9092 (id: -1 rack: null) disconnected
2026-01-11 22:13:57.481 [org.springframework.kafka.KafkaListenerEndpointContainer#0-2-C-1] WARN  o.apache.kafka.clients.NetworkClient - [Consumer clientId=consumer-notification-service-9, groupId=notification-service] Connection to node -1 (localhost/127.0.0.1:9092) could not be established. Broker may not be available.
2026-01-11 22:13:57.481 [org.springframework.kafka.KafkaListenerEndpointContainer#0-2-C-1] WARN  o.apache.kafka.clients.NetworkClient - [Consumer clientId=consumer-notification-service-9, groupId=notification-service] Bootstrap broker localhost:9092 (id: -1 rack: null) disconnected
2026-01-11 22:13:57.481 [org.springframework.kafka.KafkaListenerEndpointContainer#1-0-C-1] WARN  o.apache.kafka.clients.NetworkClient - [Consumer clientId=consumer-notification-service-10, groupId=notification-service] Connection to node -1 (localhost/127.0.0.1:9092) could not be established. Broker may not be available.
2026-01-11 22:13:57.481 [org.springframework.kafka.KafkaListenerEndpointContainer#1-0-C-1] WARN  o.apache.kafka.clients.NetworkClient - [Consumer clientId=consumer-notification-service-10, groupId=notification-service] Bootstrap broker localhost:9092 (id: -1 rack: null) disconnected
2026-01-11 22:13:57.482 [org.springframework.kafka.KafkaListenerEndpointContainer#2-2-C-1] WARN  o.apache.kafka.clients.NetworkClient - [Consumer clientId=consumer-notification-service-3, groupId=notification-service] Connection to node -1 (localhost/127.0.0.1:9092) could not be established. Broker may not be available.
2026-01-11 22:13:57.482 [org.springframework.kafka.KafkaListenerEndpointContainer#2-2-C-1] WARN  o.apache.kafka.clients.NetworkClient - [Consumer clientId=consumer-notification-service-3, groupId=notification-service] Bootstrap broker localhost:9092 (id: -1 rack: null) disconnected
2026-01-11 22:13:57.482 [org.springframework.kafka.KafkaListenerEndpointContainer#3-2-C-1] WARN  o.apache.kafka.clients.NetworkClient - [Consumer clientId=consumer-notification-service-6, groupId=notification-service] Connection to node -1 (localhost/127.0.0.1:9092) could not be established. Broker may not be available.
2026-01-11 22:13:57.482 [org.springframework.kafka.KafkaListenerEndpointContainer#3-1-C-1] WARN  o.apache.kafka.clients.NetworkClient - [Consumer clientId=consumer-notification-service-5, groupId=notification-service] Connection to node -1 (localhost/127.0.0.1:9092) could not be established. Broker may not be available.
2026-01-11 22:13:57.482 [org.springframework.kafka.KafkaListenerEndpointContainer#3-1-C-1] WARN  o.apache.kafka.clients.NetworkClient - [Consumer clientId=consumer-notification-service-5, groupId=notification-service] Bootstrap broker localhost:9092 (id: -1 rack: null) disconnected
2026-01-11 22:13:57.482 [org.springframework.kafka.KafkaListenerEndpointContainer#3-2-C-1] WARN  o.apache.kafka.clients.NetworkClient - [Consumer clientId=consumer-notification-service-6, groupId=notification-service] Bootstrap broker localhost:9092 (id: -1 rack: null) disconnected
2026-01-11 22:13:57.482 [org.springframework.kafka.KafkaListenerEndpointContainer#1-1-C-1] WARN  o.apache.kafka.clients.NetworkClient - [Consumer clientId=consumer-notification-service-11, groupId=notification-service] Connection to node -1 (localhost/127.0.0.1:9092) could not be established. Broker may not be available.
2026-01-11 22:13:57.482 [org.springframework.kafka.KafkaListenerEndpointContainer#1-2-C-1] WARN  o.apache.kafka.clients.NetworkClient - [Consumer clientId=consumer-notification-service-12, groupId=notification-service] Connection to node -1 (localhost/127.0.0.1:9092) could not be established. Broker may not be available.
2026-01-11 22:13:57.482 [org.springframework.kafka.KafkaListenerEndpointContainer#3-0-C-1] WARN  o.apache.kafka.clients.NetworkClient - [Consumer clientId=consumer-notification-service-4, groupId=notification-service] Connection to node -1 (localhost/127.0.0.1:9092) could not be established. Broker may not be available.
2026-01-11 22:13:57.482 [org.springframework.kafka.KafkaListenerEndpointContainer#1-1-C-1] WARN  o.apache.kafka.clients.NetworkClient - [Consumer clientId=consumer-notification-service-11, groupId=notification-service] Bootstrap broker localhost:9092 (id: -1 rack: null) disconnected
2026-01-11 22:13:57.483 [org.springframework.kafka.KafkaListenerEndpointContainer#3-0-C-1] WARN  o.apache.kafka.clients.NetworkClient - [Consumer clientId=consumer-notification-service-4, groupId=notification-service] Bootstrap broker localhost:9092 (id: -1 rack: null) disconnected
2026-01-11 22:13:57.483 [org.springframework.kafka.KafkaListenerEndpointContainer#1-2-C-1] WARN  o.apache.kafka.clients.NetworkClient - [Consumer clientId=consumer-notification-service-12, groupId=notification-service] Bootstrap broker localhost:9092 (id: -1 rack: null) disconnected
2026-01-11 22:13:57.486 [org.springframework.kafka.KafkaListenerEndpointContainer#3-2-C-1] INFO  o.s.k.c.DefaultKafkaConsumerFactory$ExtendedKafkaConsumer - [Consumer clientId=consumer-notification-service-6, groupId=notification-service] Unsubscribed all topics or patterns and assigned partitions
2026-01-11 22:13:57.486 [org.springframework.kafka.KafkaListenerEndpointContainer#1-1-C-1] INFO  o.s.k.c.DefaultKafkaConsumerFactory$ExtendedKafkaConsumer - [Consumer clientId=consumer-notification-service-11, groupId=notification-service] Unsubscribed all topics or patterns and assigned partitions
2026-01-11 22:13:57.486 [org.springframework.kafka.KafkaListenerEndpointContainer#2-0-C-1] INFO  o.s.k.c.DefaultKafkaConsumerFactory$ExtendedKafkaConsumer - [Consumer clientId=consumer-notification-service-1, groupId=notification-service] Unsubscribed all topics or patterns and assigned partitions
2026-01-11 22:13:57.486 [org.springframework.kafka.KafkaListenerEndpointContainer#2-2-C-1] INFO  o.s.k.c.DefaultKafkaConsumerFactory$ExtendedKafkaConsumer - [Consumer clientId=consumer-notification-service-3, groupId=notification-service] Unsubscribed all topics or patterns and assigned partitions
2026-01-11 22:13:57.486 [org.springframework.kafka.KafkaListenerEndpointContainer#1-2-C-1] INFO  o.s.k.c.DefaultKafkaConsumerFactory$ExtendedKafkaConsumer - [Consumer clientId=consumer-notification-service-12, groupId=notification-service] Unsubscribed all topics or patterns and assigned partitions
2026-01-11 22:13:57.486 [org.springframework.kafka.KafkaListenerEndpointContainer#3-0-C-1] INFO  o.s.k.c.DefaultKafkaConsumerFactory$ExtendedKafkaConsumer - [Consumer clientId=consumer-notification-service-4, groupId=notification-service] Unsubscribed all topics or patterns and assigned partitions
2026-01-11 22:13:57.486 [org.springframework.kafka.KafkaListenerEndpointContainer#0-2-C-1] INFO  o.s.k.c.DefaultKafkaConsumerFactory$ExtendedKafkaConsumer - [Consumer clientId=consumer-notification-service-9, groupId=notification-service] Unsubscribed all topics or patterns and assigned partitions
2026-01-11 22:13:57.486 [org.springframework.kafka.KafkaListenerEndpointContainer#0-1-C-1] INFO  o.s.k.c.DefaultKafkaConsumerFactory$ExtendedKafkaConsumer - [Consumer clientId=consumer-notification-service-8, groupId=notification-service] Unsubscribed all topics or patterns and assigned partitions
2026-01-11 22:13:57.486 [org.springframework.kafka.KafkaListenerEndpointContainer#2-1-C-1] INFO  o.s.k.c.DefaultKafkaConsumerFactory$ExtendedKafkaConsumer - [Consumer clientId=consumer-notification-service-2, groupId=notification-service] Unsubscribed all topics or patterns and assigned partitions
2026-01-11 22:13:57.486 [org.springframework.kafka.KafkaListenerEndpointContainer#0-0-C-1] INFO  o.s.k.c.DefaultKafkaConsumerFactory$ExtendedKafkaConsumer - [Consumer clientId=consumer-notification-service-7, groupId=notification-service] Unsubscribed all topics or patterns and assigned partitions
2026-01-11 22:13:57.486 [org.springframework.kafka.KafkaListenerEndpointContainer#3-1-C-1] INFO  o.s.k.c.DefaultKafkaConsumerFactory$ExtendedKafkaConsumer - [Consumer clientId=consumer-notification-service-5, groupId=notification-service] Unsubscribed all topics or patterns and assigned partitions
2026-01-11 22:13:57.486 [org.springframework.kafka.KafkaListenerEndpointContainer#1-0-C-1] INFO  o.s.k.c.DefaultKafkaConsumerFactory$ExtendedKafkaConsumer - [Consumer clientId=consumer-notification-service-10, groupId=notification-service] Unsubscribed all topics or patterns and assigned partitions
2026-01-11 22:13:57.495 [org.springframework.kafka.KafkaListenerEndpointContainer#1-1-C-1] INFO  o.s.k.l.KafkaMessageListenerContainer - notification-service: Consumer stopped
2026-01-11 22:13:57.501 [org.springframework.kafka.KafkaListenerEndpointContainer#0-1-C-1] INFO  o.s.k.l.KafkaMessageListenerContainer - notification-service: Consumer stopped
2026-01-11 22:13:57.503 [org.springframework.kafka.KafkaListenerEndpointContainer#3-2-C-1] INFO  o.s.k.l.KafkaMessageListenerContainer - notification-service: Consumer stopped
2026-01-11 22:13:57.504 [org.springframework.kafka.KafkaListenerEndpointContainer#0-0-C-1] INFO  o.s.k.l.KafkaMessageListenerContainer - notification-service: Consumer stopped
2026-01-11 22:13:57.505 [org.springframework.kafka.KafkaListenerEndpointContainer#2-0-C-1] INFO  o.s.k.l.KafkaMessageListenerContainer - notification-service: Consumer stopped
2026-01-11 22:13:57.505 [org.springframework.kafka.KafkaListenerEndpointContainer#3-1-C-1] INFO  o.s.k.l.KafkaMessageListenerContainer - notification-service: Consumer stopped
2026-01-11 22:13:57.505 [org.springframework.kafka.KafkaListenerEndpointContainer#2-1-C-1] INFO  o.s.k.l.KafkaMessageListenerContainer - notification-service: Consumer stopped
2026-01-11 22:13:57.505 [org.springframework.kafka.KafkaListenerEndpointContainer#2-2-C-1] INFO  o.s.k.l.KafkaMessageListenerContainer - notification-service: Consumer stopped
2026-01-11 22:13:57.505 [org.springframework.kafka.KafkaListenerEndpointContainer#0-2-C-1] INFO  o.s.k.l.KafkaMessageListenerContainer - notification-service: Consumer stopped
2026-01-11 22:13:57.505 [org.springframework.kafka.KafkaListenerEndpointContainer#1-0-C-1] INFO  o.s.k.l.KafkaMessageListenerContainer - notification-service: Consumer stopped
2026-01-11 22:13:57.506 [org.springframework.kafka.KafkaListenerEndpointContainer#1-2-C-1] INFO  o.s.k.l.KafkaMessageListenerContainer - notification-service: Consumer stopped
2026-01-11 22:13:57.506 [org.springframework.kafka.KafkaListenerEndpointContainer#3-0-C-1] INFO  o.s.k.l.KafkaMessageListenerContainer - notification-service: Consumer stopped
2026-01-11 22:19:36.165 [background-preinit] INFO  o.h.validator.internal.util.Version - HV000001: Hibernate Validator 8.0.1.Final
2026-01-11 22:19:36.188 [main] INFO  c.e.n.NotificationServiceApplication - Starting NotificationServiceApplication using Java 21.0.7 with PID 9740 (C:\dev\order-processing-platform\notification-service\build\classes\java\main started by Kukyo in C:\dev\order-processing-platform)
2026-01-11 22:19:36.188 [main] DEBUG c.e.n.NotificationServiceApplication - Running with Spring Boot v3.2.1, Spring v6.1.2
2026-01-11 22:19:36.189 [main] INFO  c.e.n.NotificationServiceApplication - No active profile set, falling back to 1 default profile: "default"
2026-01-11 22:19:36.769 [main] INFO  o.s.d.r.c.RepositoryConfigurationDelegate - Multiple Spring Data modules found, entering strict repository configuration mode
2026-01-11 22:19:36.769 [main] INFO  o.s.d.r.c.RepositoryConfigurationDelegate - Bootstrapping Spring Data MongoDB repositories in DEFAULT mode.
2026-01-11 22:19:36.853 [main] INFO  o.s.d.r.c.RepositoryConfigurationDelegate - Finished Spring Data repository scanning in 80 ms. Found 2 MongoDB repository interfaces.
2026-01-11 22:19:36.860 [main] INFO  o.s.d.r.c.RepositoryConfigurationDelegate - Multiple Spring Data modules found, entering strict repository configuration mode
2026-01-11 22:19:36.861 [main] INFO  o.s.d.r.c.RepositoryConfigurationDelegate - Bootstrapping Spring Data Redis repositories in DEFAULT mode.
2026-01-11 22:19:36.867 [main] INFO  o.s.d.r.c.RepositoryConfigurationExtensionSupport - Spring Data Redis - Could not safely identify store assignment for repository candidate interface com.ecommerce.notification.repository.NotificationLogRepository; If you want this repository to be a Redis repository, consider annotating your entities with one of these annotations: org.springframework.data.redis.core.RedisHash (preferred), or consider extending one of the following types with your repository: org.springframework.data.keyvalue.repository.KeyValueRepository
2026-01-11 22:19:36.868 [main] INFO  o.s.d.r.c.RepositoryConfigurationExtensionSupport - Spring Data Redis - Could not safely identify store assignment for repository candidate interface com.ecommerce.notification.repository.NotificationTemplateRepository; If you want this repository to be a Redis repository, consider annotating your entities with one of these annotations: org.springframework.data.redis.core.RedisHash (preferred), or consider extending one of the following types with your repository: org.springframework.data.keyvalue.repository.KeyValueRepository
2026-01-11 22:19:36.868 [main] INFO  o.s.d.r.c.RepositoryConfigurationDelegate - Finished Spring Data repository scanning in 3 ms. Found 0 Redis repository interfaces.
2026-01-11 22:19:37.182 [main] INFO  o.s.b.w.e.tomcat.TomcatWebServer - Tomcat initialized with port 8085 (http)
2026-01-11 22:19:37.190 [main] INFO  o.a.coyote.http11.Http11NioProtocol - Initializing ProtocolHandler ["http-nio-8085"]
2026-01-11 22:19:37.191 [main] INFO  o.a.catalina.core.StandardService - Starting service [Tomcat]
2026-01-11 22:19:37.192 [main] INFO  o.a.catalina.core.StandardEngine - Starting Servlet engine: [Apache Tomcat/10.1.17]
2026-01-11 22:19:37.231 [main] INFO  o.a.c.c.C.[Tomcat].[localhost].[/] - Initializing Spring embedded WebApplicationContext
2026-01-11 22:19:37.231 [main] INFO  o.s.b.w.s.c.ServletWebServerApplicationContext - Root WebApplicationContext: initialization completed in 1017 ms
2026-01-11 22:19:37.422 [main] INFO  org.mongodb.driver.client - MongoClient with metadata {"driver": {"name": "mongo-java-driver|sync|spring-boot", "version": "4.11.1"}, "os": {"type": "Windows", "name": "Windows 11", "architecture": "amd64", "version": "10.0"}, "platform": "Java/Oracle Corporation/21.0.7+8-LTS-245"} created with settings MongoClientSettings{readPreference=primary, writeConcern=WriteConcern{w=null, wTimeout=null ms, journal=null}, retryWrites=true, retryReads=true, readConcern=ReadConcern{level=null}, credential=null, transportSettings=null, streamFactoryFactory=null, commandListeners=[io.micrometer.core.instrument.binder.mongodb.MongoMetricsCommandListener@7d3c22a5], codecRegistry=ProvidersCodecRegistry{codecProviders=[ValueCodecProvider{}, BsonValueCodecProvider{}, DBRefCodecProvider{}, DBObjectCodecProvider{}, DocumentCodecProvider{}, CollectionCodecProvider{}, IterableCodecProvider{}, MapCodecProvider{}, GeoJsonCodecProvider{}, GridFSFileCodecProvider{}, Jsr310CodecProvider{}, JsonObjectCodecProvider{}, BsonCodecProvider{}, EnumCodecProvider{}, com.mongodb.client.model.mql.ExpressionCodecProvider@369ad7da, com.mongodb.Jep395RecordCodecProvider@344f9467, com.mongodb.KotlinCodecProvider@3e98b933]}, loggerSettings=LoggerSettings{maxDocumentLength=1000}, clusterSettings={hosts=[localhost:27017], srvServiceName=mongodb, mode=SINGLE, requiredClusterType=UNKNOWN, requiredReplicaSetName='null', serverSelector='null', clusterListeners='[]', serverSelectionTimeout='30000 ms', localThreshold='15 ms'}, socketSettings=SocketSettings{connectTimeoutMS=10000, readTimeoutMS=0, receiveBufferSize=0, proxySettings=ProxySettings{host=null, port=null, username=null, password=null}}, heartbeatSocketSettings=SocketSettings{connectTimeoutMS=10000, readTimeoutMS=10000, receiveBufferSize=0, proxySettings=ProxySettings{host=null, port=null, username=null, password=null}}, connectionPoolSettings=ConnectionPoolSettings{maxSize=100, minSize=0, maxWaitTimeMS=120000, maxConnectionLifeTimeMS=0, maxConnectionIdleTimeMS=0, maintenanceInitialDelayMS=0, maintenanceFrequencyMS=60000, connectionPoolListeners=[io.micrometer.core.instrument.binder.mongodb.MongoMetricsConnectionPoolListener@222d9d4f], maxConnecting=2}, serverSettings=ServerSettings{heartbeatFrequencyMS=10000, minHeartbeatFrequencyMS=500, serverListeners='[]', serverMonitorListeners='[]'}, sslSettings=SslSettings{enabled=false, invalidHostNameAllowed=false, context=null}, applicationName='null', compressorList=[], uuidRepresentation=JAVA_LEGACY, serverApi=null, autoEncryptionSettings=null, dnsClient=null, inetAddressResolver=null, contextProvider=null}
2026-01-11 22:19:37.432 [cluster-ClusterId{value='6963f7c90520c1655dc5a795', description='null'}-localhost:27017] INFO  org.mongodb.driver.cluster - Monitor thread successfully connected to server with description ServerDescription{address=localhost:27017, type=STANDALONE, state=CONNECTED, ok=true, minWireVersion=0, maxWireVersion=21, maxDocumentSize=16777216, logicalSessionTimeoutMinutes=30, roundTripTimeNanos=14696000}
2026-01-11 22:19:38.144 [main] INFO  o.s.b.a.e.web.EndpointLinksResolver - Exposing 1 endpoint(s) beneath base path '/actuator'
2026-01-11 22:19:38.188 [main] INFO  o.a.coyote.http11.Http11NioProtocol - Starting ProtocolHandler ["http-nio-8085"]
2026-01-11 22:19:38.200 [main] INFO  o.s.b.w.e.tomcat.TomcatWebServer - Tomcat started on port 8085 (http) with context path ''
2026-01-11 22:19:38.269 [main] INFO  o.s.k.c.DefaultKafkaConsumerFactory$ExtendedKafkaConsumer - [Consumer clientId=consumer-notification-service-1, groupId=notification-service] Subscribed to topic(s): order.status-changed
2026-01-11 22:19:38.276 [main] INFO  o.s.k.c.DefaultKafkaConsumerFactory$ExtendedKafkaConsumer - [Consumer clientId=consumer-notification-service-2, groupId=notification-service] Subscribed to topic(s): order.status-changed
2026-01-11 22:19:38.282 [main] INFO  o.s.k.c.DefaultKafkaConsumerFactory$ExtendedKafkaConsumer - [Consumer clientId=consumer-notification-service-3, groupId=notification-service] Subscribed to topic(s): order.status-changed
2026-01-11 22:19:38.285 [main] INFO  o.s.k.c.DefaultKafkaConsumerFactory$ExtendedKafkaConsumer - [Consumer clientId=consumer-notification-service-4, groupId=notification-service] Subscribed to topic(s): inventory.reserved
2026-01-11 22:19:38.288 [main] INFO  o.s.k.c.DefaultKafkaConsumerFactory$ExtendedKafkaConsumer - [Consumer clientId=consumer-notification-service-5, groupId=notification-service] Subscribed to topic(s): inventory.reserved
2026-01-11 22:19:38.291 [main] INFO  o.s.k.c.DefaultKafkaConsumerFactory$ExtendedKafkaConsumer - [Consumer clientId=consumer-notification-service-6, groupId=notification-service] Subscribed to topic(s): inventory.reserved
2026-01-11 22:19:38.294 [main] INFO  o.s.k.c.DefaultKafkaConsumerFactory$ExtendedKafkaConsumer - [Consumer clientId=consumer-notification-service-7, groupId=notification-service] Subscribed to topic(s): order.created
2026-01-11 22:19:38.296 [main] INFO  o.s.k.c.DefaultKafkaConsumerFactory$ExtendedKafkaConsumer - [Consumer clientId=consumer-notification-service-8, groupId=notification-service] Subscribed to topic(s): order.created
2026-01-11 22:19:38.298 [main] INFO  o.s.k.c.DefaultKafkaConsumerFactory$ExtendedKafkaConsumer - [Consumer clientId=consumer-notification-service-9, groupId=notification-service] Subscribed to topic(s): order.created
2026-01-11 22:19:38.300 [main] INFO  o.s.k.c.DefaultKafkaConsumerFactory$ExtendedKafkaConsumer - [Consumer clientId=consumer-notification-service-10, groupId=notification-service] Subscribed to topic(s): payment.completed
2026-01-11 22:19:38.304 [main] INFO  o.s.k.c.DefaultKafkaConsumerFactory$ExtendedKafkaConsumer - [Consumer clientId=consumer-notification-service-11, groupId=notification-service] Subscribed to topic(s): payment.completed
2026-01-11 22:19:38.307 [main] INFO  o.s.k.c.DefaultKafkaConsumerFactory$ExtendedKafkaConsumer - [Consumer clientId=consumer-notification-service-12, groupId=notification-service] Subscribed to topic(s): payment.completed
2026-01-11 22:19:38.313 [main] INFO  c.e.n.NotificationServiceApplication - Started NotificationServiceApplication in 2.432 seconds (process running for 2.773)
2026-01-11 22:19:38.388 [main] INFO  c.e.n.config.MongoDBInitializer - 🔄 Initializing MongoDB notification templates...
2026-01-11 22:19:38.440 [main] INFO  c.e.n.config.MongoDBInitializer - ✅ Successfully initialized 4 notification templates
2026-01-11 22:19:38.440 [main] INFO  c.e.n.config.MongoDBInitializer -   - order.created: Ваш заказ №{{orderId}} создан
2026-01-11 22:19:38.440 [main] INFO  c.e.n.config.MongoDBInitializer -   - order.status-changed: Заказ {{orderId}}: статус изменён на «{{status}}»
2026-01-11 22:19:38.440 [main] INFO  c.e.n.config.MongoDBInitializer -   - inventory.reserved: Товары для заказа {{orderId}} зарезервированы
2026-01-11 22:19:38.440 [main] INFO  c.e.n.config.MongoDBInitializer -   - payment.completed: ✅ Оплата заказа {{orderId}} выполнена успешно!
2026-01-11 22:19:38.546 [org.springframework.kafka.KafkaListenerEndpointContainer#1-2-C-1] WARN  o.apache.kafka.clients.NetworkClient - [Consumer clientId=consumer-notification-service-12, groupId=notification-service] Error while fetching metadata with correlation id 2 : {payment.completed=UNKNOWN_TOPIC_OR_PARTITION}
2026-01-11 22:19:38.546 [org.springframework.kafka.KafkaListenerEndpointContainer#2-0-C-1] WARN  o.apache.kafka.clients.NetworkClient - [Consumer clientId=consumer-notification-service-1, groupId=notification-service] Error while fetching metadata with correlation id 2 : {order.status-changed=UNKNOWN_TOPIC_OR_PARTITION}
2026-01-11 22:19:38.546 [org.springframework.kafka.KafkaListenerEndpointContainer#1-0-C-1] WARN  o.apache.kafka.clients.NetworkClient - [Consumer clientId=consumer-notification-service-10, groupId=notification-service] Error while fetching metadata with correlation id 2 : {payment.completed=UNKNOWN_TOPIC_OR_PARTITION}
2026-01-11 22:19:38.546 [org.springframework.kafka.KafkaListenerEndpointContainer#2-2-C-1] WARN  o.apache.kafka.clients.NetworkClient - [Consumer clientId=consumer-notification-service-3, groupId=notification-service] Error while fetching metadata with correlation id 2 : {order.status-changed=UNKNOWN_TOPIC_OR_PARTITION}
2026-01-11 22:19:38.594 [org.springframework.kafka.KafkaListenerEndpointContainer#2-1-C-1] WARN  o.apache.kafka.clients.NetworkClient - [Consumer clientId=consumer-notification-service-2, groupId=notification-service] Error while fetching metadata with correlation id 2 : {order.status-changed=LEADER_NOT_AVAILABLE}
2026-01-11 22:19:38.594 [org.springframework.kafka.KafkaListenerEndpointContainer#1-1-C-1] WARN  o.apache.kafka.clients.NetworkClient - [Consumer clientId=consumer-notification-service-11, groupId=notification-service] Error while fetching metadata with correlation id 2 : {payment.completed=LEADER_NOT_AVAILABLE}
2026-01-11 22:19:38.653 [org.springframework.kafka.KafkaListenerEndpointContainer#1-0-C-1] WARN  o.apache.kafka.clients.NetworkClient - [Consumer clientId=consumer-notification-service-10, groupId=notification-service] Error while fetching metadata with correlation id 7 : {payment.completed=UNKNOWN_TOPIC_OR_PARTITION}
2026-01-11 22:19:38.653 [org.springframework.kafka.KafkaListenerEndpointContainer#2-0-C-1] WARN  o.apache.kafka.clients.NetworkClient - [Consumer clientId=consumer-notification-service-1, groupId=notification-service] Error while fetching metadata with correlation id 7 : {order.status-changed=UNKNOWN_TOPIC_OR_PARTITION}
2026-01-11 22:19:38.675 [org.springframework.kafka.KafkaListenerEndpointContainer#1-2-C-1] WARN  o.apache.kafka.clients.NetworkClient - [Consumer clientId=consumer-notification-service-12, groupId=notification-service] Error while fetching metadata with correlation id 7 : {payment.completed=LEADER_NOT_AVAILABLE}
2026-01-11 22:19:38.675 [org.springframework.kafka.KafkaListenerEndpointContainer#2-2-C-1] WARN  o.apache.kafka.clients.NetworkClient - [Consumer clientId=consumer-notification-service-3, groupId=notification-service] Error while fetching metadata with correlation id 7 : {order.status-changed=LEADER_NOT_AVAILABLE}
2026-01-11 22:19:38.768 [RMI TCP Connection(2)-192.168.1.107] INFO  o.a.c.c.C.[Tomcat].[localhost].[/] - Initializing Spring DispatcherServlet 'dispatcherServlet'
2026-01-11 22:19:38.768 [RMI TCP Connection(2)-192.168.1.107] INFO  o.s.web.servlet.DispatcherServlet - Initializing Servlet 'dispatcherServlet'
2026-01-11 22:19:38.769 [RMI TCP Connection(2)-192.168.1.107] INFO  o.s.web.servlet.DispatcherServlet - Completed initialization in 1 ms
2026-01-11 22:19:38.930 [RMI TCP Connection(3)-192.168.1.107] WARN  o.s.b.a.mail.MailHealthIndicator - Mail health check failed
jakarta.mail.AuthenticationFailedException: failed to connect, no password specified?
	at jakarta.mail.Service.connect(Service.java:376)
	at org.springframework.mail.javamail.JavaMailSenderImpl.connectTransport(JavaMailSenderImpl.java:480)
	at org.springframework.mail.javamail.JavaMailSenderImpl.testConnection(JavaMailSenderImpl.java:360)
	at org.springframework.boot.actuate.mail.MailHealthIndicator.doHealthCheck(MailHealthIndicator.java:52)
	at org.springframework.boot.actuate.health.AbstractHealthIndicator.health(AbstractHealthIndicator.java:82)
	at org.springframework.boot.actuate.health.HealthIndicator.getHealth(HealthIndicator.java:37)
	at org.springframework.boot.actuate.health.HealthEndpoint.getHealth(HealthEndpoint.java:82)
	at org.springframework.boot.actuate.health.HealthEndpoint.getHealth(HealthEndpoint.java:41)
	at org.springframework.boot.actuate.health.HealthEndpointSupport.getLoggedHealth(HealthEndpointSupport.java:172)
	at org.springframework.boot.actuate.health.HealthEndpointSupport.getContribution(HealthEndpointSupport.java:145)
	at org.springframework.boot.actuate.health.HealthEndpointSupport.getAggregateContribution(HealthEndpointSupport.java:156)
	at org.springframework.boot.actuate.health.HealthEndpointSupport.getContribution(HealthEndpointSupport.java:141)
	at org.springframework.boot.actuate.health.HealthEndpointSupport.getHealth(HealthEndpointSupport.java:110)
	at org.springframework.boot.actuate.health.HealthEndpointSupport.getHealth(HealthEndpointSupport.java:81)
	at org.springframework.boot.actuate.health.HealthEndpoint.health(HealthEndpoint.java:76)
	at org.springframework.boot.actuate.health.HealthEndpoint.health(HealthEndpoint.java:66)
	at java.base/jdk.internal.reflect.DirectMethodHandleAccessor.invoke(DirectMethodHandleAccessor.java:103)
	at java.base/java.lang.reflect.Method.invoke(Method.java:580)
	at org.springframework.util.ReflectionUtils.invokeMethod(ReflectionUtils.java:281)
	at org.springframework.boot.actuate.endpoint.invoke.reflect.ReflectiveOperationInvoker.invoke(ReflectiveOperationInvoker.java:74)
	at org.springframework.boot.actuate.endpoint.annotation.AbstractDiscoveredOperation.invoke(AbstractDiscoveredOperation.java:60)
	at org.springframework.boot.actuate.endpoint.jmx.EndpointMBean.invoke(EndpointMBean.java:124)
	at org.springframework.boot.actuate.endpoint.jmx.EndpointMBean.invoke(EndpointMBean.java:97)
	at java.management/com.sun.jmx.interceptor.DefaultMBeanServerInterceptor.invoke(DefaultMBeanServerInterceptor.java:803)
	at java.management/com.sun.jmx.mbeanserver.JmxMBeanServer.invoke(JmxMBeanServer.java:802)
	at java.management.rmi/javax.management.remote.rmi.RMIConnectionImpl.doOperation(RMIConnectionImpl.java:1472)
	at java.management.rmi/javax.management.remote.rmi.RMIConnectionImpl$PrivilegedOperation.run(RMIConnectionImpl.java:1310)
	at java.management.rmi/javax.management.remote.rmi.RMIConnectionImpl.doPrivilegedOperation(RMIConnectionImpl.java:1405)
	at java.management.rmi/javax.management.remote.rmi.RMIConnectionImpl.invoke(RMIConnectionImpl.java:829)
	at java.base/jdk.internal.reflect.DirectMethodHandleAccessor.invoke(DirectMethodHandleAccessor.java:103)
	at java.base/java.lang.reflect.Method.invoke(Method.java:580)
	at java.rmi/sun.rmi.server.UnicastServerRef.dispatch(UnicastServerRef.java:360)
	at java.rmi/sun.rmi.transport.Transport$1.run(Transport.java:200)
	at java.rmi/sun.rmi.transport.Transport$1.run(Transport.java:197)
	at java.base/java.security.AccessController.doPrivileged(AccessController.java:714)
	at java.rmi/sun.rmi.transport.Transport.serviceCall(Transport.java:196)
	at java.rmi/sun.rmi.transport.tcp.TCPTransport.handleMessages(TCPTransport.java:598)
	at java.rmi/sun.rmi.transport.tcp.TCPTransport$ConnectionHandler.run0(TCPTransport.java:844)
	at java.rmi/sun.rmi.transport.tcp.TCPTransport$ConnectionHandler.lambda$run$0(TCPTransport.java:721)
	at java.base/java.security.AccessController.doPrivileged(AccessController.java:400)
	at java.rmi/sun.rmi.transport.tcp.TCPTransport$ConnectionHandler.run(TCPTransport.java:720)
	at java.base/java.util.concurrent.ThreadPoolExecutor.runWorker(ThreadPoolExecutor.java:1144)
	at java.base/java.util.concurrent.ThreadPoolExecutor$Worker.run(ThreadPoolExecutor.java:642)
	at java.base/java.lang.Thread.run(Thread.java:1583)
2026-01-11 22:19:43.298 [http-nio-8085-exec-1] ERROR c.e.n.e.GlobalExceptionHandler - ❌ Unexpected error
org.springframework.web.servlet.resource.NoResourceFoundException: No static resource .
	at org.springframework.web.servlet.resource.ResourceHttpRequestHandler.handleRequest(ResourceHttpRequestHandler.java:585)
	at org.springframework.web.servlet.mvc.HttpRequestHandlerAdapter.handle(HttpRequestHandlerAdapter.java:52)
	at org.springframework.web.servlet.DispatcherServlet.doDispatch(DispatcherServlet.java:1089)
	at org.springframework.web.servlet.DispatcherServlet.doService(DispatcherServlet.java:979)
	at org.springframework.web.servlet.FrameworkServlet.processRequest(FrameworkServlet.java:1014)
	at org.springframework.web.servlet.FrameworkServlet.doGet(FrameworkServlet.java:903)
	at jakarta.servlet.http.HttpServlet.service(HttpServlet.java:564)
	at org.springframework.web.servlet.FrameworkServlet.service(FrameworkServlet.java:885)
	at jakarta.servlet.http.HttpServlet.service(HttpServlet.java:658)
	at org.apache.catalina.core.ApplicationFilterChain.internalDoFilter(ApplicationFilterChain.java:205)
	at org.apache.catalina.core.ApplicationFilterChain.doFilter(ApplicationFilterChain.java:149)
	at org.apache.tomcat.websocket.server.WsFilter.doFilter(WsFilter.java:51)
	at org.apache.catalina.core.ApplicationFilterChain.internalDoFilter(ApplicationFilterChain.java:174)
	at org.apache.catalina.core.ApplicationFilterChain.doFilter(ApplicationFilterChain.java:149)
	at org.springframework.web.filter.RequestContextFilter.doFilterInternal(RequestContextFilter.java:100)
	at org.springframework.web.filter.OncePerRequestFilter.doFilter(OncePerRequestFilter.java:116)
	at org.apache.catalina.core.ApplicationFilterChain.internalDoFilter(ApplicationFilterChain.java:174)
	at org.apache.catalina.core.ApplicationFilterChain.doFilter(ApplicationFilterChain.java:149)
	at org.springframework.web.filter.FormContentFilter.doFilterInternal(FormContentFilter.java:93)
	at org.springframework.web.filter.OncePerRequestFilter.doFilter(OncePerRequestFilter.java:116)
	at org.apache.catalina.core.ApplicationFilterChain.internalDoFilter(ApplicationFilterChain.java:174)
	at org.apache.catalina.core.ApplicationFilterChain.doFilter(ApplicationFilterChain.java:149)
	at org.springframework.web.filter.ServerHttpObservationFilter.doFilterInternal(ServerHttpObservationFilter.java:109)
	at org.springframework.web.filter.OncePerRequestFilter.doFilter(OncePerRequestFilter.java:116)
	at org.apache.catalina.core.ApplicationFilterChain.internalDoFilter(ApplicationFilterChain.java:174)
	at org.apache.catalina.core.ApplicationFilterChain.doFilter(ApplicationFilterChain.java:149)
	at org.springframework.web.filter.CharacterEncodingFilter.doFilterInternal(CharacterEncodingFilter.java:201)
	at org.springframework.web.filter.OncePerRequestFilter.doFilter(OncePerRequestFilter.java:116)
	at org.apache.catalina.core.ApplicationFilterChain.internalDoFilter(ApplicationFilterChain.java:174)
	at org.apache.catalina.core.ApplicationFilterChain.doFilter(ApplicationFilterChain.java:149)
	at org.apache.catalina.core.StandardWrapperValve.invoke(StandardWrapperValve.java:167)
	at org.apache.catalina.core.StandardContextValve.invoke(StandardContextValve.java:90)
	at org.apache.catalina.authenticator.AuthenticatorBase.invoke(AuthenticatorBase.java:482)
	at org.apache.catalina.core.StandardHostValve.invoke(StandardHostValve.java:115)
	at org.apache.catalina.valves.ErrorReportValve.invoke(ErrorReportValve.java:93)
	at org.apache.catalina.core.StandardEngineValve.invoke(StandardEngineValve.java:74)
	at org.apache.catalina.connector.CoyoteAdapter.service(CoyoteAdapter.java:340)
	at org.apache.coyote.http11.Http11Processor.service(Http11Processor.java:391)
	at org.apache.coyote.AbstractProcessorLight.process(AbstractProcessorLight.java:63)
	at org.apache.coyote.AbstractProtocol$ConnectionHandler.process(AbstractProtocol.java:896)
	at org.apache.tomcat.util.net.NioEndpoint$SocketProcessor.doRun(NioEndpoint.java:1744)
	at org.apache.tomcat.util.net.SocketProcessorBase.run(SocketProcessorBase.java:52)
	at org.apache.tomcat.util.threads.ThreadPoolExecutor.runWorker(ThreadPoolExecutor.java:1191)
	at org.apache.tomcat.util.threads.ThreadPoolExecutor$Worker.run(ThreadPoolExecutor.java:659)
	at org.apache.tomcat.util.threads.TaskThread$WrappingRunnable.run(TaskThread.java:61)
	at java.base/java.lang.Thread.run(Thread.java:1583)
2026-01-11 22:19:43.636 [http-nio-8085-exec-3] ERROR c.e.n.e.GlobalExceptionHandler - ❌ Unexpected error
org.springframework.web.servlet.resource.NoResourceFoundException: No static resource favicon.ico.
	at org.springframework.web.servlet.resource.ResourceHttpRequestHandler.handleRequest(ResourceHttpRequestHandler.java:585)
	at org.springframework.web.servlet.mvc.HttpRequestHandlerAdapter.handle(HttpRequestHandlerAdapter.java:52)
	at org.springframework.web.servlet.DispatcherServlet.doDispatch(DispatcherServlet.java:1089)
	at org.springframework.web.servlet.DispatcherServlet.doService(DispatcherServlet.java:979)
	at org.springframework.web.servlet.FrameworkServlet.processRequest(FrameworkServlet.java:1014)
	at org.springframework.web.servlet.FrameworkServlet.doGet(FrameworkServlet.java:903)
	at jakarta.servlet.http.HttpServlet.service(HttpServlet.java:564)
	at org.springframework.web.servlet.FrameworkServlet.service(FrameworkServlet.java:885)
	at jakarta.servlet.http.HttpServlet.service(HttpServlet.java:658)
	at org.apache.catalina.core.ApplicationFilterChain.internalDoFilter(ApplicationFilterChain.java:205)
	at org.apache.catalina.core.ApplicationFilterChain.doFilter(ApplicationFilterChain.java:149)
	at org.apache.tomcat.websocket.server.WsFilter.doFilter(WsFilter.java:51)
	at org.apache.catalina.core.ApplicationFilterChain.internalDoFilter(ApplicationFilterChain.java:174)
	at org.apache.catalina.core.ApplicationFilterChain.doFilter(ApplicationFilterChain.java:149)
	at org.springframework.web.filter.RequestContextFilter.doFilterInternal(RequestContextFilter.java:100)
	at org.springframework.web.filter.OncePerRequestFilter.doFilter(OncePerRequestFilter.java:116)
	at org.apache.catalina.core.ApplicationFilterChain.internalDoFilter(ApplicationFilterChain.java:174)
	at org.apache.catalina.core.ApplicationFilterChain.doFilter(ApplicationFilterChain.java:149)
	at org.springframework.web.filter.FormContentFilter.doFilterInternal(FormContentFilter.java:93)
	at org.springframework.web.filter.OncePerRequestFilter.doFilter(OncePerRequestFilter.java:116)
	at org.apache.catalina.core.ApplicationFilterChain.internalDoFilter(ApplicationFilterChain.java:174)
	at org.apache.catalina.core.ApplicationFilterChain.doFilter(ApplicationFilterChain.java:149)
	at org.springframework.web.filter.ServerHttpObservationFilter.doFilterInternal(ServerHttpObservationFilter.java:109)
	at org.springframework.web.filter.OncePerRequestFilter.doFilter(OncePerRequestFilter.java:116)
	at org.apache.catalina.core.ApplicationFilterChain.internalDoFilter(ApplicationFilterChain.java:174)
	at org.apache.catalina.core.ApplicationFilterChain.doFilter(ApplicationFilterChain.java:149)
	at org.springframework.web.filter.CharacterEncodingFilter.doFilterInternal(CharacterEncodingFilter.java:201)
	at org.springframework.web.filter.OncePerRequestFilter.doFilter(OncePerRequestFilter.java:116)
	at org.apache.catalina.core.ApplicationFilterChain.internalDoFilter(ApplicationFilterChain.java:174)
	at org.apache.catalina.core.ApplicationFilterChain.doFilter(ApplicationFilterChain.java:149)
	at org.apache.catalina.core.StandardWrapperValve.invoke(StandardWrapperValve.java:167)
	at org.apache.catalina.core.StandardContextValve.invoke(StandardContextValve.java:90)
	at org.apache.catalina.authenticator.AuthenticatorBase.invoke(AuthenticatorBase.java:482)
	at org.apache.catalina.core.StandardHostValve.invoke(StandardHostValve.java:115)
	at org.apache.catalina.valves.ErrorReportValve.invoke(ErrorReportValve.java:93)
	at org.apache.catalina.core.StandardEngineValve.invoke(StandardEngineValve.java:74)
	at org.apache.catalina.connector.CoyoteAdapter.service(CoyoteAdapter.java:340)
	at org.apache.coyote.http11.Http11Processor.service(Http11Processor.java:391)
	at org.apache.coyote.AbstractProcessorLight.process(AbstractProcessorLight.java:63)
	at org.apache.coyote.AbstractProtocol$ConnectionHandler.process(AbstractProtocol.java:896)
	at org.apache.tomcat.util.net.NioEndpoint$SocketProcessor.doRun(NioEndpoint.java:1744)
	at org.apache.tomcat.util.net.SocketProcessorBase.run(SocketProcessorBase.java:52)
	at org.apache.tomcat.util.threads.ThreadPoolExecutor.runWorker(ThreadPoolExecutor.java:1191)
	at org.apache.tomcat.util.threads.ThreadPoolExecutor$Worker.run(ThreadPoolExecutor.java:659)
	at org.apache.tomcat.util.threads.TaskThread$WrappingRunnable.run(TaskThread.java:61)
	at java.base/java.lang.Thread.run(Thread.java:1583)
2026-01-11 22:19:44.699 [org.springframework.kafka.KafkaListenerEndpointContainer#0-1-C-1] INFO  o.s.k.l.KafkaMessageListenerContainer - notification-service: partitions assigned: []
2026-01-11 22:19:44.699 [org.springframework.kafka.KafkaListenerEndpointContainer#0-2-C-1] INFO  o.s.k.l.KafkaMessageListenerContainer - notification-service: partitions assigned: []
2026-01-11 22:19:44.699 [org.springframework.kafka.KafkaListenerEndpointContainer#2-1-C-1] INFO  o.s.k.l.KafkaMessageListenerContainer - notification-service: partitions assigned: []
2026-01-11 22:19:44.699 [org.springframework.kafka.KafkaListenerEndpointContainer#3-1-C-1] INFO  o.s.k.l.KafkaMessageListenerContainer - notification-service: partitions assigned: []
2026-01-11 22:19:44.699 [org.springframework.kafka.KafkaListenerEndpointContainer#2-2-C-1] INFO  o.s.k.l.KafkaMessageListenerContainer - notification-service: partitions assigned: []
2026-01-11 22:19:44.699 [org.springframework.kafka.KafkaListenerEndpointContainer#1-2-C-1] INFO  o.s.k.l.KafkaMessageListenerContainer - notification-service: partitions assigned: []
2026-01-11 22:19:44.701 [org.springframework.kafka.KafkaListenerEndpointContainer#1-1-C-1] INFO  o.s.k.l.KafkaMessageListenerContainer - notification-service: partitions assigned: []
2026-01-11 22:19:44.703 [org.springframework.kafka.KafkaListenerEndpointContainer#3-2-C-1] INFO  o.s.k.l.KafkaMessageListenerContainer - notification-service: partitions assigned: []
2026-01-11 22:19:44.736 [org.springframework.kafka.KafkaListenerEndpointContainer#0-0-C-1] INFO  o.s.k.l.KafkaMessageListenerContainer - notification-service: partitions assigned: [order.created-0]
2026-01-11 22:19:44.736 [org.springframework.kafka.KafkaListenerEndpointContainer#3-0-C-1] INFO  o.s.k.l.KafkaMessageListenerContainer - notification-service: partitions assigned: [inventory.reserved-0]
2026-01-11 22:19:44.736 [org.springframework.kafka.KafkaListenerEndpointContainer#2-0-C-1] INFO  o.s.k.l.KafkaMessageListenerContainer - notification-service: partitions assigned: [order.status-changed-0]
2026-01-11 22:19:44.736 [org.springframework.kafka.KafkaListenerEndpointContainer#1-0-C-1] INFO  o.s.k.l.KafkaMessageListenerContainer - notification-service: partitions assigned: [payment.completed-0]
2026-01-11 22:21:31.706 [http-nio-8085-exec-2] WARN  o.s.b.a.mail.MailHealthIndicator - Mail health check failed
jakarta.mail.AuthenticationFailedException: failed to connect, no password specified?
	at jakarta.mail.Service.connect(Service.java:376)
	at org.springframework.mail.javamail.JavaMailSenderImpl.connectTransport(JavaMailSenderImpl.java:480)
	at org.springframework.mail.javamail.JavaMailSenderImpl.testConnection(JavaMailSenderImpl.java:360)
	at org.springframework.boot.actuate.mail.MailHealthIndicator.doHealthCheck(MailHealthIndicator.java:52)
	at org.springframework.boot.actuate.health.AbstractHealthIndicator.health(AbstractHealthIndicator.java:82)
	at org.springframework.boot.actuate.health.HealthIndicator.getHealth(HealthIndicator.java:37)
	at org.springframework.boot.actuate.health.HealthEndpointWebExtension.getHealth(HealthEndpointWebExtension.java:94)
	at org.springframework.boot.actuate.health.HealthEndpointWebExtension.getHealth(HealthEndpointWebExtension.java:47)
	at org.springframework.boot.actuate.health.HealthEndpointSupport.getLoggedHealth(HealthEndpointSupport.java:172)
	at org.springframework.boot.actuate.health.HealthEndpointSupport.getContribution(HealthEndpointSupport.java:145)
	at org.springframework.boot.actuate.health.HealthEndpointSupport.getAggregateContribution(HealthEndpointSupport.java:156)
	at org.springframework.boot.actuate.health.HealthEndpointSupport.getContribution(HealthEndpointSupport.java:141)
	at org.springframework.boot.actuate.health.HealthEndpointSupport.getHealth(HealthEndpointSupport.java:110)
	at org.springframework.boot.actuate.health.HealthEndpointSupport.getHealth(HealthEndpointSupport.java:81)
	at org.springframework.boot.actuate.health.HealthEndpointWebExtension.health(HealthEndpointWebExtension.java:80)
	at org.springframework.boot.actuate.health.HealthEndpointWebExtension.health(HealthEndpointWebExtension.java:69)
	at java.base/jdk.internal.reflect.DirectMethodHandleAccessor.invoke(DirectMethodHandleAccessor.java:103)
	at java.base/java.lang.reflect.Method.invoke(Method.java:580)
	at org.springframework.util.ReflectionUtils.invokeMethod(ReflectionUtils.java:281)
	at org.springframework.boot.actuate.endpoint.invoke.reflect.ReflectiveOperationInvoker.invoke(ReflectiveOperationInvoker.java:74)
	at org.springframework.boot.actuate.endpoint.annotation.AbstractDiscoveredOperation.invoke(AbstractDiscoveredOperation.java:60)
	at org.springframework.boot.actuate.endpoint.web.servlet.AbstractWebMvcEndpointHandlerMapping$ServletWebOperationAdapter.handle(AbstractWebMvcEndpointHandlerMapping.java:321)
	at org.springframework.boot.actuate.endpoint.web.servlet.AbstractWebMvcEndpointHandlerMapping$OperationHandler.handle(AbstractWebMvcEndpointHandlerMapping.java:428)
	at java.base/jdk.internal.reflect.DirectMethodHandleAccessor.invoke(DirectMethodHandleAccessor.java:103)
	at java.base/java.lang.reflect.Method.invoke(Method.java:580)
	at org.springframework.web.method.support.InvocableHandlerMethod.doInvoke(InvocableHandlerMethod.java:262)
	at org.springframework.web.method.support.InvocableHandlerMethod.invokeForRequest(InvocableHandlerMethod.java:190)
	at org.springframework.web.servlet.mvc.method.annotation.ServletInvocableHandlerMethod.invokeAndHandle(ServletInvocableHandlerMethod.java:118)
	at org.springframework.web.servlet.mvc.method.annotation.RequestMappingHandlerAdapter.invokeHandlerMethod(RequestMappingHandlerAdapter.java:917)
	at org.springframework.web.servlet.mvc.method.annotation.RequestMappingHandlerAdapter.handleInternal(RequestMappingHandlerAdapter.java:829)
	at org.springframework.web.servlet.mvc.method.AbstractHandlerMethodAdapter.handle(AbstractHandlerMethodAdapter.java:87)
	at org.springframework.web.servlet.DispatcherServlet.doDispatch(DispatcherServlet.java:1089)
	at org.springframework.web.servlet.DispatcherServlet.doService(DispatcherServlet.java:979)
	at org.springframework.web.servlet.FrameworkServlet.processRequest(FrameworkServlet.java:1014)
	at org.springframework.web.servlet.FrameworkServlet.doGet(FrameworkServlet.java:903)
	at jakarta.servlet.http.HttpServlet.service(HttpServlet.java:564)
	at org.springframework.web.servlet.FrameworkServlet.service(FrameworkServlet.java:885)
	at jakarta.servlet.http.HttpServlet.service(HttpServlet.java:658)
	at org.apache.catalina.core.ApplicationFilterChain.internalDoFilter(ApplicationFilterChain.java:205)
	at org.apache.catalina.core.ApplicationFilterChain.doFilter(ApplicationFilterChain.java:149)
	at org.apache.tomcat.websocket.server.WsFilter.doFilter(WsFilter.java:51)
	at org.apache.catalina.core.ApplicationFilterChain.internalDoFilter(ApplicationFilterChain.java:174)
	at org.apache.catalina.core.ApplicationFilterChain.doFilter(ApplicationFilterChain.java:149)
	at org.springframework.web.filter.RequestContextFilter.doFilterInternal(RequestContextFilter.java:100)
	at org.springframework.web.filter.OncePerRequestFilter.doFilter(OncePerRequestFilter.java:116)
	at org.apache.catalina.core.ApplicationFilterChain.internalDoFilter(ApplicationFilterChain.java:174)
	at org.apache.catalina.core.ApplicationFilterChain.doFilter(ApplicationFilterChain.java:149)
	at org.springframework.web.filter.FormContentFilter.doFilterInternal(FormContentFilter.java:93)
	at org.springframework.web.filter.OncePerRequestFilter.doFilter(OncePerRequestFilter.java:116)
	at org.apache.catalina.core.ApplicationFilterChain.internalDoFilter(ApplicationFilterChain.java:174)
	at org.apache.catalina.core.ApplicationFilterChain.doFilter(ApplicationFilterChain.java:149)
	at org.springframework.web.filter.ServerHttpObservationFilter.doFilterInternal(ServerHttpObservationFilter.java:109)
	at org.springframework.web.filter.OncePerRequestFilter.doFilter(OncePerRequestFilter.java:116)
	at org.apache.catalina.core.ApplicationFilterChain.internalDoFilter(ApplicationFilterChain.java:174)
	at org.apache.catalina.core.ApplicationFilterChain.doFilter(ApplicationFilterChain.java:149)
	at org.springframework.web.filter.CharacterEncodingFilter.doFilterInternal(CharacterEncodingFilter.java:201)
	at org.springframework.web.filter.OncePerRequestFilter.doFilter(OncePerRequestFilter.java:116)
	at org.apache.catalina.core.ApplicationFilterChain.internalDoFilter(ApplicationFilterChain.java:174)
	at org.apache.catalina.core.ApplicationFilterChain.doFilter(ApplicationFilterChain.java:149)
	at org.apache.catalina.core.StandardWrapperValve.invoke(StandardWrapperValve.java:167)
	at org.apache.catalina.core.StandardContextValve.invoke(StandardContextValve.java:90)
	at org.apache.catalina.authenticator.AuthenticatorBase.invoke(AuthenticatorBase.java:482)
	at org.apache.catalina.core.StandardHostValve.invoke(StandardHostValve.java:115)
	at org.apache.catalina.valves.ErrorReportValve.invoke(ErrorReportValve.java:93)
	at org.apache.catalina.core.StandardEngineValve.invoke(StandardEngineValve.java:74)
	at org.apache.catalina.connector.CoyoteAdapter.service(CoyoteAdapter.java:340)
	at org.apache.coyote.http11.Http11Processor.service(Http11Processor.java:391)
	at org.apache.coyote.AbstractProcessorLight.process(AbstractProcessorLight.java:63)
	at org.apache.coyote.AbstractProtocol$ConnectionHandler.process(AbstractProtocol.java:896)
	at org.apache.tomcat.util.net.NioEndpoint$SocketProcessor.doRun(NioEndpoint.java:1744)
	at org.apache.tomcat.util.net.SocketProcessorBase.run(SocketProcessorBase.java:52)
	at org.apache.tomcat.util.threads.ThreadPoolExecutor.runWorker(ThreadPoolExecutor.java:1191)
	at org.apache.tomcat.util.threads.ThreadPoolExecutor$Worker.run(ThreadPoolExecutor.java:659)
	at org.apache.tomcat.util.threads.TaskThread$WrappingRunnable.run(TaskThread.java:61)
	at java.base/java.lang.Thread.run(Thread.java:1583)
2026-01-11 22:21:31.756 [http-nio-8085-exec-5] ERROR c.e.n.e.GlobalExceptionHandler - ❌ Unexpected error
org.springframework.web.servlet.resource.NoResourceFoundException: No static resource favicon.ico.
	at org.springframework.web.servlet.resource.ResourceHttpRequestHandler.handleRequest(ResourceHttpRequestHandler.java:585)
	at org.springframework.web.servlet.mvc.HttpRequestHandlerAdapter.handle(HttpRequestHandlerAdapter.java:52)
	at org.springframework.web.servlet.DispatcherServlet.doDispatch(DispatcherServlet.java:1089)
	at org.springframework.web.servlet.DispatcherServlet.doService(DispatcherServlet.java:979)
	at org.springframework.web.servlet.FrameworkServlet.processRequest(FrameworkServlet.java:1014)
	at org.springframework.web.servlet.FrameworkServlet.doGet(FrameworkServlet.java:903)
	at jakarta.servlet.http.HttpServlet.service(HttpServlet.java:564)
	at org.springframework.web.servlet.FrameworkServlet.service(FrameworkServlet.java:885)
	at jakarta.servlet.http.HttpServlet.service(HttpServlet.java:658)
	at org.apache.catalina.core.ApplicationFilterChain.internalDoFilter(ApplicationFilterChain.java:205)
	at org.apache.catalina.core.ApplicationFilterChain.doFilter(ApplicationFilterChain.java:149)
	at org.apache.tomcat.websocket.server.WsFilter.doFilter(WsFilter.java:51)
	at org.apache.catalina.core.ApplicationFilterChain.internalDoFilter(ApplicationFilterChain.java:174)
	at org.apache.catalina.core.ApplicationFilterChain.doFilter(ApplicationFilterChain.java:149)
	at org.springframework.web.filter.RequestContextFilter.doFilterInternal(RequestContextFilter.java:100)
	at org.springframework.web.filter.OncePerRequestFilter.doFilter(OncePerRequestFilter.java:116)
	at org.apache.catalina.core.ApplicationFilterChain.internalDoFilter(ApplicationFilterChain.java:174)
	at org.apache.catalina.core.ApplicationFilterChain.doFilter(ApplicationFilterChain.java:149)
	at org.springframework.web.filter.FormContentFilter.doFilterInternal(FormContentFilter.java:93)
	at org.springframework.web.filter.OncePerRequestFilter.doFilter(OncePerRequestFilter.java:116)
	at org.apache.catalina.core.ApplicationFilterChain.internalDoFilter(ApplicationFilterChain.java:174)
	at org.apache.catalina.core.ApplicationFilterChain.doFilter(ApplicationFilterChain.java:149)
	at org.springframework.web.filter.ServerHttpObservationFilter.doFilterInternal(ServerHttpObservationFilter.java:109)
	at org.springframework.web.filter.OncePerRequestFilter.doFilter(OncePerRequestFilter.java:116)
	at org.apache.catalina.core.ApplicationFilterChain.internalDoFilter(ApplicationFilterChain.java:174)
	at org.apache.catalina.core.ApplicationFilterChain.doFilter(ApplicationFilterChain.java:149)
	at org.springframework.web.filter.CharacterEncodingFilter.doFilterInternal(CharacterEncodingFilter.java:201)
	at org.springframework.web.filter.OncePerRequestFilter.doFilter(OncePerRequestFilter.java:116)
	at org.apache.catalina.core.ApplicationFilterChain.internalDoFilter(ApplicationFilterChain.java:174)
	at org.apache.catalina.core.ApplicationFilterChain.doFilter(ApplicationFilterChain.java:149)
	at org.apache.catalina.core.StandardWrapperValve.invoke(StandardWrapperValve.java:167)
	at org.apache.catalina.core.StandardContextValve.invoke(StandardContextValve.java:90)
	at org.apache.catalina.authenticator.AuthenticatorBase.invoke(AuthenticatorBase.java:482)
	at org.apache.catalina.core.StandardHostValve.invoke(StandardHostValve.java:115)
	at org.apache.catalina.valves.ErrorReportValve.invoke(ErrorReportValve.java:93)
	at org.apache.catalina.core.StandardEngineValve.invoke(StandardEngineValve.java:74)
	at org.apache.catalina.connector.CoyoteAdapter.service(CoyoteAdapter.java:340)
	at org.apache.coyote.http11.Http11Processor.service(Http11Processor.java:391)
	at org.apache.coyote.AbstractProcessorLight.process(AbstractProcessorLight.java:63)
	at org.apache.coyote.AbstractProtocol$ConnectionHandler.process(AbstractProtocol.java:896)
	at org.apache.tomcat.util.net.NioEndpoint$SocketProcessor.doRun(NioEndpoint.java:1744)
	at org.apache.tomcat.util.net.SocketProcessorBase.run(SocketProcessorBase.java:52)
	at org.apache.tomcat.util.threads.ThreadPoolExecutor.runWorker(ThreadPoolExecutor.java:1191)
	at org.apache.tomcat.util.threads.ThreadPoolExecutor$Worker.run(ThreadPoolExecutor.java:659)
	at org.apache.tomcat.util.threads.TaskThread$WrappingRunnable.run(TaskThread.java:61)
	at java.base/java.lang.Thread.run(Thread.java:1583)
2026-01-11 22:21:36.113 [org.springframework.kafka.KafkaListenerEndpointContainer#3-0-C-1] INFO  o.s.k.l.KafkaMessageListenerContainer - notification-service: partitions revoked: [inventory.reserved-0]
2026-01-11 22:21:36.113 [org.springframework.kafka.KafkaListenerEndpointContainer#0-0-C-1] INFO  o.s.k.l.KafkaMessageListenerContainer - notification-service: partitions revoked: [order.created-0]
2026-01-11 22:21:36.114 [org.springframework.kafka.KafkaListenerEndpointContainer#3-1-C-1] INFO  o.s.k.c.DefaultKafkaConsumerFactory$ExtendedKafkaConsumer - [Consumer clientId=consumer-notification-service-5, groupId=notification-service] Unsubscribed all topics or patterns and assigned partitions
2026-01-11 22:21:36.114 [org.springframework.kafka.KafkaListenerEndpointContainer#3-0-C-1] INFO  o.s.k.c.DefaultKafkaConsumerFactory$ExtendedKafkaConsumer - [Consumer clientId=consumer-notification-service-4, groupId=notification-service] Unsubscribed all topics or patterns and assigned partitions
2026-01-11 22:21:36.114 [org.springframework.kafka.KafkaListenerEndpointContainer#3-2-C-1] INFO  o.s.k.c.DefaultKafkaConsumerFactory$ExtendedKafkaConsumer - [Consumer clientId=consumer-notification-service-6, groupId=notification-service] Unsubscribed all topics or patterns and assigned partitions
2026-01-11 22:21:36.114 [org.springframework.kafka.KafkaListenerEndpointContainer#1-2-C-1] INFO  o.s.k.c.DefaultKafkaConsumerFactory$ExtendedKafkaConsumer - [Consumer clientId=consumer-notification-service-12, groupId=notification-service] Unsubscribed all topics or patterns and assigned partitions
2026-01-11 22:21:36.113 [org.springframework.kafka.KafkaListenerEndpointContainer#2-0-C-1] INFO  o.s.k.l.KafkaMessageListenerContainer - notification-service: partitions revoked: [order.status-changed-0]
2026-01-11 22:21:36.113 [org.springframework.kafka.KafkaListenerEndpointContainer#1-0-C-1] INFO  o.s.k.l.KafkaMessageListenerContainer - notification-service: partitions revoked: [payment.completed-0]
2026-01-11 22:21:36.116 [org.springframework.kafka.KafkaListenerEndpointContainer#2-2-C-1] INFO  o.s.k.c.DefaultKafkaConsumerFactory$ExtendedKafkaConsumer - [Consumer clientId=consumer-notification-service-3, groupId=notification-service] Unsubscribed all topics or patterns and assigned partitions
2026-01-11 22:21:36.114 [org.springframework.kafka.KafkaListenerEndpointContainer#0-2-C-1] INFO  o.s.k.c.DefaultKafkaConsumerFactory$ExtendedKafkaConsumer - [Consumer clientId=consumer-notification-service-9, groupId=notification-service] Unsubscribed all topics or patterns and assigned partitions
2026-01-11 22:21:36.114 [org.springframework.kafka.KafkaListenerEndpointContainer#0-0-C-1] INFO  o.s.k.c.DefaultKafkaConsumerFactory$ExtendedKafkaConsumer - [Consumer clientId=consumer-notification-service-7, groupId=notification-service] Unsubscribed all topics or patterns and assigned partitions
2026-01-11 22:21:36.115 [org.springframework.kafka.KafkaListenerEndpointContainer#0-1-C-1] INFO  o.s.k.c.DefaultKafkaConsumerFactory$ExtendedKafkaConsumer - [Consumer clientId=consumer-notification-service-8, groupId=notification-service] Unsubscribed all topics or patterns and assigned partitions
2026-01-11 22:21:36.115 [org.springframework.kafka.KafkaListenerEndpointContainer#1-1-C-1] INFO  o.s.k.c.DefaultKafkaConsumerFactory$ExtendedKafkaConsumer - [Consumer clientId=consumer-notification-service-11, groupId=notification-service] Unsubscribed all topics or patterns and assigned partitions
2026-01-11 22:21:36.116 [org.springframework.kafka.KafkaListenerEndpointContainer#1-0-C-1] INFO  o.s.k.c.DefaultKafkaConsumerFactory$ExtendedKafkaConsumer - [Consumer clientId=consumer-notification-service-10, groupId=notification-service] Unsubscribed all topics or patterns and assigned partitions
2026-01-11 22:21:36.116 [org.springframework.kafka.KafkaListenerEndpointContainer#2-0-C-1] INFO  o.s.k.c.DefaultKafkaConsumerFactory$ExtendedKafkaConsumer - [Consumer clientId=consumer-notification-service-1, groupId=notification-service] Unsubscribed all topics or patterns and assigned partitions
2026-01-11 22:21:36.116 [org.springframework.kafka.KafkaListenerEndpointContainer#2-1-C-1] INFO  o.s.k.c.DefaultKafkaConsumerFactory$ExtendedKafkaConsumer - [Consumer clientId=consumer-notification-service-2, groupId=notification-service] Unsubscribed all topics or patterns and assigned partitions
2026-01-11 22:21:36.166 [org.springframework.kafka.KafkaListenerEndpointContainer#0-1-C-1] INFO  o.s.k.l.KafkaMessageListenerContainer - notification-service: Consumer stopped
2026-01-11 22:21:36.167 [org.springframework.kafka.KafkaListenerEndpointContainer#0-2-C-1] INFO  o.s.k.l.KafkaMessageListenerContainer - notification-service: Consumer stopped
2026-01-11 22:21:36.166 [org.springframework.kafka.KafkaListenerEndpointContainer#2-1-C-1] INFO  o.s.k.l.KafkaMessageListenerContainer - notification-service: Consumer stopped
2026-01-11 22:21:36.167 [org.springframework.kafka.KafkaListenerEndpointContainer#3-2-C-1] INFO  o.s.k.l.KafkaMessageListenerContainer - notification-service: Consumer stopped
2026-01-11 22:21:36.169 [org.springframework.kafka.KafkaListenerEndpointContainer#3-1-C-1] INFO  o.s.k.l.KafkaMessageListenerContainer - notification-service: Consumer stopped
2026-01-11 22:21:36.170 [org.springframework.kafka.KafkaListenerEndpointContainer#2-2-C-1] INFO  o.s.k.l.KafkaMessageListenerContainer - notification-service: Consumer stopped
2026-01-11 22:21:36.171 [org.springframework.kafka.KafkaListenerEndpointContainer#1-2-C-1] INFO  o.s.k.l.KafkaMessageListenerContainer - notification-service: Consumer stopped
2026-01-11 22:21:36.171 [org.springframework.kafka.KafkaListenerEndpointContainer#1-1-C-1] INFO  o.s.k.l.KafkaMessageListenerContainer - notification-service: Consumer stopped
2026-01-11 22:21:36.457 [org.springframework.kafka.KafkaListenerEndpointContainer#3-0-C-1] INFO  o.s.k.l.KafkaMessageListenerContainer - notification-service: Consumer stopped
2026-01-11 22:21:36.462 [org.springframework.kafka.KafkaListenerEndpointContainer#1-0-C-1] INFO  o.s.k.l.KafkaMessageListenerContainer - notification-service: Consumer stopped
2026-01-11 22:21:36.464 [org.springframework.kafka.KafkaListenerEndpointContainer#0-0-C-1] INFO  o.s.k.l.KafkaMessageListenerContainer - notification-service: Consumer stopped
2026-01-11 22:21:36.465 [org.springframework.kafka.KafkaListenerEndpointContainer#2-0-C-1] INFO  o.s.k.l.KafkaMessageListenerContainer - notification-service: Consumer stopped
2026-01-11 22:21:51.583 [background-preinit] INFO  o.h.validator.internal.util.Version - HV000001: Hibernate Validator 8.0.1.Final
2026-01-11 22:21:51.603 [main] INFO  c.e.n.NotificationServiceApplication - Starting NotificationServiceApplication using Java 21.0.7 with PID 31020 (C:\dev\order-processing-platform\notification-service\build\classes\java\main started by Kukyo in C:\dev\order-processing-platform)
2026-01-11 22:21:51.604 [main] DEBUG c.e.n.NotificationServiceApplication - Running with Spring Boot v3.2.1, Spring v6.1.2
2026-01-11 22:21:51.604 [main] INFO  c.e.n.NotificationServiceApplication - No active profile set, falling back to 1 default profile: "default"
2026-01-11 22:21:52.216 [main] INFO  o.s.d.r.c.RepositoryConfigurationDelegate - Multiple Spring Data modules found, entering strict repository configuration mode
2026-01-11 22:21:52.216 [main] INFO  o.s.d.r.c.RepositoryConfigurationDelegate - Bootstrapping Spring Data MongoDB repositories in DEFAULT mode.
2026-01-11 22:21:52.301 [main] INFO  o.s.d.r.c.RepositoryConfigurationDelegate - Finished Spring Data repository scanning in 81 ms. Found 2 MongoDB repository interfaces.
2026-01-11 22:21:52.307 [main] INFO  o.s.d.r.c.RepositoryConfigurationDelegate - Multiple Spring Data modules found, entering strict repository configuration mode
2026-01-11 22:21:52.309 [main] INFO  o.s.d.r.c.RepositoryConfigurationDelegate - Bootstrapping Spring Data Redis repositories in DEFAULT mode.
2026-01-11 22:21:52.316 [main] INFO  o.s.d.r.c.RepositoryConfigurationExtensionSupport - Spring Data Redis - Could not safely identify store assignment for repository candidate interface com.ecommerce.notification.repository.NotificationLogRepository; If you want this repository to be a Redis repository, consider annotating your entities with one of these annotations: org.springframework.data.redis.core.RedisHash (preferred), or consider extending one of the following types with your repository: org.springframework.data.keyvalue.repository.KeyValueRepository
2026-01-11 22:21:52.316 [main] INFO  o.s.d.r.c.RepositoryConfigurationExtensionSupport - Spring Data Redis - Could not safely identify store assignment for repository candidate interface com.ecommerce.notification.repository.NotificationTemplateRepository; If you want this repository to be a Redis repository, consider annotating your entities with one of these annotations: org.springframework.data.redis.core.RedisHash (preferred), or consider extending one of the following types with your repository: org.springframework.data.keyvalue.repository.KeyValueRepository
2026-01-11 22:21:52.316 [main] INFO  o.s.d.r.c.RepositoryConfigurationDelegate - Finished Spring Data repository scanning in 3 ms. Found 0 Redis repository interfaces.
2026-01-11 22:21:52.601 [main] INFO  o.s.b.w.e.tomcat.TomcatWebServer - Tomcat initialized with port 8085 (http)
2026-01-11 22:21:52.607 [main] INFO  o.a.coyote.http11.Http11NioProtocol - Initializing ProtocolHandler ["http-nio-8085"]
2026-01-11 22:21:52.608 [main] INFO  o.a.catalina.core.StandardService - Starting service [Tomcat]
2026-01-11 22:21:52.608 [main] INFO  o.a.catalina.core.StandardEngine - Starting Servlet engine: [Apache Tomcat/10.1.17]
2026-01-11 22:21:52.646 [main] INFO  o.a.c.c.C.[Tomcat].[localhost].[/] - Initializing Spring embedded WebApplicationContext
2026-01-11 22:21:52.646 [main] INFO  o.s.b.w.s.c.ServletWebServerApplicationContext - Root WebApplicationContext: initialization completed in 1016 ms
2026-01-11 22:21:52.886 [main] INFO  org.mongodb.driver.client - MongoClient with metadata {"driver": {"name": "mongo-java-driver|sync|spring-boot", "version": "4.11.1"}, "os": {"type": "Windows", "name": "Windows 11", "architecture": "amd64", "version": "10.0"}, "platform": "Java/Oracle Corporation/21.0.7+8-LTS-245"} created with settings MongoClientSettings{readPreference=primary, writeConcern=WriteConcern{w=null, wTimeout=null ms, journal=null}, retryWrites=true, retryReads=true, readConcern=ReadConcern{level=null}, credential=null, transportSettings=null, streamFactoryFactory=null, commandListeners=[io.micrometer.core.instrument.binder.mongodb.MongoMetricsCommandListener@27db45f], codecRegistry=ProvidersCodecRegistry{codecProviders=[ValueCodecProvider{}, BsonValueCodecProvider{}, DBRefCodecProvider{}, DBObjectCodecProvider{}, DocumentCodecProvider{}, CollectionCodecProvider{}, IterableCodecProvider{}, MapCodecProvider{}, GeoJsonCodecProvider{}, GridFSFileCodecProvider{}, Jsr310CodecProvider{}, JsonObjectCodecProvider{}, BsonCodecProvider{}, EnumCodecProvider{}, com.mongodb.client.model.mql.ExpressionCodecProvider@6ec3d8e4, com.mongodb.Jep395RecordCodecProvider@1aeff8ca, com.mongodb.KotlinCodecProvider@7f2c995b]}, loggerSettings=LoggerSettings{maxDocumentLength=1000}, clusterSettings={hosts=[localhost:27017], srvServiceName=mongodb, mode=SINGLE, requiredClusterType=UNKNOWN, requiredReplicaSetName='null', serverSelector='null', clusterListeners='[]', serverSelectionTimeout='30000 ms', localThreshold='15 ms'}, socketSettings=SocketSettings{connectTimeoutMS=10000, readTimeoutMS=0, receiveBufferSize=0, proxySettings=ProxySettings{host=null, port=null, username=null, password=null}}, heartbeatSocketSettings=SocketSettings{connectTimeoutMS=10000, readTimeoutMS=10000, receiveBufferSize=0, proxySettings=ProxySettings{host=null, port=null, username=null, password=null}}, connectionPoolSettings=ConnectionPoolSettings{maxSize=100, minSize=0, maxWaitTimeMS=120000, maxConnectionLifeTimeMS=0, maxConnectionIdleTimeMS=0, maintenanceInitialDelayMS=0, maintenanceFrequencyMS=60000, connectionPoolListeners=[io.micrometer.core.instrument.binder.mongodb.MongoMetricsConnectionPoolListener@101c15ad], maxConnecting=2}, serverSettings=ServerSettings{heartbeatFrequencyMS=10000, minHeartbeatFrequencyMS=500, serverListeners='[]', serverMonitorListeners='[]'}, sslSettings=SslSettings{enabled=false, invalidHostNameAllowed=false, context=null}, applicationName='null', compressorList=[], uuidRepresentation=JAVA_LEGACY, serverApi=null, autoEncryptionSettings=null, dnsClient=null, inetAddressResolver=null, contextProvider=null}
2026-01-11 22:21:52.896 [cluster-ClusterId{value='6963f850a615e33445a2e2d0', description='null'}-localhost:27017] INFO  org.mongodb.driver.cluster - Monitor thread successfully connected to server with description ServerDescription{address=localhost:27017, type=STANDALONE, state=CONNECTED, ok=true, minWireVersion=0, maxWireVersion=21, maxDocumentSize=16777216, logicalSessionTimeoutMinutes=30, roundTripTimeNanos=13564700}
2026-01-11 22:21:53.649 [main] INFO  o.s.b.a.e.web.EndpointLinksResolver - Exposing 1 endpoint(s) beneath base path '/actuator'
2026-01-11 22:21:53.700 [main] INFO  o.a.coyote.http11.Http11NioProtocol - Starting ProtocolHandler ["http-nio-8085"]
2026-01-11 22:21:53.711 [main] INFO  o.s.b.w.e.tomcat.TomcatWebServer - Tomcat started on port 8085 (http) with context path ''
2026-01-11 22:21:53.787 [main] INFO  o.s.k.c.DefaultKafkaConsumerFactory$ExtendedKafkaConsumer - [Consumer clientId=consumer-notification-service-1, groupId=notification-service] Subscribed to topic(s): inventory.reserved
2026-01-11 22:21:53.797 [main] INFO  o.s.k.c.DefaultKafkaConsumerFactory$ExtendedKafkaConsumer - [Consumer clientId=consumer-notification-service-2, groupId=notification-service] Subscribed to topic(s): inventory.reserved
2026-01-11 22:21:53.805 [main] INFO  o.s.k.c.DefaultKafkaConsumerFactory$ExtendedKafkaConsumer - [Consumer clientId=consumer-notification-service-3, groupId=notification-service] Subscribed to topic(s): inventory.reserved
2026-01-11 22:21:53.816 [main] INFO  o.s.k.c.DefaultKafkaConsumerFactory$ExtendedKafkaConsumer - [Consumer clientId=consumer-notification-service-4, groupId=notification-service] Subscribed to topic(s): payment.completed
2026-01-11 22:21:53.821 [main] INFO  o.s.k.c.DefaultKafkaConsumerFactory$ExtendedKafkaConsumer - [Consumer clientId=consumer-notification-service-5, groupId=notification-service] Subscribed to topic(s): payment.completed
2026-01-11 22:21:53.823 [main] INFO  o.s.k.c.DefaultKafkaConsumerFactory$ExtendedKafkaConsumer - [Consumer clientId=consumer-notification-service-6, groupId=notification-service] Subscribed to topic(s): payment.completed
2026-01-11 22:21:53.826 [main] INFO  o.s.k.c.DefaultKafkaConsumerFactory$ExtendedKafkaConsumer - [Consumer clientId=consumer-notification-service-7, groupId=notification-service] Subscribed to topic(s): order.created
2026-01-11 22:21:53.829 [main] INFO  o.s.k.c.DefaultKafkaConsumerFactory$ExtendedKafkaConsumer - [Consumer clientId=consumer-notification-service-8, groupId=notification-service] Subscribed to topic(s): order.created
2026-01-11 22:21:53.831 [main] INFO  o.s.k.c.DefaultKafkaConsumerFactory$ExtendedKafkaConsumer - [Consumer clientId=consumer-notification-service-9, groupId=notification-service] Subscribed to topic(s): order.created
2026-01-11 22:21:53.835 [main] INFO  o.s.k.c.DefaultKafkaConsumerFactory$ExtendedKafkaConsumer - [Consumer clientId=consumer-notification-service-10, groupId=notification-service] Subscribed to topic(s): order.status-changed
2026-01-11 22:21:53.837 [main] INFO  o.s.k.c.DefaultKafkaConsumerFactory$ExtendedKafkaConsumer - [Consumer clientId=consumer-notification-service-11, groupId=notification-service] Subscribed to topic(s): order.status-changed
2026-01-11 22:21:53.840 [main] INFO  o.s.k.c.DefaultKafkaConsumerFactory$ExtendedKafkaConsumer - [Consumer clientId=consumer-notification-service-12, groupId=notification-service] Subscribed to topic(s): order.status-changed
2026-01-11 22:21:53.847 [main] INFO  c.e.n.NotificationServiceApplication - Started NotificationServiceApplication in 2.554 seconds (process running for 2.899)
2026-01-11 22:21:53.907 [main] INFO  c.e.n.config.MongoDBInitializer - 📦 MongoDB templates already initialized. Count: 4
2026-01-11 22:21:54.239 [RMI TCP Connection(1)-192.168.1.107] INFO  o.a.c.c.C.[Tomcat].[localhost].[/] - Initializing Spring DispatcherServlet 'dispatcherServlet'
2026-01-11 22:21:54.240 [RMI TCP Connection(1)-192.168.1.107] INFO  o.s.web.servlet.DispatcherServlet - Initializing Servlet 'dispatcherServlet'
2026-01-11 22:21:54.240 [RMI TCP Connection(1)-192.168.1.107] INFO  o.s.web.servlet.DispatcherServlet - Completed initialization in 0 ms
2026-01-11 22:21:54.361 [RMI TCP Connection(2)-192.168.1.107] WARN  o.s.b.a.mail.MailHealthIndicator - Mail health check failed
jakarta.mail.AuthenticationFailedException: failed to connect, no password specified?
	at jakarta.mail.Service.connect(Service.java:376)
	at org.springframework.mail.javamail.JavaMailSenderImpl.connectTransport(JavaMailSenderImpl.java:480)
	at org.springframework.mail.javamail.JavaMailSenderImpl.testConnection(JavaMailSenderImpl.java:360)
	at org.springframework.boot.actuate.mail.MailHealthIndicator.doHealthCheck(MailHealthIndicator.java:52)
	at org.springframework.boot.actuate.health.AbstractHealthIndicator.health(AbstractHealthIndicator.java:82)
	at org.springframework.boot.actuate.health.HealthIndicator.getHealth(HealthIndicator.java:37)
	at org.springframework.boot.actuate.health.HealthEndpoint.getHealth(HealthEndpoint.java:82)
	at org.springframework.boot.actuate.health.HealthEndpoint.getHealth(HealthEndpoint.java:41)
	at org.springframework.boot.actuate.health.HealthEndpointSupport.getLoggedHealth(HealthEndpointSupport.java:172)
	at org.springframework.boot.actuate.health.HealthEndpointSupport.getContribution(HealthEndpointSupport.java:145)
	at org.springframework.boot.actuate.health.HealthEndpointSupport.getAggregateContribution(HealthEndpointSupport.java:156)
	at org.springframework.boot.actuate.health.HealthEndpointSupport.getContribution(HealthEndpointSupport.java:141)
	at org.springframework.boot.actuate.health.HealthEndpointSupport.getHealth(HealthEndpointSupport.java:110)
	at org.springframework.boot.actuate.health.HealthEndpointSupport.getHealth(HealthEndpointSupport.java:81)
	at org.springframework.boot.actuate.health.HealthEndpoint.health(HealthEndpoint.java:76)
	at org.springframework.boot.actuate.health.HealthEndpoint.health(HealthEndpoint.java:66)
	at java.base/jdk.internal.reflect.DirectMethodHandleAccessor.invoke(DirectMethodHandleAccessor.java:103)
	at java.base/java.lang.reflect.Method.invoke(Method.java:580)
	at org.springframework.util.ReflectionUtils.invokeMethod(ReflectionUtils.java:281)
	at org.springframework.boot.actuate.endpoint.invoke.reflect.ReflectiveOperationInvoker.invoke(ReflectiveOperationInvoker.java:74)
	at org.springframework.boot.actuate.endpoint.annotation.AbstractDiscoveredOperation.invoke(AbstractDiscoveredOperation.java:60)
	at org.springframework.boot.actuate.endpoint.jmx.EndpointMBean.invoke(EndpointMBean.java:124)
	at org.springframework.boot.actuate.endpoint.jmx.EndpointMBean.invoke(EndpointMBean.java:97)
	at java.management/com.sun.jmx.interceptor.DefaultMBeanServerInterceptor.invoke(DefaultMBeanServerInterceptor.java:803)
	at java.management/com.sun.jmx.mbeanserver.JmxMBeanServer.invoke(JmxMBeanServer.java:802)
	at java.management.rmi/javax.management.remote.rmi.RMIConnectionImpl.doOperation(RMIConnectionImpl.java:1472)
	at java.management.rmi/javax.management.remote.rmi.RMIConnectionImpl$PrivilegedOperation.run(RMIConnectionImpl.java:1310)
	at java.management.rmi/javax.management.remote.rmi.RMIConnectionImpl.doPrivilegedOperation(RMIConnectionImpl.java:1405)
	at java.management.rmi/javax.management.remote.rmi.RMIConnectionImpl.invoke(RMIConnectionImpl.java:829)
	at java.base/jdk.internal.reflect.DirectMethodHandleAccessor.invoke(DirectMethodHandleAccessor.java:103)
	at java.base/java.lang.reflect.Method.invoke(Method.java:580)
	at java.rmi/sun.rmi.server.UnicastServerRef.dispatch(UnicastServerRef.java:360)
	at java.rmi/sun.rmi.transport.Transport$1.run(Transport.java:200)
	at java.rmi/sun.rmi.transport.Transport$1.run(Transport.java:197)
	at java.base/java.security.AccessController.doPrivileged(AccessController.java:714)
	at java.rmi/sun.rmi.transport.Transport.serviceCall(Transport.java:196)
	at java.rmi/sun.rmi.transport.tcp.TCPTransport.handleMessages(TCPTransport.java:598)
	at java.rmi/sun.rmi.transport.tcp.TCPTransport$ConnectionHandler.run0(TCPTransport.java:844)
	at java.rmi/sun.rmi.transport.tcp.TCPTransport$ConnectionHandler.lambda$run$0(TCPTransport.java:721)
	at java.base/java.security.AccessController.doPrivileged(AccessController.java:400)
	at java.rmi/sun.rmi.transport.tcp.TCPTransport$ConnectionHandler.run(TCPTransport.java:720)
	at java.base/java.util.concurrent.ThreadPoolExecutor.runWorker(ThreadPoolExecutor.java:1144)
	at java.base/java.util.concurrent.ThreadPoolExecutor$Worker.run(ThreadPoolExecutor.java:642)
	at java.base/java.lang.Thread.run(Thread.java:1583)
2026-01-11 22:21:57.055 [org.springframework.kafka.KafkaListenerEndpointContainer#0-2-C-1] INFO  o.s.k.l.KafkaMessageListenerContainer - notification-service: partitions assigned: []
2026-01-11 22:21:57.054 [org.springframework.kafka.KafkaListenerEndpointContainer#3-2-C-1] INFO  o.s.k.l.KafkaMessageListenerContainer - notification-service: partitions assigned: []
2026-01-11 22:21:57.054 [org.springframework.kafka.KafkaListenerEndpointContainer#2-2-C-1] INFO  o.s.k.l.KafkaMessageListenerContainer - notification-service: partitions assigned: []
2026-01-11 22:21:57.054 [org.springframework.kafka.KafkaListenerEndpointContainer#0-1-C-1] INFO  o.s.k.l.KafkaMessageListenerContainer - notification-service: partitions assigned: []
2026-01-11 22:21:57.054 [org.springframework.kafka.KafkaListenerEndpointContainer#2-1-C-1] INFO  o.s.k.l.KafkaMessageListenerContainer - notification-service: partitions assigned: []
2026-01-11 22:21:57.055 [org.springframework.kafka.KafkaListenerEndpointContainer#3-1-C-1] INFO  o.s.k.l.KafkaMessageListenerContainer - notification-service: partitions assigned: []
2026-01-11 22:21:57.055 [org.springframework.kafka.KafkaListenerEndpointContainer#1-2-C-1] INFO  o.s.k.l.KafkaMessageListenerContainer - notification-service: partitions assigned: []
2026-01-11 22:21:57.055 [org.springframework.kafka.KafkaListenerEndpointContainer#1-1-C-1] INFO  o.s.k.l.KafkaMessageListenerContainer - notification-service: partitions assigned: []
2026-01-11 22:21:57.065 [org.springframework.kafka.KafkaListenerEndpointContainer#3-0-C-1] INFO  o.s.k.l.KafkaMessageListenerContainer - notification-service: partitions assigned: [payment.completed-0]
2026-01-11 22:21:57.065 [org.springframework.kafka.KafkaListenerEndpointContainer#0-0-C-1] INFO  o.s.k.l.KafkaMessageListenerContainer - notification-service: partitions assigned: [order.created-0]
2026-01-11 22:21:57.065 [org.springframework.kafka.KafkaListenerEndpointContainer#2-0-C-1] INFO  o.s.k.l.KafkaMessageListenerContainer - notification-service: partitions assigned: [inventory.reserved-0]
2026-01-11 22:21:57.065 [org.springframework.kafka.KafkaListenerEndpointContainer#1-0-C-1] INFO  o.s.k.l.KafkaMessageListenerContainer - notification-service: partitions assigned: [order.status-changed-0]
2026-01-11 22:22:07.721 [http-nio-8085-exec-1] WARN  o.s.b.a.mail.MailHealthIndicator - Mail health check failed
jakarta.mail.AuthenticationFailedException: failed to connect, no password specified?
	at jakarta.mail.Service.connect(Service.java:376)
	at org.springframework.mail.javamail.JavaMailSenderImpl.connectTransport(JavaMailSenderImpl.java:480)
	at org.springframework.mail.javamail.JavaMailSenderImpl.testConnection(JavaMailSenderImpl.java:360)
	at org.springframework.boot.actuate.mail.MailHealthIndicator.doHealthCheck(MailHealthIndicator.java:52)
	at org.springframework.boot.actuate.health.AbstractHealthIndicator.health(AbstractHealthIndicator.java:82)
	at org.springframework.boot.actuate.health.HealthIndicator.getHealth(HealthIndicator.java:37)
	at org.springframework.boot.actuate.health.HealthEndpointWebExtension.getHealth(HealthEndpointWebExtension.java:94)
	at org.springframework.boot.actuate.health.HealthEndpointWebExtension.getHealth(HealthEndpointWebExtension.java:47)
	at org.springframework.boot.actuate.health.HealthEndpointSupport.getLoggedHealth(HealthEndpointSupport.java:172)
	at org.springframework.boot.actuate.health.HealthEndpointSupport.getContribution(HealthEndpointSupport.java:145)
	at org.springframework.boot.actuate.health.HealthEndpointSupport.getAggregateContribution(HealthEndpointSupport.java:156)
	at org.springframework.boot.actuate.health.HealthEndpointSupport.getContribution(HealthEndpointSupport.java:141)
	at org.springframework.boot.actuate.health.HealthEndpointSupport.getHealth(HealthEndpointSupport.java:110)
	at org.springframework.boot.actuate.health.HealthEndpointSupport.getHealth(HealthEndpointSupport.java:81)
	at org.springframework.boot.actuate.health.HealthEndpointWebExtension.health(HealthEndpointWebExtension.java:80)
	at org.springframework.boot.actuate.health.HealthEndpointWebExtension.health(HealthEndpointWebExtension.java:69)
	at java.base/jdk.internal.reflect.DirectMethodHandleAccessor.invoke(DirectMethodHandleAccessor.java:103)
	at java.base/java.lang.reflect.Method.invoke(Method.java:580)
	at org.springframework.util.ReflectionUtils.invokeMethod(ReflectionUtils.java:281)
	at org.springframework.boot.actuate.endpoint.invoke.reflect.ReflectiveOperationInvoker.invoke(ReflectiveOperationInvoker.java:74)
	at org.springframework.boot.actuate.endpoint.annotation.AbstractDiscoveredOperation.invoke(AbstractDiscoveredOperation.java:60)
	at org.springframework.boot.actuate.endpoint.web.servlet.AbstractWebMvcEndpointHandlerMapping$ServletWebOperationAdapter.handle(AbstractWebMvcEndpointHandlerMapping.java:321)
	at org.springframework.boot.actuate.endpoint.web.servlet.AbstractWebMvcEndpointHandlerMapping$OperationHandler.handle(AbstractWebMvcEndpointHandlerMapping.java:428)
	at java.base/jdk.internal.reflect.DirectMethodHandleAccessor.invoke(DirectMethodHandleAccessor.java:103)
	at java.base/java.lang.reflect.Method.invoke(Method.java:580)
	at org.springframework.web.method.support.InvocableHandlerMethod.doInvoke(InvocableHandlerMethod.java:262)
	at org.springframework.web.method.support.InvocableHandlerMethod.invokeForRequest(InvocableHandlerMethod.java:190)
	at org.springframework.web.servlet.mvc.method.annotation.ServletInvocableHandlerMethod.invokeAndHandle(ServletInvocableHandlerMethod.java:118)
	at org.springframework.web.servlet.mvc.method.annotation.RequestMappingHandlerAdapter.invokeHandlerMethod(RequestMappingHandlerAdapter.java:917)
	at org.springframework.web.servlet.mvc.method.annotation.RequestMappingHandlerAdapter.handleInternal(RequestMappingHandlerAdapter.java:829)
	at org.springframework.web.servlet.mvc.method.AbstractHandlerMethodAdapter.handle(AbstractHandlerMethodAdapter.java:87)
	at org.springframework.web.servlet.DispatcherServlet.doDispatch(DispatcherServlet.java:1089)
	at org.springframework.web.servlet.DispatcherServlet.doService(DispatcherServlet.java:979)
	at org.springframework.web.servlet.FrameworkServlet.processRequest(FrameworkServlet.java:1014)
	at org.springframework.web.servlet.FrameworkServlet.doGet(FrameworkServlet.java:903)
	at jakarta.servlet.http.HttpServlet.service(HttpServlet.java:564)
	at org.springframework.web.servlet.FrameworkServlet.service(FrameworkServlet.java:885)
	at jakarta.servlet.http.HttpServlet.service(HttpServlet.java:658)
	at org.apache.catalina.core.ApplicationFilterChain.internalDoFilter(ApplicationFilterChain.java:205)
	at org.apache.catalina.core.ApplicationFilterChain.doFilter(ApplicationFilterChain.java:149)
	at org.apache.tomcat.websocket.server.WsFilter.doFilter(WsFilter.java:51)
	at org.apache.catalina.core.ApplicationFilterChain.internalDoFilter(ApplicationFilterChain.java:174)
	at org.apache.catalina.core.ApplicationFilterChain.doFilter(ApplicationFilterChain.java:149)
	at org.springframework.web.filter.RequestContextFilter.doFilterInternal(RequestContextFilter.java:100)
	at org.springframework.web.filter.OncePerRequestFilter.doFilter(OncePerRequestFilter.java:116)
	at org.apache.catalina.core.ApplicationFilterChain.internalDoFilter(ApplicationFilterChain.java:174)
	at org.apache.catalina.core.ApplicationFilterChain.doFilter(ApplicationFilterChain.java:149)
	at org.springframework.web.filter.FormContentFilter.doFilterInternal(FormContentFilter.java:93)
	at org.springframework.web.filter.OncePerRequestFilter.doFilter(OncePerRequestFilter.java:116)
	at org.apache.catalina.core.ApplicationFilterChain.internalDoFilter(ApplicationFilterChain.java:174)
	at org.apache.catalina.core.ApplicationFilterChain.doFilter(ApplicationFilterChain.java:149)
	at org.springframework.web.filter.ServerHttpObservationFilter.doFilterInternal(ServerHttpObservationFilter.java:109)
	at org.springframework.web.filter.OncePerRequestFilter.doFilter(OncePerRequestFilter.java:116)
	at org.apache.catalina.core.ApplicationFilterChain.internalDoFilter(ApplicationFilterChain.java:174)
	at org.apache.catalina.core.ApplicationFilterChain.doFilter(ApplicationFilterChain.java:149)
	at org.springframework.web.filter.CharacterEncodingFilter.doFilterInternal(CharacterEncodingFilter.java:201)
	at org.springframework.web.filter.OncePerRequestFilter.doFilter(OncePerRequestFilter.java:116)
	at org.apache.catalina.core.ApplicationFilterChain.internalDoFilter(ApplicationFilterChain.java:174)
	at org.apache.catalina.core.ApplicationFilterChain.doFilter(ApplicationFilterChain.java:149)
	at org.apache.catalina.core.StandardWrapperValve.invoke(StandardWrapperValve.java:167)
	at org.apache.catalina.core.StandardContextValve.invoke(StandardContextValve.java:90)
	at org.apache.catalina.authenticator.AuthenticatorBase.invoke(AuthenticatorBase.java:482)
	at org.apache.catalina.core.StandardHostValve.invoke(StandardHostValve.java:115)
	at org.apache.catalina.valves.ErrorReportValve.invoke(ErrorReportValve.java:93)
	at org.apache.catalina.core.StandardEngineValve.invoke(StandardEngineValve.java:74)
	at org.apache.catalina.connector.CoyoteAdapter.service(CoyoteAdapter.java:340)
	at org.apache.coyote.http11.Http11Processor.service(Http11Processor.java:391)
	at org.apache.coyote.AbstractProcessorLight.process(AbstractProcessorLight.java:63)
	at org.apache.coyote.AbstractProtocol$ConnectionHandler.process(AbstractProtocol.java:896)
	at org.apache.tomcat.util.net.NioEndpoint$SocketProcessor.doRun(NioEndpoint.java:1744)
	at org.apache.tomcat.util.net.SocketProcessorBase.run(SocketProcessorBase.java:52)
	at org.apache.tomcat.util.threads.ThreadPoolExecutor.runWorker(ThreadPoolExecutor.java:1191)
	at org.apache.tomcat.util.threads.ThreadPoolExecutor$Worker.run(ThreadPoolExecutor.java:659)
	at org.apache.tomcat.util.threads.TaskThread$WrappingRunnable.run(TaskThread.java:61)
	at java.base/java.lang.Thread.run(Thread.java:1583)
2026-01-11 22:22:07.768 [http-nio-8085-exec-2] ERROR c.e.n.e.GlobalExceptionHandler - ❌ Unexpected error
org.springframework.web.servlet.resource.NoResourceFoundException: No static resource favicon.ico.
	at org.springframework.web.servlet.resource.ResourceHttpRequestHandler.handleRequest(ResourceHttpRequestHandler.java:585)
	at org.springframework.web.servlet.mvc.HttpRequestHandlerAdapter.handle(HttpRequestHandlerAdapter.java:52)
	at org.springframework.web.servlet.DispatcherServlet.doDispatch(DispatcherServlet.java:1089)
	at org.springframework.web.servlet.DispatcherServlet.doService(DispatcherServlet.java:979)
	at org.springframework.web.servlet.FrameworkServlet.processRequest(FrameworkServlet.java:1014)
	at org.springframework.web.servlet.FrameworkServlet.doGet(FrameworkServlet.java:903)
	at jakarta.servlet.http.HttpServlet.service(HttpServlet.java:564)
	at org.springframework.web.servlet.FrameworkServlet.service(FrameworkServlet.java:885)
	at jakarta.servlet.http.HttpServlet.service(HttpServlet.java:658)
	at org.apache.catalina.core.ApplicationFilterChain.internalDoFilter(ApplicationFilterChain.java:205)
	at org.apache.catalina.core.ApplicationFilterChain.doFilter(ApplicationFilterChain.java:149)
	at org.apache.tomcat.websocket.server.WsFilter.doFilter(WsFilter.java:51)
	at org.apache.catalina.core.ApplicationFilterChain.internalDoFilter(ApplicationFilterChain.java:174)
	at org.apache.catalina.core.ApplicationFilterChain.doFilter(ApplicationFilterChain.java:149)
	at org.springframework.web.filter.RequestContextFilter.doFilterInternal(RequestContextFilter.java:100)
	at org.springframework.web.filter.OncePerRequestFilter.doFilter(OncePerRequestFilter.java:116)
	at org.apache.catalina.core.ApplicationFilterChain.internalDoFilter(ApplicationFilterChain.java:174)
	at org.apache.catalina.core.ApplicationFilterChain.doFilter(ApplicationFilterChain.java:149)
	at org.springframework.web.filter.FormContentFilter.doFilterInternal(FormContentFilter.java:93)
	at org.springframework.web.filter.OncePerRequestFilter.doFilter(OncePerRequestFilter.java:116)
	at org.apache.catalina.core.ApplicationFilterChain.internalDoFilter(ApplicationFilterChain.java:174)
	at org.apache.catalina.core.ApplicationFilterChain.doFilter(ApplicationFilterChain.java:149)
	at org.springframework.web.filter.ServerHttpObservationFilter.doFilterInternal(ServerHttpObservationFilter.java:109)
	at org.springframework.web.filter.OncePerRequestFilter.doFilter(OncePerRequestFilter.java:116)
	at org.apache.catalina.core.ApplicationFilterChain.internalDoFilter(ApplicationFilterChain.java:174)
	at org.apache.catalina.core.ApplicationFilterChain.doFilter(ApplicationFilterChain.java:149)
	at org.springframework.web.filter.CharacterEncodingFilter.doFilterInternal(CharacterEncodingFilter.java:201)
	at org.springframework.web.filter.OncePerRequestFilter.doFilter(OncePerRequestFilter.java:116)
	at org.apache.catalina.core.ApplicationFilterChain.internalDoFilter(ApplicationFilterChain.java:174)
	at org.apache.catalina.core.ApplicationFilterChain.doFilter(ApplicationFilterChain.java:149)
	at org.apache.catalina.core.StandardWrapperValve.invoke(StandardWrapperValve.java:167)
	at org.apache.catalina.core.StandardContextValve.invoke(StandardContextValve.java:90)
	at org.apache.catalina.authenticator.AuthenticatorBase.invoke(AuthenticatorBase.java:482)
	at org.apache.catalina.core.StandardHostValve.invoke(StandardHostValve.java:115)
	at org.apache.catalina.valves.ErrorReportValve.invoke(ErrorReportValve.java:93)
	at org.apache.catalina.core.StandardEngineValve.invoke(StandardEngineValve.java:74)
	at org.apache.catalina.connector.CoyoteAdapter.service(CoyoteAdapter.java:340)
	at org.apache.coyote.http11.Http11Processor.service(Http11Processor.java:391)
	at org.apache.coyote.AbstractProcessorLight.process(AbstractProcessorLight.java:63)
	at org.apache.coyote.AbstractProtocol$ConnectionHandler.process(AbstractProtocol.java:896)
	at org.apache.tomcat.util.net.NioEndpoint$SocketProcessor.doRun(NioEndpoint.java:1744)
	at org.apache.tomcat.util.net.SocketProcessorBase.run(SocketProcessorBase.java:52)
	at org.apache.tomcat.util.threads.ThreadPoolExecutor.runWorker(ThreadPoolExecutor.java:1191)
	at org.apache.tomcat.util.threads.ThreadPoolExecutor$Worker.run(ThreadPoolExecutor.java:659)
	at org.apache.tomcat.util.threads.TaskThread$WrappingRunnable.run(TaskThread.java:61)
	at java.base/java.lang.Thread.run(Thread.java:1583)
2026-01-11 22:23:09.151 [org.springframework.kafka.KafkaListenerEndpointContainer#1-2-C-1] INFO  o.s.k.c.DefaultKafkaConsumerFactory$ExtendedKafkaConsumer - [Consumer clientId=consumer-notification-service-12, groupId=notification-service] Unsubscribed all topics or patterns and assigned partitions
2026-01-11 22:23:09.151 [org.springframework.kafka.KafkaListenerEndpointContainer#0-0-C-1] INFO  o.s.k.l.KafkaMessageListenerContainer - notification-service: partitions revoked: [order.created-0]
2026-01-11 22:23:09.152 [org.springframework.kafka.KafkaListenerEndpointContainer#3-2-C-1] INFO  o.s.k.c.DefaultKafkaConsumerFactory$ExtendedKafkaConsumer - [Consumer clientId=consumer-notification-service-6, groupId=notification-service] Unsubscribed all topics or patterns and assigned partitions
2026-01-11 22:23:09.151 [org.springframework.kafka.KafkaListenerEndpointContainer#2-0-C-1] INFO  o.s.k.l.KafkaMessageListenerContainer - notification-service: partitions revoked: [inventory.reserved-0]
2026-01-11 22:23:09.151 [org.springframework.kafka.KafkaListenerEndpointContainer#1-0-C-1] INFO  o.s.k.l.KafkaMessageListenerContainer - notification-service: partitions revoked: [order.status-changed-0]
2026-01-11 22:23:09.151 [org.springframework.kafka.KafkaListenerEndpointContainer#3-0-C-1] INFO  o.s.k.l.KafkaMessageListenerContainer - notification-service: partitions revoked: [payment.completed-0]
2026-01-11 22:23:09.151 [org.springframework.kafka.KafkaListenerEndpointContainer#1-1-C-1] INFO  o.s.k.c.DefaultKafkaConsumerFactory$ExtendedKafkaConsumer - [Consumer clientId=consumer-notification-service-11, groupId=notification-service] Unsubscribed all topics or patterns and assigned partitions
2026-01-11 22:23:09.152 [org.springframework.kafka.KafkaListenerEndpointContainer#0-0-C-1] INFO  o.s.k.c.DefaultKafkaConsumerFactory$ExtendedKafkaConsumer - [Consumer clientId=consumer-notification-service-7, groupId=notification-service] Unsubscribed all topics or patterns and assigned partitions
2026-01-11 22:23:09.151 [org.springframework.kafka.KafkaListenerEndpointContainer#2-1-C-1] INFO  o.s.k.c.DefaultKafkaConsumerFactory$ExtendedKafkaConsumer - [Consumer clientId=consumer-notification-service-2, groupId=notification-service] Unsubscribed all topics or patterns and assigned partitions
2026-01-11 22:23:09.153 [org.springframework.kafka.KafkaListenerEndpointContainer#2-0-C-1] INFO  o.s.k.c.DefaultKafkaConsumerFactory$ExtendedKafkaConsumer - [Consumer clientId=consumer-notification-service-1, groupId=notification-service] Unsubscribed all topics or patterns and assigned partitions
2026-01-11 22:23:09.153 [org.springframework.kafka.KafkaListenerEndpointContainer#3-0-C-1] INFO  o.s.k.c.DefaultKafkaConsumerFactory$ExtendedKafkaConsumer - [Consumer clientId=consumer-notification-service-4, groupId=notification-service] Unsubscribed all topics or patterns and assigned partitions
2026-01-11 22:23:09.152 [org.springframework.kafka.KafkaListenerEndpointContainer#3-1-C-1] INFO  o.s.k.c.DefaultKafkaConsumerFactory$ExtendedKafkaConsumer - [Consumer clientId=consumer-notification-service-5, groupId=notification-service] Unsubscribed all topics or patterns and assigned partitions
2026-01-11 22:23:09.152 [org.springframework.kafka.KafkaListenerEndpointContainer#2-2-C-1] INFO  o.s.k.c.DefaultKafkaConsumerFactory$ExtendedKafkaConsumer - [Consumer clientId=consumer-notification-service-3, groupId=notification-service] Unsubscribed all topics or patterns and assigned partitions
2026-01-11 22:23:09.151 [org.springframework.kafka.KafkaListenerEndpointContainer#0-2-C-1] INFO  o.s.k.c.DefaultKafkaConsumerFactory$ExtendedKafkaConsumer - [Consumer clientId=consumer-notification-service-9, groupId=notification-service] Unsubscribed all topics or patterns and assigned partitions
2026-01-11 22:23:09.152 [org.springframework.kafka.KafkaListenerEndpointContainer#1-0-C-1] INFO  o.s.k.c.DefaultKafkaConsumerFactory$ExtendedKafkaConsumer - [Consumer clientId=consumer-notification-service-10, groupId=notification-service] Unsubscribed all topics or patterns and assigned partitions
2026-01-11 22:23:09.152 [org.springframework.kafka.KafkaListenerEndpointContainer#0-1-C-1] INFO  o.s.k.c.DefaultKafkaConsumerFactory$ExtendedKafkaConsumer - [Consumer clientId=consumer-notification-service-8, groupId=notification-service] Unsubscribed all topics or patterns and assigned partitions
2026-01-11 22:23:09.176 [org.springframework.kafka.KafkaListenerEndpointContainer#0-1-C-1] INFO  o.s.k.l.KafkaMessageListenerContainer - notification-service: Consumer stopped
2026-01-11 22:23:09.177 [org.springframework.kafka.KafkaListenerEndpointContainer#3-1-C-1] INFO  o.s.k.l.KafkaMessageListenerContainer - notification-service: Consumer stopped
2026-01-11 22:23:09.178 [org.springframework.kafka.KafkaListenerEndpointContainer#2-2-C-1] INFO  o.s.k.l.KafkaMessageListenerContainer - notification-service: Consumer stopped
2026-01-11 22:23:09.179 [org.springframework.kafka.KafkaListenerEndpointContainer#1-1-C-1] INFO  o.s.k.l.KafkaMessageListenerContainer - notification-service: Consumer stopped
2026-01-11 22:23:09.179 [org.springframework.kafka.KafkaListenerEndpointContainer#2-1-C-1] INFO  o.s.k.l.KafkaMessageListenerContainer - notification-service: Consumer stopped
2026-01-11 22:23:09.180 [org.springframework.kafka.KafkaListenerEndpointContainer#1-2-C-1] INFO  o.s.k.l.KafkaMessageListenerContainer - notification-service: Consumer stopped
2026-01-11 22:23:09.180 [org.springframework.kafka.KafkaListenerEndpointContainer#3-2-C-1] INFO  o.s.k.l.KafkaMessageListenerContainer - notification-service: Consumer stopped
2026-01-11 22:23:09.181 [org.springframework.kafka.KafkaListenerEndpointContainer#0-2-C-1] INFO  o.s.k.l.KafkaMessageListenerContainer - notification-service: Consumer stopped
2026-01-11 22:23:09.271 [org.springframework.kafka.KafkaListenerEndpointContainer#2-0-C-1] INFO  o.s.k.l.KafkaMessageListenerContainer - notification-service: Consumer stopped
2026-01-11 22:23:09.272 [org.springframework.kafka.KafkaListenerEndpointContainer#3-0-C-1] INFO  o.s.k.l.KafkaMessageListenerContainer - notification-service: Consumer stopped
2026-01-11 22:23:09.273 [org.springframework.kafka.KafkaListenerEndpointContainer#1-0-C-1] INFO  o.s.k.l.KafkaMessageListenerContainer - notification-service: Consumer stopped
2026-01-11 22:23:09.273 [org.springframework.kafka.KafkaListenerEndpointContainer#0-0-C-1] INFO  o.s.k.l.KafkaMessageListenerContainer - notification-service: Consumer stopped
2026-01-11 22:23:28.287 [background-preinit] INFO  o.h.validator.internal.util.Version - HV000001: Hibernate Validator 8.0.1.Final
2026-01-11 22:23:28.311 [main] INFO  c.e.n.NotificationServiceApplication - Starting NotificationServiceApplication using Java 21.0.7 with PID 31052 (C:\dev\order-processing-platform\notification-service\build\classes\java\main started by Kukyo in C:\dev\order-processing-platform)
2026-01-11 22:23:28.311 [main] DEBUG c.e.n.NotificationServiceApplication - Running with Spring Boot v3.2.1, Spring v6.1.2
2026-01-11 22:23:28.311 [main] INFO  c.e.n.NotificationServiceApplication - No active profile set, falling back to 1 default profile: "default"
2026-01-11 22:23:28.968 [main] INFO  o.s.d.r.c.RepositoryConfigurationDelegate - Multiple Spring Data modules found, entering strict repository configuration mode
2026-01-11 22:23:28.968 [main] INFO  o.s.d.r.c.RepositoryConfigurationDelegate - Bootstrapping Spring Data MongoDB repositories in DEFAULT mode.
2026-01-11 22:23:29.052 [main] INFO  o.s.d.r.c.RepositoryConfigurationDelegate - Finished Spring Data repository scanning in 80 ms. Found 2 MongoDB repository interfaces.
2026-01-11 22:23:29.059 [main] INFO  o.s.d.r.c.RepositoryConfigurationDelegate - Multiple Spring Data modules found, entering strict repository configuration mode
2026-01-11 22:23:29.060 [main] INFO  o.s.d.r.c.RepositoryConfigurationDelegate - Bootstrapping Spring Data Redis repositories in DEFAULT mode.
2026-01-11 22:23:29.068 [main] INFO  o.s.d.r.c.RepositoryConfigurationExtensionSupport - Spring Data Redis - Could not safely identify store assignment for repository candidate interface com.ecommerce.notification.repository.NotificationLogRepository; If you want this repository to be a Redis repository, consider annotating your entities with one of these annotations: org.springframework.data.redis.core.RedisHash (preferred), or consider extending one of the following types with your repository: org.springframework.data.keyvalue.repository.KeyValueRepository
2026-01-11 22:23:29.068 [main] INFO  o.s.d.r.c.RepositoryConfigurationExtensionSupport - Spring Data Redis - Could not safely identify store assignment for repository candidate interface com.ecommerce.notification.repository.NotificationTemplateRepository; If you want this repository to be a Redis repository, consider annotating your entities with one of these annotations: org.springframework.data.redis.core.RedisHash (preferred), or consider extending one of the following types with your repository: org.springframework.data.keyvalue.repository.KeyValueRepository
2026-01-11 22:23:29.068 [main] INFO  o.s.d.r.c.RepositoryConfigurationDelegate - Finished Spring Data repository scanning in 3 ms. Found 0 Redis repository interfaces.
2026-01-11 22:23:29.374 [main] INFO  o.s.b.w.e.tomcat.TomcatWebServer - Tomcat initialized with port 8085 (http)
2026-01-11 22:23:29.379 [main] INFO  o.a.coyote.http11.Http11NioProtocol - Initializing ProtocolHandler ["http-nio-8085"]
2026-01-11 22:23:29.381 [main] INFO  o.a.catalina.core.StandardService - Starting service [Tomcat]
2026-01-11 22:23:29.382 [main] INFO  o.a.catalina.core.StandardEngine - Starting Servlet engine: [Apache Tomcat/10.1.17]
2026-01-11 22:23:29.420 [main] INFO  o.a.c.c.C.[Tomcat].[localhost].[/] - Initializing Spring embedded WebApplicationContext
2026-01-11 22:23:29.421 [main] INFO  o.s.b.w.s.c.ServletWebServerApplicationContext - Root WebApplicationContext: initialization completed in 1081 ms
2026-01-11 22:23:30.479 [main] INFO  o.s.b.a.e.web.EndpointLinksResolver - Exposing 3 endpoint(s) beneath base path '/actuator'
2026-01-11 22:23:30.524 [main] INFO  o.a.coyote.http11.Http11NioProtocol - Starting ProtocolHandler ["http-nio-8085"]
2026-01-11 22:23:30.535 [main] INFO  o.s.b.w.e.tomcat.TomcatWebServer - Tomcat started on port 8085 (http) with context path ''
2026-01-11 22:23:30.657 [main] INFO  c.e.n.NotificationServiceApplication - Started NotificationServiceApplication in 2.683 seconds (process running for 3.039)
2026-01-11 22:23:30.685 [main] INFO  c.e.n.config.MongoDBInitializer - 📦 MongoDB templates already initialized. Count: 4
2026-01-11 22:23:30.887 [RMI TCP Connection(1)-192.168.1.107] INFO  o.a.c.c.C.[Tomcat].[localhost].[/] - Initializing Spring DispatcherServlet 'dispatcherServlet'
2026-01-11 22:23:30.887 [RMI TCP Connection(1)-192.168.1.107] INFO  o.s.web.servlet.DispatcherServlet - Initializing Servlet 'dispatcherServlet'
2026-01-11 22:23:30.888 [RMI TCP Connection(1)-192.168.1.107] INFO  o.s.web.servlet.DispatcherServlet - Completed initialization in 1 ms
2026-01-11 22:23:36.389 [http-nio-8085-exec-2] ERROR c.e.n.e.GlobalExceptionHandler - ❌ Unexpected error
org.springframework.web.servlet.resource.NoResourceFoundException: No static resource favicon.ico.
	at org.springframework.web.servlet.resource.ResourceHttpRequestHandler.handleRequest(ResourceHttpRequestHandler.java:585)
	at org.springframework.web.servlet.mvc.HttpRequestHandlerAdapter.handle(HttpRequestHandlerAdapter.java:52)
	at org.springframework.web.servlet.DispatcherServlet.doDispatch(DispatcherServlet.java:1089)
	at org.springframework.web.servlet.DispatcherServlet.doService(DispatcherServlet.java:979)
	at org.springframework.web.servlet.FrameworkServlet.processRequest(FrameworkServlet.java:1014)
	at org.springframework.web.servlet.FrameworkServlet.doGet(FrameworkServlet.java:903)
	at jakarta.servlet.http.HttpServlet.service(HttpServlet.java:564)
	at org.springframework.web.servlet.FrameworkServlet.service(FrameworkServlet.java:885)
	at jakarta.servlet.http.HttpServlet.service(HttpServlet.java:658)
	at org.apache.catalina.core.ApplicationFilterChain.internalDoFilter(ApplicationFilterChain.java:205)
	at org.apache.catalina.core.ApplicationFilterChain.doFilter(ApplicationFilterChain.java:149)
	at org.apache.tomcat.websocket.server.WsFilter.doFilter(WsFilter.java:51)
	at org.apache.catalina.core.ApplicationFilterChain.internalDoFilter(ApplicationFilterChain.java:174)
	at org.apache.catalina.core.ApplicationFilterChain.doFilter(ApplicationFilterChain.java:149)
	at org.springframework.web.filter.RequestContextFilter.doFilterInternal(RequestContextFilter.java:100)
	at org.springframework.web.filter.OncePerRequestFilter.doFilter(OncePerRequestFilter.java:116)
	at org.apache.catalina.core.ApplicationFilterChain.internalDoFilter(ApplicationFilterChain.java:174)
	at org.apache.catalina.core.ApplicationFilterChain.doFilter(ApplicationFilterChain.java:149)
	at org.springframework.web.filter.FormContentFilter.doFilterInternal(FormContentFilter.java:93)
	at org.springframework.web.filter.OncePerRequestFilter.doFilter(OncePerRequestFilter.java:116)
	at org.apache.catalina.core.ApplicationFilterChain.internalDoFilter(ApplicationFilterChain.java:174)
	at org.apache.catalina.core.ApplicationFilterChain.doFilter(ApplicationFilterChain.java:149)
	at org.springframework.web.filter.ServerHttpObservationFilter.doFilterInternal(ServerHttpObservationFilter.java:109)
	at org.springframework.web.filter.OncePerRequestFilter.doFilter(OncePerRequestFilter.java:116)
	at org.apache.catalina.core.ApplicationFilterChain.internalDoFilter(ApplicationFilterChain.java:174)
	at org.apache.catalina.core.ApplicationFilterChain.doFilter(ApplicationFilterChain.java:149)
	at org.springframework.web.filter.CharacterEncodingFilter.doFilterInternal(CharacterEncodingFilter.java:201)
	at org.springframework.web.filter.OncePerRequestFilter.doFilter(OncePerRequestFilter.java:116)
	at org.apache.catalina.core.ApplicationFilterChain.internalDoFilter(ApplicationFilterChain.java:174)
	at org.apache.catalina.core.ApplicationFilterChain.doFilter(ApplicationFilterChain.java:149)
	at org.apache.catalina.core.StandardWrapperValve.invoke(StandardWrapperValve.java:167)
	at org.apache.catalina.core.StandardContextValve.invoke(StandardContextValve.java:90)
	at org.apache.catalina.authenticator.AuthenticatorBase.invoke(AuthenticatorBase.java:482)
	at org.apache.catalina.core.StandardHostValve.invoke(StandardHostValve.java:115)
	at org.apache.catalina.valves.ErrorReportValve.invoke(ErrorReportValve.java:93)
	at org.apache.catalina.core.StandardEngineValve.invoke(StandardEngineValve.java:74)
	at org.apache.catalina.connector.CoyoteAdapter.service(CoyoteAdapter.java:340)
	at org.apache.coyote.http11.Http11Processor.service(Http11Processor.java:391)
	at org.apache.coyote.AbstractProcessorLight.process(AbstractProcessorLight.java:63)
	at org.apache.coyote.AbstractProtocol$ConnectionHandler.process(AbstractProtocol.java:896)
	at org.apache.tomcat.util.net.NioEndpoint$SocketProcessor.doRun(NioEndpoint.java:1744)
	at org.apache.tomcat.util.net.SocketProcessorBase.run(SocketProcessorBase.java:52)
	at org.apache.tomcat.util.threads.ThreadPoolExecutor.runWorker(ThreadPoolExecutor.java:1191)
	at org.apache.tomcat.util.threads.ThreadPoolExecutor$Worker.run(ThreadPoolExecutor.java:659)
	at org.apache.tomcat.util.threads.TaskThread$WrappingRunnable.run(TaskThread.java:61)
	at java.base/java.lang.Thread.run(Thread.java:1583)
