2026-01-09T19:37:43.592+03:00  INFO 8564 --- [order-service] [main] c.o.order.OrderServiceApplication        : Starting OrderServiceApplication using Java 21.0.7 with PID 8564 (C:\dev\order-processing-platform\order-service\build\classes\java\main started by Kukyo in C:\dev\order-processing-platform)
2026-01-09T19:37:43.593+03:00 DEBUG 8564 --- [order-service] [main] c.o.order.OrderServiceApplication        : Running with Spring Boot v3.2.1, Spring v6.1.2
2026-01-09T19:37:43.594+03:00  INFO 8564 --- [order-service] [main] c.o.order.OrderServiceApplication        : No active profile set, falling back to 1 default profile: "default"
2026-01-09T19:37:44.536+03:00  INFO 8564 --- [order-service] [main] .s.d.r.c.RepositoryConfigurationDelegate : Bootstrapping Spring Data JPA repositories in DEFAULT mode.
2026-01-09T19:37:44.582+03:00  INFO 8564 --- [order-service] [main] .s.d.r.c.RepositoryConfigurationDelegate : Finished Spring Data repository scanning in 40 ms. Found 3 JPA repository interfaces.
2026-01-09T19:37:45.334+03:00  INFO 8564 --- [order-service] [main] o.s.b.w.embedded.tomcat.TomcatWebServer  : Tomcat initialized with port 8083 (http)
2026-01-09T19:37:45.346+03:00  INFO 8564 --- [order-service] [main] o.apache.catalina.core.StandardService   : Starting service [Tomcat]
2026-01-09T19:37:45.346+03:00  INFO 8564 --- [order-service] [main] o.apache.catalina.core.StandardEngine    : Starting Servlet engine: [Apache Tomcat/10.1.17]
2026-01-09T19:37:45.398+03:00  INFO 8564 --- [order-service] [main] o.a.c.c.C.[Tomcat].[localhost].[/]       : Initializing Spring embedded WebApplicationContext
2026-01-09T19:37:45.399+03:00  INFO 8564 --- [order-service] [main] w.s.c.ServletWebServerApplicationContext : Root WebApplicationContext: initialization completed in 1767 ms
2026-01-09T19:37:45.645+03:00  INFO 8564 --- [order-service] [main] com.zaxxer.hikari.HikariDataSource       : HikariPool-1 - Starting...
2026-01-09T19:37:46.691+03:00 ERROR 8564 --- [order-service] [main] com.zaxxer.hikari.pool.HikariPool        : HikariPool-1 - Exception during pool initialization.

org.postgresql.util.PSQLException: Подсоединение по адресу localhost:5432 отклонено. Проверьте что хост и порт указаны правильно и что postmaster принимает TCP/IP-подсоединения.
	at org.postgresql.core.v3.ConnectionFactoryImpl.openConnectionImpl(ConnectionFactoryImpl.java:342) ~[postgresql-42.7.1.jar:42.7.1]
	at org.postgresql.core.ConnectionFactory.openConnection(ConnectionFactory.java:54) ~[postgresql-42.7.1.jar:42.7.1]
	at org.postgresql.jdbc.PgConnection.<init>(PgConnection.java:263) ~[postgresql-42.7.1.jar:42.7.1]
	at org.postgresql.Driver.makeConnection(Driver.java:444) ~[postgresql-42.7.1.jar:42.7.1]
	at org.postgresql.Driver.connect(Driver.java:297) ~[postgresql-42.7.1.jar:42.7.1]
	at com.zaxxer.hikari.util.DriverDataSource.getConnection(DriverDataSource.java:138) ~[HikariCP-5.0.1.jar:na]
	at com.zaxxer.hikari.pool.PoolBase.newConnection(PoolBase.java:359) ~[HikariCP-5.0.1.jar:na]
	at com.zaxxer.hikari.pool.PoolBase.newPoolEntry(PoolBase.java:201) ~[HikariCP-5.0.1.jar:na]
	at com.zaxxer.hikari.pool.HikariPool.createPoolEntry(HikariPool.java:470) ~[HikariCP-5.0.1.jar:na]
	at com.zaxxer.hikari.pool.HikariPool.checkFailFast(HikariPool.java:561) ~[HikariCP-5.0.1.jar:na]
	at com.zaxxer.hikari.pool.HikariPool.<init>(HikariPool.java:100) ~[HikariCP-5.0.1.jar:na]
	at com.zaxxer.hikari.HikariDataSource.getConnection(HikariDataSource.java:112) ~[HikariCP-5.0.1.jar:na]
	at org.flywaydb.core.api.configuration.ClassicConfiguration.setDataSource(ClassicConfiguration.java:1094) ~[flyway-core-9.22.3.jar:na]
	at org.flywaydb.core.api.configuration.FluentConfiguration.dataSource(FluentConfiguration.java:624) ~[flyway-core-9.22.3.jar:na]
	at org.springframework.boot.autoconfigure.flyway.FlywayAutoConfiguration$FlywayConfiguration.configureDataSource(FlywayAutoConfiguration.java:185) ~[spring-boot-autoconfigure-3.2.1.jar:3.2.1]
	at org.springframework.boot.autoconfigure.flyway.FlywayAutoConfiguration$FlywayConfiguration.flyway(FlywayAutoConfiguration.java:172) ~[spring-boot-autoconfigure-3.2.1.jar:3.2.1]
	at java.base/jdk.internal.reflect.DirectMethodHandleAccessor.invoke(DirectMethodHandleAccessor.java:103) ~[na:na]
	at java.base/java.lang.reflect.Method.invoke(Method.java:580) ~[na:na]
	at org.springframework.beans.factory.support.SimpleInstantiationStrategy.instantiate(SimpleInstantiationStrategy.java:140) ~[spring-beans-6.1.2.jar:6.1.2]
	at org.springframework.beans.factory.support.ConstructorResolver.instantiate(ConstructorResolver.java:651) ~[spring-beans-6.1.2.jar:6.1.2]
	at org.springframework.beans.factory.support.ConstructorResolver.instantiateUsingFactoryMethod(ConstructorResolver.java:643) ~[spring-beans-6.1.2.jar:6.1.2]
	at org.springframework.beans.factory.support.AbstractAutowireCapableBeanFactory.instantiateUsingFactoryMethod(AbstractAutowireCapableBeanFactory.java:1334) ~[spring-beans-6.1.2.jar:6.1.2]
	at org.springframework.beans.factory.support.AbstractAutowireCapableBeanFactory.createBeanInstance(AbstractAutowireCapableBeanFactory.java:1164) ~[spring-beans-6.1.2.jar:6.1.2]
	at org.springframework.beans.factory.support.AbstractAutowireCapableBeanFactory.doCreateBean(AbstractAutowireCapableBeanFactory.java:561) ~[spring-beans-6.1.2.jar:6.1.2]
	at org.springframework.beans.factory.support.AbstractAutowireCapableBeanFactory.createBean(AbstractAutowireCapableBeanFactory.java:521) ~[spring-beans-6.1.2.jar:6.1.2]
	at org.springframework.beans.factory.support.AbstractBeanFactory.lambda$doGetBean$0(AbstractBeanFactory.java:325) ~[spring-beans-6.1.2.jar:6.1.2]
	at org.springframework.beans.factory.support.DefaultSingletonBeanRegistry.getSingleton(DefaultSingletonBeanRegistry.java:234) ~[spring-beans-6.1.2.jar:6.1.2]
	at org.springframework.beans.factory.support.AbstractBeanFactory.doGetBean(AbstractBeanFactory.java:323) ~[spring-beans-6.1.2.jar:6.1.2]
	at org.springframework.beans.factory.support.AbstractBeanFactory.getBean(AbstractBeanFactory.java:199) ~[spring-beans-6.1.2.jar:6.1.2]
	at org.springframework.beans.factory.support.AbstractBeanFactory.doGetBean(AbstractBeanFactory.java:312) ~[spring-beans-6.1.2.jar:6.1.2]
	at org.springframework.beans.factory.support.AbstractBeanFactory.getBean(AbstractBeanFactory.java:199) ~[spring-beans-6.1.2.jar:6.1.2]
	at org.springframework.context.support.AbstractApplicationContext.getBean(AbstractApplicationContext.java:1232) ~[spring-context-6.1.2.jar:6.1.2]
	at org.springframework.context.support.AbstractApplicationContext.finishBeanFactoryInitialization(AbstractApplicationContext.java:950) ~[spring-context-6.1.2.jar:6.1.2]
	at org.springframework.context.support.AbstractApplicationContext.refresh(AbstractApplicationContext.java:625) ~[spring-context-6.1.2.jar:6.1.2]
	at org.springframework.boot.web.servlet.context.ServletWebServerApplicationContext.refresh(ServletWebServerApplicationContext.java:146) ~[spring-boot-3.2.1.jar:3.2.1]
	at org.springframework.boot.SpringApplication.refresh(SpringApplication.java:762) ~[spring-boot-3.2.1.jar:3.2.1]
	at org.springframework.boot.SpringApplication.refreshContext(SpringApplication.java:464) ~[spring-boot-3.2.1.jar:3.2.1]
	at org.springframework.boot.SpringApplication.run(SpringApplication.java:334) ~[spring-boot-3.2.1.jar:3.2.1]
	at org.springframework.boot.SpringApplication.run(SpringApplication.java:1358) ~[spring-boot-3.2.1.jar:3.2.1]
	at org.springframework.boot.SpringApplication.run(SpringApplication.java:1347) ~[spring-boot-3.2.1.jar:3.2.1]
	at com.orderplatform.order.OrderServiceApplication.main(OrderServiceApplication.java:10) ~[main/:na]
Caused by: java.net.ConnectException: Connection refused: getsockopt
	at java.base/sun.nio.ch.Net.pollConnect(Native Method) ~[na:na]
	at java.base/sun.nio.ch.Net.pollConnectNow(Net.java:682) ~[na:na]
	at java.base/sun.nio.ch.NioSocketImpl.timedFinishConnect(NioSocketImpl.java:542) ~[na:na]
	at java.base/sun.nio.ch.NioSocketImpl.connect(NioSocketImpl.java:592) ~[na:na]
	at java.base/java.net.SocksSocketImpl.connect(SocksSocketImpl.java:327) ~[na:na]
	at java.base/java.net.Socket.connect(Socket.java:751) ~[na:na]
	at org.postgresql.core.PGStream.createSocket(PGStream.java:243) ~[postgresql-42.7.1.jar:42.7.1]
	at org.postgresql.core.PGStream.<init>(PGStream.java:98) ~[postgresql-42.7.1.jar:42.7.1]
	at org.postgresql.core.v3.ConnectionFactoryImpl.tryConnect(ConnectionFactoryImpl.java:132) ~[postgresql-42.7.1.jar:42.7.1]
	at org.postgresql.core.v3.ConnectionFactoryImpl.openConnectionImpl(ConnectionFactoryImpl.java:258) ~[postgresql-42.7.1.jar:42.7.1]
	... 40 common frames omitted

2026-01-09T19:37:46.755+03:00  INFO 8564 --- [order-service] [main] o.f.c.internal.license.VersionPrinter    : Flyway Community Edition 9.22.3 by Redgate
2026-01-09T19:37:46.755+03:00  INFO 8564 --- [order-service] [main] o.f.c.internal.license.VersionPrinter    : See release notes here: https://rd.gt/416ObMi
2026-01-09T19:37:46.756+03:00  INFO 8564 --- [order-service] [main] o.f.c.internal.license.VersionPrinter    : 
2026-01-09T19:37:46.763+03:00  INFO 8564 --- [order-service] [main] com.zaxxer.hikari.HikariDataSource       : HikariPool-1 - Starting...
2026-01-09T19:37:47.798+03:00 ERROR 8564 --- [order-service] [main] com.zaxxer.hikari.pool.HikariPool        : HikariPool-1 - Exception during pool initialization.

org.postgresql.util.PSQLException: Подсоединение по адресу localhost:5432 отклонено. Проверьте что хост и порт указаны правильно и что postmaster принимает TCP/IP-подсоединения.
	at org.postgresql.core.v3.ConnectionFactoryImpl.openConnectionImpl(ConnectionFactoryImpl.java:342) ~[postgresql-42.7.1.jar:42.7.1]
	at org.postgresql.core.ConnectionFactory.openConnection(ConnectionFactory.java:54) ~[postgresql-42.7.1.jar:42.7.1]
	at org.postgresql.jdbc.PgConnection.<init>(PgConnection.java:263) ~[postgresql-42.7.1.jar:42.7.1]
	at org.postgresql.Driver.makeConnection(Driver.java:444) ~[postgresql-42.7.1.jar:42.7.1]
	at org.postgresql.Driver.connect(Driver.java:297) ~[postgresql-42.7.1.jar:42.7.1]
	at com.zaxxer.hikari.util.DriverDataSource.getConnection(DriverDataSource.java:138) ~[HikariCP-5.0.1.jar:na]
	at com.zaxxer.hikari.pool.PoolBase.newConnection(PoolBase.java:359) ~[HikariCP-5.0.1.jar:na]
	at com.zaxxer.hikari.pool.PoolBase.newPoolEntry(PoolBase.java:201) ~[HikariCP-5.0.1.jar:na]
	at com.zaxxer.hikari.pool.HikariPool.createPoolEntry(HikariPool.java:470) ~[HikariCP-5.0.1.jar:na]
	at com.zaxxer.hikari.pool.HikariPool.checkFailFast(HikariPool.java:561) ~[HikariCP-5.0.1.jar:na]
	at com.zaxxer.hikari.pool.HikariPool.<init>(HikariPool.java:100) ~[HikariCP-5.0.1.jar:na]
	at com.zaxxer.hikari.HikariDataSource.getConnection(HikariDataSource.java:112) ~[HikariCP-5.0.1.jar:na]
	at org.flywaydb.core.internal.jdbc.JdbcUtils.openConnection(JdbcUtils.java:48) ~[flyway-core-9.22.3.jar:na]
	at org.flywaydb.core.internal.jdbc.JdbcConnectionFactory.<init>(JdbcConnectionFactory.java:74) ~[flyway-core-9.22.3.jar:na]
	at org.flywaydb.core.FlywayExecutor.execute(FlywayExecutor.java:142) ~[flyway-core-9.22.3.jar:na]
	at org.flywaydb.core.Flyway.migrate(Flyway.java:140) ~[flyway-core-9.22.3.jar:na]
	at org.springframework.boot.autoconfigure.flyway.FlywayMigrationInitializer.afterPropertiesSet(FlywayMigrationInitializer.java:66) ~[spring-boot-autoconfigure-3.2.1.jar:3.2.1]
	at org.springframework.beans.factory.support.AbstractAutowireCapableBeanFactory.invokeInitMethods(AbstractAutowireCapableBeanFactory.java:1820) ~[spring-beans-6.1.2.jar:6.1.2]
	at org.springframework.beans.factory.support.AbstractAutowireCapableBeanFactory.initializeBean(AbstractAutowireCapableBeanFactory.java:1769) ~[spring-beans-6.1.2.jar:6.1.2]
	at org.springframework.beans.factory.support.AbstractAutowireCapableBeanFactory.doCreateBean(AbstractAutowireCapableBeanFactory.java:599) ~[spring-beans-6.1.2.jar:6.1.2]
	at org.springframework.beans.factory.support.AbstractAutowireCapableBeanFactory.createBean(AbstractAutowireCapableBeanFactory.java:521) ~[spring-beans-6.1.2.jar:6.1.2]
	at org.springframework.beans.factory.support.AbstractBeanFactory.lambda$doGetBean$0(AbstractBeanFactory.java:325) ~[spring-beans-6.1.2.jar:6.1.2]
	at org.springframework.beans.factory.support.DefaultSingletonBeanRegistry.getSingleton(DefaultSingletonBeanRegistry.java:234) ~[spring-beans-6.1.2.jar:6.1.2]
	at org.springframework.beans.factory.support.AbstractBeanFactory.doGetBean(AbstractBeanFactory.java:323) ~[spring-beans-6.1.2.jar:6.1.2]
	at org.springframework.beans.factory.support.AbstractBeanFactory.getBean(AbstractBeanFactory.java:199) ~[spring-beans-6.1.2.jar:6.1.2]
	at org.springframework.beans.factory.support.AbstractBeanFactory.doGetBean(AbstractBeanFactory.java:312) ~[spring-beans-6.1.2.jar:6.1.2]
	at org.springframework.beans.factory.support.AbstractBeanFactory.getBean(AbstractBeanFactory.java:199) ~[spring-beans-6.1.2.jar:6.1.2]
	at org.springframework.context.support.AbstractApplicationContext.getBean(AbstractApplicationContext.java:1232) ~[spring-context-6.1.2.jar:6.1.2]
	at org.springframework.context.support.AbstractApplicationContext.finishBeanFactoryInitialization(AbstractApplicationContext.java:950) ~[spring-context-6.1.2.jar:6.1.2]
	at org.springframework.context.support.AbstractApplicationContext.refresh(AbstractApplicationContext.java:625) ~[spring-context-6.1.2.jar:6.1.2]
	at org.springframework.boot.web.servlet.context.ServletWebServerApplicationContext.refresh(ServletWebServerApplicationContext.java:146) ~[spring-boot-3.2.1.jar:3.2.1]
	at org.springframework.boot.SpringApplication.refresh(SpringApplication.java:762) ~[spring-boot-3.2.1.jar:3.2.1]
	at org.springframework.boot.SpringApplication.refreshContext(SpringApplication.java:464) ~[spring-boot-3.2.1.jar:3.2.1]
	at org.springframework.boot.SpringApplication.run(SpringApplication.java:334) ~[spring-boot-3.2.1.jar:3.2.1]
	at org.springframework.boot.SpringApplication.run(SpringApplication.java:1358) ~[spring-boot-3.2.1.jar:3.2.1]
	at org.springframework.boot.SpringApplication.run(SpringApplication.java:1347) ~[spring-boot-3.2.1.jar:3.2.1]
	at com.orderplatform.order.OrderServiceApplication.main(OrderServiceApplication.java:10) ~[main/:na]
Caused by: java.net.ConnectException: Connection refused: getsockopt
	at java.base/sun.nio.ch.Net.pollConnect(Native Method) ~[na:na]
	at java.base/sun.nio.ch.Net.pollConnectNow(Net.java:682) ~[na:na]
	at java.base/sun.nio.ch.NioSocketImpl.timedFinishConnect(NioSocketImpl.java:542) ~[na:na]
	at java.base/sun.nio.ch.NioSocketImpl.connect(NioSocketImpl.java:592) ~[na:na]
	at java.base/java.net.SocksSocketImpl.connect(SocksSocketImpl.java:327) ~[na:na]
	at java.base/java.net.Socket.connect(Socket.java:751) ~[na:na]
	at org.postgresql.core.PGStream.createSocket(PGStream.java:243) ~[postgresql-42.7.1.jar:42.7.1]
	at org.postgresql.core.PGStream.<init>(PGStream.java:98) ~[postgresql-42.7.1.jar:42.7.1]
	at org.postgresql.core.v3.ConnectionFactoryImpl.tryConnect(ConnectionFactoryImpl.java:132) ~[postgresql-42.7.1.jar:42.7.1]
	at org.postgresql.core.v3.ConnectionFactoryImpl.openConnectionImpl(ConnectionFactoryImpl.java:258) ~[postgresql-42.7.1.jar:42.7.1]
	... 36 common frames omitted

2026-01-09T19:37:47.800+03:00  WARN 8564 --- [order-service] [main] ConfigServletWebServerApplicationContext : Exception encountered during context initialization - cancelling refresh attempt: org.springframework.beans.factory.BeanCreationException: Error creating bean with name 'flywayInitializer' defined in class path resource [org/springframework/boot/autoconfigure/flyway/FlywayAutoConfiguration$FlywayConfiguration.class]: Unable to obtain connection from database: Подсоединение по адресу localhost:5432 отклонено. Проверьте что хост и порт указаны правильно и что postmaster принимает TCP/IP-подсоединения.
-----------------------------------------------------------------------------------------------------------------------------------------------------------------------------------------
SQL State  : 08001
Error Code : 0
Message    : Подсоединение по адресу localhost:5432 отклонено. Проверьте что хост и порт указаны правильно и что postmaster принимает TCP/IP-подсоединения.

2026-01-09T19:37:47.803+03:00  INFO 8564 --- [order-service] [main] o.apache.catalina.core.StandardService   : Stopping service [Tomcat]
2026-01-09T19:37:47.813+03:00  INFO 8564 --- [order-service] [main] .s.b.a.l.ConditionEvaluationReportLogger : 

Error starting ApplicationContext. To display the condition evaluation report re-run your application with 'debug' enabled.
2026-01-09T19:37:47.840+03:00 ERROR 8564 --- [order-service] [main] o.s.boot.SpringApplication               : Application run failed

org.springframework.beans.factory.BeanCreationException: Error creating bean with name 'flywayInitializer' defined in class path resource [org/springframework/boot/autoconfigure/flyway/FlywayAutoConfiguration$FlywayConfiguration.class]: Unable to obtain connection from database: Подсоединение по адресу localhost:5432 отклонено. Проверьте что хост и порт указаны правильно и что postmaster принимает TCP/IP-подсоединения.
-----------------------------------------------------------------------------------------------------------------------------------------------------------------------------------------
SQL State  : 08001
Error Code : 0
Message    : Подсоединение по адресу localhost:5432 отклонено. Проверьте что хост и порт указаны правильно и что postmaster принимает TCP/IP-подсоединения.

	at org.springframework.beans.factory.support.AbstractAutowireCapableBeanFactory.initializeBean(AbstractAutowireCapableBeanFactory.java:1773) ~[spring-beans-6.1.2.jar:6.1.2]
	at org.springframework.beans.factory.support.AbstractAutowireCapableBeanFactory.doCreateBean(AbstractAutowireCapableBeanFactory.java:599) ~[spring-beans-6.1.2.jar:6.1.2]
	at org.springframework.beans.factory.support.AbstractAutowireCapableBeanFactory.createBean(AbstractAutowireCapableBeanFactory.java:521) ~[spring-beans-6.1.2.jar:6.1.2]
	at org.springframework.beans.factory.support.AbstractBeanFactory.lambda$doGetBean$0(AbstractBeanFactory.java:325) ~[spring-beans-6.1.2.jar:6.1.2]
	at org.springframework.beans.factory.support.DefaultSingletonBeanRegistry.getSingleton(DefaultSingletonBeanRegistry.java:234) ~[spring-beans-6.1.2.jar:6.1.2]
	at org.springframework.beans.factory.support.AbstractBeanFactory.doGetBean(AbstractBeanFactory.java:323) ~[spring-beans-6.1.2.jar:6.1.2]
	at org.springframework.beans.factory.support.AbstractBeanFactory.getBean(AbstractBeanFactory.java:199) ~[spring-beans-6.1.2.jar:6.1.2]
	at org.springframework.beans.factory.support.AbstractBeanFactory.doGetBean(AbstractBeanFactory.java:312) ~[spring-beans-6.1.2.jar:6.1.2]
	at org.springframework.beans.factory.support.AbstractBeanFactory.getBean(AbstractBeanFactory.java:199) ~[spring-beans-6.1.2.jar:6.1.2]
	at org.springframework.context.support.AbstractApplicationContext.getBean(AbstractApplicationContext.java:1232) ~[spring-context-6.1.2.jar:6.1.2]
	at org.springframework.context.support.AbstractApplicationContext.finishBeanFactoryInitialization(AbstractApplicationContext.java:950) ~[spring-context-6.1.2.jar:6.1.2]
	at org.springframework.context.support.AbstractApplicationContext.refresh(AbstractApplicationContext.java:625) ~[spring-context-6.1.2.jar:6.1.2]
	at org.springframework.boot.web.servlet.context.ServletWebServerApplicationContext.refresh(ServletWebServerApplicationContext.java:146) ~[spring-boot-3.2.1.jar:3.2.1]
	at org.springframework.boot.SpringApplication.refresh(SpringApplication.java:762) ~[spring-boot-3.2.1.jar:3.2.1]
	at org.springframework.boot.SpringApplication.refreshContext(SpringApplication.java:464) ~[spring-boot-3.2.1.jar:3.2.1]
	at org.springframework.boot.SpringApplication.run(SpringApplication.java:334) ~[spring-boot-3.2.1.jar:3.2.1]
	at org.springframework.boot.SpringApplication.run(SpringApplication.java:1358) ~[spring-boot-3.2.1.jar:3.2.1]
	at org.springframework.boot.SpringApplication.run(SpringApplication.java:1347) ~[spring-boot-3.2.1.jar:3.2.1]
	at com.orderplatform.order.OrderServiceApplication.main(OrderServiceApplication.java:10) ~[main/:na]
Caused by: org.flywaydb.core.internal.exception.FlywaySqlException: Unable to obtain connection from database: Подсоединение по адресу localhost:5432 отклонено. Проверьте что хост и порт указаны правильно и что postmaster принимает TCP/IP-подсоединения.
-----------------------------------------------------------------------------------------------------------------------------------------------------------------------------------------
SQL State  : 08001
Error Code : 0
Message    : Подсоединение по адресу localhost:5432 отклонено. Проверьте что хост и порт указаны правильно и что postmaster принимает TCP/IP-подсоединения.

	at org.flywaydb.core.internal.jdbc.JdbcUtils.openConnection(JdbcUtils.java:60) ~[flyway-core-9.22.3.jar:na]
	at org.flywaydb.core.internal.jdbc.JdbcConnectionFactory.<init>(JdbcConnectionFactory.java:74) ~[flyway-core-9.22.3.jar:na]
	at org.flywaydb.core.FlywayExecutor.execute(FlywayExecutor.java:142) ~[flyway-core-9.22.3.jar:na]
	at org.flywaydb.core.Flyway.migrate(Flyway.java:140) ~[flyway-core-9.22.3.jar:na]
	at org.springframework.boot.autoconfigure.flyway.FlywayMigrationInitializer.afterPropertiesSet(FlywayMigrationInitializer.java:66) ~[spring-boot-autoconfigure-3.2.1.jar:3.2.1]
	at org.springframework.beans.factory.support.AbstractAutowireCapableBeanFactory.invokeInitMethods(AbstractAutowireCapableBeanFactory.java:1820) ~[spring-beans-6.1.2.jar:6.1.2]
	at org.springframework.beans.factory.support.AbstractAutowireCapableBeanFactory.initializeBean(AbstractAutowireCapableBeanFactory.java:1769) ~[spring-beans-6.1.2.jar:6.1.2]
	... 18 common frames omitted
Caused by: org.postgresql.util.PSQLException: Подсоединение по адресу localhost:5432 отклонено. Проверьте что хост и порт указаны правильно и что postmaster принимает TCP/IP-подсоединения.
	at org.postgresql.core.v3.ConnectionFactoryImpl.openConnectionImpl(ConnectionFactoryImpl.java:342) ~[postgresql-42.7.1.jar:42.7.1]
	at org.postgresql.core.ConnectionFactory.openConnection(ConnectionFactory.java:54) ~[postgresql-42.7.1.jar:42.7.1]
	at org.postgresql.jdbc.PgConnection.<init>(PgConnection.java:263) ~[postgresql-42.7.1.jar:42.7.1]
	at org.postgresql.Driver.makeConnection(Driver.java:444) ~[postgresql-42.7.1.jar:42.7.1]
	at org.postgresql.Driver.connect(Driver.java:297) ~[postgresql-42.7.1.jar:42.7.1]
	at com.zaxxer.hikari.util.DriverDataSource.getConnection(DriverDataSource.java:138) ~[HikariCP-5.0.1.jar:na]
	at com.zaxxer.hikari.pool.PoolBase.newConnection(PoolBase.java:359) ~[HikariCP-5.0.1.jar:na]
	at com.zaxxer.hikari.pool.PoolBase.newPoolEntry(PoolBase.java:201) ~[HikariCP-5.0.1.jar:na]
	at com.zaxxer.hikari.pool.HikariPool.createPoolEntry(HikariPool.java:470) ~[HikariCP-5.0.1.jar:na]
	at com.zaxxer.hikari.pool.HikariPool.checkFailFast(HikariPool.java:561) ~[HikariCP-5.0.1.jar:na]
	at com.zaxxer.hikari.pool.HikariPool.<init>(HikariPool.java:100) ~[HikariCP-5.0.1.jar:na]
	at com.zaxxer.hikari.HikariDataSource.getConnection(HikariDataSource.java:112) ~[HikariCP-5.0.1.jar:na]
	at org.flywaydb.core.internal.jdbc.JdbcUtils.openConnection(JdbcUtils.java:48) ~[flyway-core-9.22.3.jar:na]
	... 24 common frames omitted
Caused by: java.net.ConnectException: Connection refused: getsockopt
	at java.base/sun.nio.ch.Net.pollConnect(Native Method) ~[na:na]
	at java.base/sun.nio.ch.Net.pollConnectNow(Net.java:682) ~[na:na]
	at java.base/sun.nio.ch.NioSocketImpl.timedFinishConnect(NioSocketImpl.java:542) ~[na:na]
	at java.base/sun.nio.ch.NioSocketImpl.connect(NioSocketImpl.java:592) ~[na:na]
	at java.base/java.net.SocksSocketImpl.connect(SocksSocketImpl.java:327) ~[na:na]
	at java.base/java.net.Socket.connect(Socket.java:751) ~[na:na]
	at org.postgresql.core.PGStream.createSocket(PGStream.java:243) ~[postgresql-42.7.1.jar:42.7.1]
	at org.postgresql.core.PGStream.<init>(PGStream.java:98) ~[postgresql-42.7.1.jar:42.7.1]
	at org.postgresql.core.v3.ConnectionFactoryImpl.tryConnect(ConnectionFactoryImpl.java:132) ~[postgresql-42.7.1.jar:42.7.1]
	at org.postgresql.core.v3.ConnectionFactoryImpl.openConnectionImpl(ConnectionFactoryImpl.java:258) ~[postgresql-42.7.1.jar:42.7.1]
	... 36 common frames omitted

2026-01-09T20:06:29.954+03:00  INFO 4604 --- [order-service] [main] c.o.order.OrderServiceApplication        : Starting OrderServiceApplication using Java 21.0.7 with PID 4604 (C:\dev\order-processing-platform\order-service\build\classes\java\main started by Kukyo in C:\dev\order-processing-platform)
2026-01-09T20:06:29.956+03:00 DEBUG 4604 --- [order-service] [main] c.o.order.OrderServiceApplication        : Running with Spring Boot v3.2.1, Spring v6.1.2
2026-01-09T20:06:29.956+03:00  INFO 4604 --- [order-service] [main] c.o.order.OrderServiceApplication        : No active profile set, falling back to 1 default profile: "default"
2026-01-09T20:06:30.790+03:00  INFO 4604 --- [order-service] [main] .s.d.r.c.RepositoryConfigurationDelegate : Bootstrapping Spring Data JPA repositories in DEFAULT mode.
2026-01-09T20:06:30.834+03:00  INFO 4604 --- [order-service] [main] .s.d.r.c.RepositoryConfigurationDelegate : Finished Spring Data repository scanning in 39 ms. Found 3 JPA repository interfaces.
2026-01-09T20:06:31.458+03:00  INFO 4604 --- [order-service] [main] o.s.b.w.embedded.tomcat.TomcatWebServer  : Tomcat initialized with port 8083 (http)
2026-01-09T20:06:31.468+03:00  INFO 4604 --- [order-service] [main] o.apache.catalina.core.StandardService   : Starting service [Tomcat]
2026-01-09T20:06:31.469+03:00  INFO 4604 --- [order-service] [main] o.apache.catalina.core.StandardEngine    : Starting Servlet engine: [Apache Tomcat/10.1.17]
2026-01-09T20:06:31.521+03:00  INFO 4604 --- [order-service] [main] o.a.c.c.C.[Tomcat].[localhost].[/]       : Initializing Spring embedded WebApplicationContext
2026-01-09T20:06:31.521+03:00  INFO 4604 --- [order-service] [main] w.s.c.ServletWebServerApplicationContext : Root WebApplicationContext: initialization completed in 1530 ms
2026-01-09T20:06:31.771+03:00  INFO 4604 --- [order-service] [main] com.zaxxer.hikari.HikariDataSource       : HikariPool-1 - Starting...
2026-01-09T20:06:31.893+03:00  INFO 4604 --- [order-service] [main] com.zaxxer.hikari.pool.HikariPool        : HikariPool-1 - Added connection org.postgresql.jdbc.PgConnection@1b317e7d
2026-01-09T20:06:31.894+03:00  INFO 4604 --- [order-service] [main] com.zaxxer.hikari.HikariDataSource       : HikariPool-1 - Start completed.
2026-01-09T20:06:31.942+03:00  INFO 4604 --- [order-service] [main] o.f.c.internal.license.VersionPrinter    : Flyway Community Edition 9.22.3 by Redgate
2026-01-09T20:06:31.942+03:00  INFO 4604 --- [order-service] [main] o.f.c.internal.license.VersionPrinter    : See release notes here: https://rd.gt/416ObMi
2026-01-09T20:06:31.942+03:00  INFO 4604 --- [order-service] [main] o.f.c.internal.license.VersionPrinter    : 
2026-01-09T20:06:31.953+03:00  INFO 4604 --- [order-service] [main] org.flywaydb.core.FlywayExecutor         : Database: jdbc:postgresql://localhost:5432/order_service_db (PostgreSQL 15.15)
2026-01-09T20:06:32.006+03:00  INFO 4604 --- [order-service] [main] o.f.core.internal.command.DbValidate     : Successfully validated 1 migration (execution time 00:00.031s)
2026-01-09T20:06:32.039+03:00  INFO 4604 --- [order-service] [main] o.f.core.internal.command.DbMigrate      : Current version of schema "public": 1
2026-01-09T20:06:32.043+03:00  INFO 4604 --- [order-service] [main] o.f.core.internal.command.DbMigrate      : Schema "public" is up to date. No migration necessary.
2026-01-09T20:06:32.122+03:00  INFO 4604 --- [order-service] [main] o.hibernate.jpa.internal.util.LogHelper  : HHH000204: Processing PersistenceUnitInfo [name: default]
2026-01-09T20:06:32.178+03:00  INFO 4604 --- [order-service] [main] org.hibernate.Version                    : HHH000412: Hibernate ORM core version 6.4.1.Final
2026-01-09T20:06:32.205+03:00  INFO 4604 --- [order-service] [main] o.h.c.internal.RegionFactoryInitiator    : HHH000026: Second-level cache disabled
2026-01-09T20:06:32.416+03:00  INFO 4604 --- [order-service] [main] o.s.o.j.p.SpringPersistenceUnitInfo      : No LoadTimeWeaver setup: ignoring JPA class transformer
2026-01-09T20:06:32.459+03:00  WARN 4604 --- [order-service] [main] org.hibernate.orm.deprecation            : HHH90000025: PostgreSQLDialect does not need to be specified explicitly using 'hibernate.dialect' (remove the property setting and it will be selected by default)
2026-01-09T20:06:33.233+03:00  INFO 4604 --- [order-service] [main] o.h.e.t.j.p.i.JtaPlatformInitiator       : HHH000489: No JTA platform available (set 'hibernate.transaction.jta.platform' to enable JTA platform integration)
2026-01-09T20:06:33.273+03:00  INFO 4604 --- [order-service] [main] j.LocalContainerEntityManagerFactoryBean : Initialized JPA EntityManagerFactory for persistence unit 'default'
2026-01-09T20:06:33.529+03:00  INFO 4604 --- [order-service] [main] o.s.d.j.r.query.QueryEnhancerFactory     : Hibernate is in classpath; If applicable, HQL parser will be used.
2026-01-09T20:06:34.112+03:00  WARN 4604 --- [order-service] [main] JpaBaseConfiguration$JpaWebConfiguration : spring.jpa.open-in-view is enabled by default. Therefore, database queries may be performed during view rendering. Explicitly configure spring.jpa.open-in-view to disable this warning
2026-01-09T20:06:34.526+03:00  INFO 4604 --- [order-service] [main] o.s.b.a.e.web.EndpointLinksResolver      : Exposing 4 endpoint(s) beneath base path '/actuator'
2026-01-09T20:06:34.608+03:00  INFO 4604 --- [order-service] [main] o.s.s.web.DefaultSecurityFilterChain     : Will secure any request with [org.springframework.security.web.session.DisableEncodeUrlFilter@37aedfcc, org.springframework.security.web.context.request.async.WebAsyncManagerIntegrationFilter@69aa2adb, org.springframework.security.web.context.SecurityContextHolderFilter@57fefa97, org.springframework.security.web.header.HeaderWriterFilter@3df9b24b, org.springframework.web.filter.CorsFilter@356f7c71, org.springframework.security.web.authentication.logout.LogoutFilter@162807e5, org.springframework.security.web.authentication.www.BasicAuthenticationFilter@57e17da, org.springframework.security.web.savedrequest.RequestCacheAwareFilter@56912047, org.springframework.security.web.servletapi.SecurityContextHolderAwareRequestFilter@2a09e0d4, org.springframework.security.web.authentication.AnonymousAuthenticationFilter@13d57fd0, org.springframework.security.web.access.ExceptionTranslationFilter@79176fe4, org.springframework.security.web.access.intercept.AuthorizationFilter@3e095ba6]
2026-01-09T20:06:35.254+03:00  INFO 4604 --- [order-service] [main] o.s.b.w.embedded.tomcat.TomcatWebServer  : Tomcat started on port 8083 (http) with context path ''
2026-01-09T20:06:35.296+03:00  INFO 4604 --- [order-service] [main] o.a.k.clients.consumer.ConsumerConfig    : ConsumerConfig values: 
	allow.auto.create.topics = true
	auto.commit.interval.ms = 5000
	auto.include.jmx.reporter = true
	auto.offset.reset = latest
	bootstrap.servers = [localhost:9092]
	check.crcs = true
	client.dns.lookup = use_all_dns_ips
	client.id = consumer-order-service-1
	client.rack = 
	connections.max.idle.ms = 540000
	default.api.timeout.ms = 60000
	enable.auto.commit = false
	exclude.internal.topics = true
	fetch.max.bytes = 52428800
	fetch.max.wait.ms = 500
	fetch.min.bytes = 1
	group.id = order-service
	group.instance.id = null
	heartbeat.interval.ms = 3000
	interceptor.classes = []
	internal.leave.group.on.close = true
	internal.throw.on.fetch.stable.offset.unsupported = false
	isolation.level = read_uncommitted
	key.deserializer = class org.apache.kafka.common.serialization.StringDeserializer
	max.partition.fetch.bytes = 1048576
	max.poll.interval.ms = 300000
	max.poll.records = 500
	metadata.max.age.ms = 300000
	metric.reporters = []
	metrics.num.samples = 2
	metrics.recording.level = INFO
	metrics.sample.window.ms = 30000
	partition.assignment.strategy = [class org.apache.kafka.clients.consumer.RangeAssignor, class org.apache.kafka.clients.consumer.CooperativeStickyAssignor]
	receive.buffer.bytes = 65536
	reconnect.backoff.max.ms = 1000
	reconnect.backoff.ms = 50
	request.timeout.ms = 30000
	retry.backoff.ms = 100
	sasl.client.callback.handler.class = null
	sasl.jaas.config = null
	sasl.kerberos.kinit.cmd = /usr/bin/kinit
	sasl.kerberos.min.time.before.relogin = 60000
	sasl.kerberos.service.name = null
	sasl.kerberos.ticket.renew.jitter = 0.05
	sasl.kerberos.ticket.renew.window.factor = 0.8
	sasl.login.callback.handler.class = null
	sasl.login.class = null
	sasl.login.connect.timeout.ms = null
	sasl.login.read.timeout.ms = null
	sasl.login.refresh.buffer.seconds = 300
	sasl.login.refresh.min.period.seconds = 60
	sasl.login.refresh.window.factor = 0.8
	sasl.login.refresh.window.jitter = 0.05
	sasl.login.retry.backoff.max.ms = 10000
	sasl.login.retry.backoff.ms = 100
	sasl.mechanism = GSSAPI
	sasl.oauthbearer.clock.skew.seconds = 30
	sasl.oauthbearer.expected.audience = null
	sasl.oauthbearer.expected.issuer = null
	sasl.oauthbearer.jwks.endpoint.refresh.ms = 3600000
	sasl.oauthbearer.jwks.endpoint.retry.backoff.max.ms = 10000
	sasl.oauthbearer.jwks.endpoint.retry.backoff.ms = 100
	sasl.oauthbearer.jwks.endpoint.url = null
	sasl.oauthbearer.scope.claim.name = scope
	sasl.oauthbearer.sub.claim.name = sub
	sasl.oauthbearer.token.endpoint.url = null
	security.protocol = PLAINTEXT
	security.providers = null
	send.buffer.bytes = 131072
	session.timeout.ms = 45000
	socket.connection.setup.timeout.max.ms = 30000
	socket.connection.setup.timeout.ms = 10000
	ssl.cipher.suites = null
	ssl.enabled.protocols = [TLSv1.2, TLSv1.3]
	ssl.endpoint.identification.algorithm = https
	ssl.engine.factory.class = null
	ssl.key.password = null
	ssl.keymanager.algorithm = SunX509
	ssl.keystore.certificate.chain = null
	ssl.keystore.key = null
	ssl.keystore.location = null
	ssl.keystore.password = null
	ssl.keystore.type = JKS
	ssl.protocol = TLSv1.3
	ssl.provider = null
	ssl.secure.random.implementation = null
	ssl.trustmanager.algorithm = PKIX
	ssl.truststore.certificates = null
	ssl.truststore.location = null
	ssl.truststore.password = null
	ssl.truststore.type = JKS
	value.deserializer = class org.springframework.kafka.support.serializer.JsonDeserializer

2026-01-09T20:06:35.380+03:00  INFO 4604 --- [order-service] [main] o.a.kafka.common.utils.AppInfoParser     : Kafka version: 3.6.1
2026-01-09T20:06:35.380+03:00  INFO 4604 --- [order-service] [main] o.a.kafka.common.utils.AppInfoParser     : Kafka commitId: 5e3c2b738d253ff5
2026-01-09T20:06:35.380+03:00  INFO 4604 --- [order-service] [main] o.a.kafka.common.utils.AppInfoParser     : Kafka startTimeMs: 1767978395379
2026-01-09T20:06:35.386+03:00  INFO 4604 --- [order-service] [main] fkaConsumerFactory$ExtendedKafkaConsumer : [Consumer clientId=consumer-order-service-1, groupId=order-service] Subscribed to topic(s): inventory.failed
2026-01-09T20:06:35.392+03:00  INFO 4604 --- [order-service] [main] o.a.k.clients.consumer.ConsumerConfig    : ConsumerConfig values: 
	allow.auto.create.topics = true
	auto.commit.interval.ms = 5000
	auto.include.jmx.reporter = true
	auto.offset.reset = latest
	bootstrap.servers = [localhost:9092]
	check.crcs = true
	client.dns.lookup = use_all_dns_ips
	client.id = consumer-order-service-2
	client.rack = 
	connections.max.idle.ms = 540000
	default.api.timeout.ms = 60000
	enable.auto.commit = false
	exclude.internal.topics = true
	fetch.max.bytes = 52428800
	fetch.max.wait.ms = 500
	fetch.min.bytes = 1
	group.id = order-service
	group.instance.id = null
	heartbeat.interval.ms = 3000
	interceptor.classes = []
	internal.leave.group.on.close = true
	internal.throw.on.fetch.stable.offset.unsupported = false
	isolation.level = read_uncommitted
	key.deserializer = class org.apache.kafka.common.serialization.StringDeserializer
	max.partition.fetch.bytes = 1048576
	max.poll.interval.ms = 300000
	max.poll.records = 500
	metadata.max.age.ms = 300000
	metric.reporters = []
	metrics.num.samples = 2
	metrics.recording.level = INFO
	metrics.sample.window.ms = 30000
	partition.assignment.strategy = [class org.apache.kafka.clients.consumer.RangeAssignor, class org.apache.kafka.clients.consumer.CooperativeStickyAssignor]
	receive.buffer.bytes = 65536
	reconnect.backoff.max.ms = 1000
	reconnect.backoff.ms = 50
	request.timeout.ms = 30000
	retry.backoff.ms = 100
	sasl.client.callback.handler.class = null
	sasl.jaas.config = null
	sasl.kerberos.kinit.cmd = /usr/bin/kinit
	sasl.kerberos.min.time.before.relogin = 60000
	sasl.kerberos.service.name = null
	sasl.kerberos.ticket.renew.jitter = 0.05
	sasl.kerberos.ticket.renew.window.factor = 0.8
	sasl.login.callback.handler.class = null
	sasl.login.class = null
	sasl.login.connect.timeout.ms = null
	sasl.login.read.timeout.ms = null
	sasl.login.refresh.buffer.seconds = 300
	sasl.login.refresh.min.period.seconds = 60
	sasl.login.refresh.window.factor = 0.8
	sasl.login.refresh.window.jitter = 0.05
	sasl.login.retry.backoff.max.ms = 10000
	sasl.login.retry.backoff.ms = 100
	sasl.mechanism = GSSAPI
	sasl.oauthbearer.clock.skew.seconds = 30
	sasl.oauthbearer.expected.audience = null
	sasl.oauthbearer.expected.issuer = null
	sasl.oauthbearer.jwks.endpoint.refresh.ms = 3600000
	sasl.oauthbearer.jwks.endpoint.retry.backoff.max.ms = 10000
	sasl.oauthbearer.jwks.endpoint.retry.backoff.ms = 100
	sasl.oauthbearer.jwks.endpoint.url = null
	sasl.oauthbearer.scope.claim.name = scope
	sasl.oauthbearer.sub.claim.name = sub
	sasl.oauthbearer.token.endpoint.url = null
	security.protocol = PLAINTEXT
	security.providers = null
	send.buffer.bytes = 131072
	session.timeout.ms = 45000
	socket.connection.setup.timeout.max.ms = 30000
	socket.connection.setup.timeout.ms = 10000
	ssl.cipher.suites = null
	ssl.enabled.protocols = [TLSv1.2, TLSv1.3]
	ssl.endpoint.identification.algorithm = https
	ssl.engine.factory.class = null
	ssl.key.password = null
	ssl.keymanager.algorithm = SunX509
	ssl.keystore.certificate.chain = null
	ssl.keystore.key = null
	ssl.keystore.location = null
	ssl.keystore.password = null
	ssl.keystore.type = JKS
	ssl.protocol = TLSv1.3
	ssl.provider = null
	ssl.secure.random.implementation = null
	ssl.trustmanager.algorithm = PKIX
	ssl.truststore.certificates = null
	ssl.truststore.location = null
	ssl.truststore.password = null
	ssl.truststore.type = JKS
	value.deserializer = class org.springframework.kafka.support.serializer.JsonDeserializer

2026-01-09T20:06:35.396+03:00  INFO 4604 --- [order-service] [main] o.a.kafka.common.utils.AppInfoParser     : Kafka version: 3.6.1
2026-01-09T20:06:35.396+03:00  INFO 4604 --- [order-service] [main] o.a.kafka.common.utils.AppInfoParser     : Kafka commitId: 5e3c2b738d253ff5
2026-01-09T20:06:35.396+03:00  INFO 4604 --- [order-service] [main] o.a.kafka.common.utils.AppInfoParser     : Kafka startTimeMs: 1767978395396
2026-01-09T20:06:35.396+03:00  INFO 4604 --- [order-service] [main] fkaConsumerFactory$ExtendedKafkaConsumer : [Consumer clientId=consumer-order-service-2, groupId=order-service] Subscribed to topic(s): inventory.reserved
2026-01-09T20:06:35.400+03:00  INFO 4604 --- [order-service] [main] o.a.k.clients.consumer.ConsumerConfig    : ConsumerConfig values: 
	allow.auto.create.topics = true
	auto.commit.interval.ms = 5000
	auto.include.jmx.reporter = true
	auto.offset.reset = latest
	bootstrap.servers = [localhost:9092]
	check.crcs = true
	client.dns.lookup = use_all_dns_ips
	client.id = consumer-order-service-3
	client.rack = 
	connections.max.idle.ms = 540000
	default.api.timeout.ms = 60000
	enable.auto.commit = false
	exclude.internal.topics = true
	fetch.max.bytes = 52428800
	fetch.max.wait.ms = 500
	fetch.min.bytes = 1
	group.id = order-service
	group.instance.id = null
	heartbeat.interval.ms = 3000
	interceptor.classes = []
	internal.leave.group.on.close = true
	internal.throw.on.fetch.stable.offset.unsupported = false
	isolation.level = read_uncommitted
	key.deserializer = class org.apache.kafka.common.serialization.StringDeserializer
	max.partition.fetch.bytes = 1048576
	max.poll.interval.ms = 300000
	max.poll.records = 500
	metadata.max.age.ms = 300000
	metric.reporters = []
	metrics.num.samples = 2
	metrics.recording.level = INFO
	metrics.sample.window.ms = 30000
	partition.assignment.strategy = [class org.apache.kafka.clients.consumer.RangeAssignor, class org.apache.kafka.clients.consumer.CooperativeStickyAssignor]
	receive.buffer.bytes = 65536
	reconnect.backoff.max.ms = 1000
	reconnect.backoff.ms = 50
	request.timeout.ms = 30000
	retry.backoff.ms = 100
	sasl.client.callback.handler.class = null
	sasl.jaas.config = null
	sasl.kerberos.kinit.cmd = /usr/bin/kinit
	sasl.kerberos.min.time.before.relogin = 60000
	sasl.kerberos.service.name = null
	sasl.kerberos.ticket.renew.jitter = 0.05
	sasl.kerberos.ticket.renew.window.factor = 0.8
	sasl.login.callback.handler.class = null
	sasl.login.class = null
	sasl.login.connect.timeout.ms = null
	sasl.login.read.timeout.ms = null
	sasl.login.refresh.buffer.seconds = 300
	sasl.login.refresh.min.period.seconds = 60
	sasl.login.refresh.window.factor = 0.8
	sasl.login.refresh.window.jitter = 0.05
	sasl.login.retry.backoff.max.ms = 10000
	sasl.login.retry.backoff.ms = 100
	sasl.mechanism = GSSAPI
	sasl.oauthbearer.clock.skew.seconds = 30
	sasl.oauthbearer.expected.audience = null
	sasl.oauthbearer.expected.issuer = null
	sasl.oauthbearer.jwks.endpoint.refresh.ms = 3600000
	sasl.oauthbearer.jwks.endpoint.retry.backoff.max.ms = 10000
	sasl.oauthbearer.jwks.endpoint.retry.backoff.ms = 100
	sasl.oauthbearer.jwks.endpoint.url = null
	sasl.oauthbearer.scope.claim.name = scope
	sasl.oauthbearer.sub.claim.name = sub
	sasl.oauthbearer.token.endpoint.url = null
	security.protocol = PLAINTEXT
	security.providers = null
	send.buffer.bytes = 131072
	session.timeout.ms = 45000
	socket.connection.setup.timeout.max.ms = 30000
	socket.connection.setup.timeout.ms = 10000
	ssl.cipher.suites = null
	ssl.enabled.protocols = [TLSv1.2, TLSv1.3]
	ssl.endpoint.identification.algorithm = https
	ssl.engine.factory.class = null
	ssl.key.password = null
	ssl.keymanager.algorithm = SunX509
	ssl.keystore.certificate.chain = null
	ssl.keystore.key = null
	ssl.keystore.location = null
	ssl.keystore.password = null
	ssl.keystore.type = JKS
	ssl.protocol = TLSv1.3
	ssl.provider = null
	ssl.secure.random.implementation = null
	ssl.trustmanager.algorithm = PKIX
	ssl.truststore.certificates = null
	ssl.truststore.location = null
	ssl.truststore.password = null
	ssl.truststore.type = JKS
	value.deserializer = class org.springframework.kafka.support.serializer.JsonDeserializer

2026-01-09T20:06:35.404+03:00  INFO 4604 --- [order-service] [main] o.a.kafka.common.utils.AppInfoParser     : Kafka version: 3.6.1
2026-01-09T20:06:35.404+03:00  INFO 4604 --- [order-service] [main] o.a.kafka.common.utils.AppInfoParser     : Kafka commitId: 5e3c2b738d253ff5
2026-01-09T20:06:35.404+03:00  INFO 4604 --- [order-service] [main] o.a.kafka.common.utils.AppInfoParser     : Kafka startTimeMs: 1767978395404
2026-01-09T20:06:35.405+03:00  INFO 4604 --- [order-service] [main] fkaConsumerFactory$ExtendedKafkaConsumer : [Consumer clientId=consumer-order-service-3, groupId=order-service] Subscribed to topic(s): payment.completed
2026-01-09T20:06:35.407+03:00  INFO 4604 --- [order-service] [main] o.a.k.clients.consumer.ConsumerConfig    : ConsumerConfig values: 
	allow.auto.create.topics = true
	auto.commit.interval.ms = 5000
	auto.include.jmx.reporter = true
	auto.offset.reset = latest
	bootstrap.servers = [localhost:9092]
	check.crcs = true
	client.dns.lookup = use_all_dns_ips
	client.id = consumer-order-service-4
	client.rack = 
	connections.max.idle.ms = 540000
	default.api.timeout.ms = 60000
	enable.auto.commit = false
	exclude.internal.topics = true
	fetch.max.bytes = 52428800
	fetch.max.wait.ms = 500
	fetch.min.bytes = 1
	group.id = order-service
	group.instance.id = null
	heartbeat.interval.ms = 3000
	interceptor.classes = []
	internal.leave.group.on.close = true
	internal.throw.on.fetch.stable.offset.unsupported = false
	isolation.level = read_uncommitted
	key.deserializer = class org.apache.kafka.common.serialization.StringDeserializer
	max.partition.fetch.bytes = 1048576
	max.poll.interval.ms = 300000
	max.poll.records = 500
	metadata.max.age.ms = 300000
	metric.reporters = []
	metrics.num.samples = 2
	metrics.recording.level = INFO
	metrics.sample.window.ms = 30000
	partition.assignment.strategy = [class org.apache.kafka.clients.consumer.RangeAssignor, class org.apache.kafka.clients.consumer.CooperativeStickyAssignor]
	receive.buffer.bytes = 65536
	reconnect.backoff.max.ms = 1000
	reconnect.backoff.ms = 50
	request.timeout.ms = 30000
	retry.backoff.ms = 100
	sasl.client.callback.handler.class = null
	sasl.jaas.config = null
	sasl.kerberos.kinit.cmd = /usr/bin/kinit
	sasl.kerberos.min.time.before.relogin = 60000
	sasl.kerberos.service.name = null
	sasl.kerberos.ticket.renew.jitter = 0.05
	sasl.kerberos.ticket.renew.window.factor = 0.8
	sasl.login.callback.handler.class = null
	sasl.login.class = null
	sasl.login.connect.timeout.ms = null
	sasl.login.read.timeout.ms = null
	sasl.login.refresh.buffer.seconds = 300
	sasl.login.refresh.min.period.seconds = 60
	sasl.login.refresh.window.factor = 0.8
	sasl.login.refresh.window.jitter = 0.05
	sasl.login.retry.backoff.max.ms = 10000
	sasl.login.retry.backoff.ms = 100
	sasl.mechanism = GSSAPI
	sasl.oauthbearer.clock.skew.seconds = 30
	sasl.oauthbearer.expected.audience = null
	sasl.oauthbearer.expected.issuer = null
	sasl.oauthbearer.jwks.endpoint.refresh.ms = 3600000
	sasl.oauthbearer.jwks.endpoint.retry.backoff.max.ms = 10000
	sasl.oauthbearer.jwks.endpoint.retry.backoff.ms = 100
	sasl.oauthbearer.jwks.endpoint.url = null
	sasl.oauthbearer.scope.claim.name = scope
	sasl.oauthbearer.sub.claim.name = sub
	sasl.oauthbearer.token.endpoint.url = null
	security.protocol = PLAINTEXT
	security.providers = null
	send.buffer.bytes = 131072
	session.timeout.ms = 45000
	socket.connection.setup.timeout.max.ms = 30000
	socket.connection.setup.timeout.ms = 10000
	ssl.cipher.suites = null
	ssl.enabled.protocols = [TLSv1.2, TLSv1.3]
	ssl.endpoint.identification.algorithm = https
	ssl.engine.factory.class = null
	ssl.key.password = null
	ssl.keymanager.algorithm = SunX509
	ssl.keystore.certificate.chain = null
	ssl.keystore.key = null
	ssl.keystore.location = null
	ssl.keystore.password = null
	ssl.keystore.type = JKS
	ssl.protocol = TLSv1.3
	ssl.provider = null
	ssl.secure.random.implementation = null
	ssl.trustmanager.algorithm = PKIX
	ssl.truststore.certificates = null
	ssl.truststore.location = null
	ssl.truststore.password = null
	ssl.truststore.type = JKS
	value.deserializer = class org.springframework.kafka.support.serializer.JsonDeserializer

2026-01-09T20:06:35.410+03:00  INFO 4604 --- [order-service] [main] o.a.kafka.common.utils.AppInfoParser     : Kafka version: 3.6.1
2026-01-09T20:06:35.410+03:00  INFO 4604 --- [order-service] [main] o.a.kafka.common.utils.AppInfoParser     : Kafka commitId: 5e3c2b738d253ff5
2026-01-09T20:06:35.410+03:00  INFO 4604 --- [order-service] [main] o.a.kafka.common.utils.AppInfoParser     : Kafka startTimeMs: 1767978395410
2026-01-09T20:06:35.410+03:00  INFO 4604 --- [order-service] [main] fkaConsumerFactory$ExtendedKafkaConsumer : [Consumer clientId=consumer-order-service-4, groupId=order-service] Subscribed to topic(s): payment.failed
2026-01-09T20:06:35.419+03:00  INFO 4604 --- [order-service] [main] c.o.order.OrderServiceApplication        : Started OrderServiceApplication in 5.868 seconds (process running for 6.387)
2026-01-09T20:06:35.675+03:00  INFO 4604 --- [order-service] [RMI TCP Connection(3)-192.168.1.107] o.a.c.c.C.[Tomcat].[localhost].[/]       : Initializing Spring DispatcherServlet 'dispatcherServlet'
2026-01-09T20:06:35.675+03:00  INFO 4604 --- [order-service] [RMI TCP Connection(3)-192.168.1.107] o.s.web.servlet.DispatcherServlet        : Initializing Servlet 'dispatcherServlet'
2026-01-09T20:06:35.677+03:00  INFO 4604 --- [order-service] [RMI TCP Connection(3)-192.168.1.107] o.s.web.servlet.DispatcherServlet        : Completed initialization in 2 ms
2026-01-09T20:06:35.720+03:00  INFO 4604 --- [order-service] [org.springframework.kafka.KafkaListenerEndpointContainer#0-0-C-1] org.apache.kafka.clients.NetworkClient   : [Consumer clientId=consumer-order-service-3, groupId=order-service] Node -1 disconnected.
2026-01-09T20:06:35.720+03:00  INFO 4604 --- [order-service] [org.springframework.kafka.KafkaListenerEndpointContainer#2-0-C-1] org.apache.kafka.clients.NetworkClient   : [Consumer clientId=consumer-order-service-1, groupId=order-service] Node -1 disconnected.
2026-01-09T20:06:35.720+03:00  INFO 4604 --- [order-service] [org.springframework.kafka.KafkaListenerEndpointContainer#3-0-C-1] org.apache.kafka.clients.NetworkClient   : [Consumer clientId=consumer-order-service-2, groupId=order-service] Node -1 disconnected.
2026-01-09T20:06:35.720+03:00  INFO 4604 --- [order-service] [org.springframework.kafka.KafkaListenerEndpointContainer#1-0-C-1] org.apache.kafka.clients.NetworkClient   : [Consumer clientId=consumer-order-service-4, groupId=order-service] Node -1 disconnected.
2026-01-09T20:06:35.723+03:00  WARN 4604 --- [order-service] [org.springframework.kafka.KafkaListenerEndpointContainer#3-0-C-1] org.apache.kafka.clients.NetworkClient   : [Consumer clientId=consumer-order-service-2, groupId=order-service] Connection to node -1 (localhost/127.0.0.1:9092) could not be established. Broker may not be available.
2026-01-09T20:06:35.723+03:00  WARN 4604 --- [order-service] [org.springframework.kafka.KafkaListenerEndpointContainer#2-0-C-1] org.apache.kafka.clients.NetworkClient   : [Consumer clientId=consumer-order-service-1, groupId=order-service] Connection to node -1 (localhost/127.0.0.1:9092) could not be established. Broker may not be available.
2026-01-09T20:06:35.723+03:00  WARN 4604 --- [order-service] [org.springframework.kafka.KafkaListenerEndpointContainer#0-0-C-1] org.apache.kafka.clients.NetworkClient   : [Consumer clientId=consumer-order-service-3, groupId=order-service] Connection to node -1 (localhost/127.0.0.1:9092) could not be established. Broker may not be available.
2026-01-09T20:06:35.723+03:00  WARN 4604 --- [order-service] [org.springframework.kafka.KafkaListenerEndpointContainer#1-0-C-1] org.apache.kafka.clients.NetworkClient   : [Consumer clientId=consumer-order-service-4, groupId=order-service] Connection to node -1 (localhost/127.0.0.1:9092) could not be established. Broker may not be available.
2026-01-09T20:06:35.723+03:00  WARN 4604 --- [order-service] [org.springframework.kafka.KafkaListenerEndpointContainer#0-0-C-1] org.apache.kafka.clients.NetworkClient   : [Consumer clientId=consumer-order-service-3, groupId=order-service] Bootstrap broker localhost:9092 (id: -1 rack: null) disconnected
2026-01-09T20:06:35.723+03:00  WARN 4604 --- [order-service] [org.springframework.kafka.KafkaListenerEndpointContainer#2-0-C-1] org.apache.kafka.clients.NetworkClient   : [Consumer clientId=consumer-order-service-1, groupId=order-service] Bootstrap broker localhost:9092 (id: -1 rack: null) disconnected
2026-01-09T20:06:35.723+03:00  WARN 4604 --- [order-service] [org.springframework.kafka.KafkaListenerEndpointContainer#3-0-C-1] org.apache.kafka.clients.NetworkClient   : [Consumer clientId=consumer-order-service-2, groupId=order-service] Bootstrap broker localhost:9092 (id: -1 rack: null) disconnected
2026-01-09T20:06:35.723+03:00  WARN 4604 --- [order-service] [org.springframework.kafka.KafkaListenerEndpointContainer#1-0-C-1] org.apache.kafka.clients.NetworkClient   : [Consumer clientId=consumer-order-service-4, groupId=order-service] Bootstrap broker localhost:9092 (id: -1 rack: null) disconnected
2026-01-09T20:06:35.831+03:00  INFO 4604 --- [order-service] [org.springframework.kafka.KafkaListenerEndpointContainer#2-0-C-1] org.apache.kafka.clients.NetworkClient   : [Consumer clientId=consumer-order-service-1, groupId=order-service] Node -1 disconnected.
2026-01-09T20:06:35.831+03:00  WARN 4604 --- [order-service] [org.springframework.kafka.KafkaListenerEndpointContainer#2-0-C-1] org.apache.kafka.clients.NetworkClient   : [Consumer clientId=consumer-order-service-1, groupId=order-service] Connection to node -1 (localhost/127.0.0.1:9092) could not be established. Broker may not be available.
2026-01-09T20:06:35.831+03:00  INFO 4604 --- [order-service] [org.springframework.kafka.KafkaListenerEndpointContainer#3-0-C-1] org.apache.kafka.clients.NetworkClient   : [Consumer clientId=consumer-order-service-2, groupId=order-service] Node -1 disconnected.
2026-01-09T20:06:35.832+03:00  WARN 4604 --- [order-service] [org.springframework.kafka.KafkaListenerEndpointContainer#2-0-C-1] org.apache.kafka.clients.NetworkClient   : [Consumer clientId=consumer-order-service-1, groupId=order-service] Bootstrap broker localhost:9092 (id: -1 rack: null) disconnected
2026-01-09T20:06:35.832+03:00  WARN 4604 --- [order-service] [org.springframework.kafka.KafkaListenerEndpointContainer#3-0-C-1] org.apache.kafka.clients.NetworkClient   : [Consumer clientId=consumer-order-service-2, groupId=order-service] Connection to node -1 (localhost/127.0.0.1:9092) could not be established. Broker may not be available.
2026-01-09T20:06:35.832+03:00  WARN 4604 --- [order-service] [org.springframework.kafka.KafkaListenerEndpointContainer#3-0-C-1] org.apache.kafka.clients.NetworkClient   : [Consumer clientId=consumer-order-service-2, groupId=order-service] Bootstrap broker localhost:9092 (id: -1 rack: null) disconnected
2026-01-09T20:06:35.845+03:00  INFO 4604 --- [order-service] [org.springframework.kafka.KafkaListenerEndpointContainer#1-0-C-1] org.apache.kafka.clients.NetworkClient   : [Consumer clientId=consumer-order-service-4, groupId=order-service] Node -1 disconnected.
2026-01-09T20:06:35.845+03:00  INFO 4604 --- [order-service] [org.springframework.kafka.KafkaListenerEndpointContainer#0-0-C-1] org.apache.kafka.clients.NetworkClient   : [Consumer clientId=consumer-order-service-3, groupId=order-service] Node -1 disconnected.
2026-01-09T20:06:35.846+03:00  WARN 4604 --- [order-service] [org.springframework.kafka.KafkaListenerEndpointContainer#1-0-C-1] org.apache.kafka.clients.NetworkClient   : [Consumer clientId=consumer-order-service-4, groupId=order-service] Connection to node -1 (localhost/127.0.0.1:9092) could not be established. Broker may not be available.
2026-01-09T20:06:35.846+03:00  WARN 4604 --- [order-service] [org.springframework.kafka.KafkaListenerEndpointContainer#0-0-C-1] org.apache.kafka.clients.NetworkClient   : [Consumer clientId=consumer-order-service-3, groupId=order-service] Connection to node -1 (localhost/127.0.0.1:9092) could not be established. Broker may not be available.
2026-01-09T20:06:35.846+03:00  WARN 4604 --- [order-service] [org.springframework.kafka.KafkaListenerEndpointContainer#1-0-C-1] org.apache.kafka.clients.NetworkClient   : [Consumer clientId=consumer-order-service-4, groupId=order-service] Bootstrap broker localhost:9092 (id: -1 rack: null) disconnected
2026-01-09T20:06:35.846+03:00  WARN 4604 --- [order-service] [org.springframework.kafka.KafkaListenerEndpointContainer#0-0-C-1] org.apache.kafka.clients.NetworkClient   : [Consumer clientId=consumer-order-service-3, groupId=order-service] Bootstrap broker localhost:9092 (id: -1 rack: null) disconnected
2026-01-09T20:06:35.940+03:00  INFO 4604 --- [order-service] [org.springframework.kafka.KafkaListenerEndpointContainer#2-0-C-1] org.apache.kafka.clients.NetworkClient   : [Consumer clientId=consumer-order-service-1, groupId=order-service] Node -1 disconnected.
2026-01-09T20:06:35.940+03:00  INFO 4604 --- [order-service] [org.springframework.kafka.KafkaListenerEndpointContainer#3-0-C-1] org.apache.kafka.clients.NetworkClient   : [Consumer clientId=consumer-order-service-2, groupId=order-service] Node -1 disconnected.
2026-01-09T20:06:35.940+03:00  WARN 4604 --- [order-service] [org.springframework.kafka.KafkaListenerEndpointContainer#2-0-C-1] org.apache.kafka.clients.NetworkClient   : [Consumer clientId=consumer-order-service-1, groupId=order-service] Connection to node -1 (localhost/127.0.0.1:9092) could not be established. Broker may not be available.
2026-01-09T20:06:35.940+03:00  WARN 4604 --- [order-service] [org.springframework.kafka.KafkaListenerEndpointContainer#3-0-C-1] org.apache.kafka.clients.NetworkClient   : [Consumer clientId=consumer-order-service-2, groupId=order-service] Connection to node -1 (localhost/127.0.0.1:9092) could not be established. Broker may not be available.
2026-01-09T20:06:35.940+03:00  WARN 4604 --- [order-service] [org.springframework.kafka.KafkaListenerEndpointContainer#3-0-C-1] org.apache.kafka.clients.NetworkClient   : [Consumer clientId=consumer-order-service-2, groupId=order-service] Bootstrap broker localhost:9092 (id: -1 rack: null) disconnected
2026-01-09T20:06:35.940+03:00  WARN 4604 --- [order-service] [org.springframework.kafka.KafkaListenerEndpointContainer#2-0-C-1] org.apache.kafka.clients.NetworkClient   : [Consumer clientId=consumer-order-service-1, groupId=order-service] Bootstrap broker localhost:9092 (id: -1 rack: null) disconnected
2026-01-09T20:06:35.956+03:00  INFO 4604 --- [order-service] [org.springframework.kafka.KafkaListenerEndpointContainer#1-0-C-1] org.apache.kafka.clients.NetworkClient   : [Consumer clientId=consumer-order-service-4, groupId=order-service] Node -1 disconnected.
2026-01-09T20:06:35.956+03:00  WARN 4604 --- [order-service] [org.springframework.kafka.KafkaListenerEndpointContainer#1-0-C-1] org.apache.kafka.clients.NetworkClient   : [Consumer clientId=consumer-order-service-4, groupId=order-service] Connection to node -1 (localhost/127.0.0.1:9092) could not be established. Broker may not be available.
2026-01-09T20:06:35.956+03:00  INFO 4604 --- [order-service] [org.springframework.kafka.KafkaListenerEndpointContainer#0-0-C-1] org.apache.kafka.clients.NetworkClient   : [Consumer clientId=consumer-order-service-3, groupId=order-service] Node -1 disconnected.
2026-01-09T20:06:35.956+03:00  WARN 4604 --- [order-service] [org.springframework.kafka.KafkaListenerEndpointContainer#1-0-C-1] org.apache.kafka.clients.NetworkClient   : [Consumer clientId=consumer-order-service-4, groupId=order-service] Bootstrap broker localhost:9092 (id: -1 rack: null) disconnected
2026-01-09T20:06:35.956+03:00  WARN 4604 --- [order-service] [org.springframework.kafka.KafkaListenerEndpointContainer#0-0-C-1] org.apache.kafka.clients.NetworkClient   : [Consumer clientId=consumer-order-service-3, groupId=order-service] Connection to node -1 (localhost/127.0.0.1:9092) could not be established. Broker may not be available.
2026-01-09T20:06:35.956+03:00  WARN 4604 --- [order-service] [org.springframework.kafka.KafkaListenerEndpointContainer#0-0-C-1] org.apache.kafka.clients.NetworkClient   : [Consumer clientId=consumer-order-service-3, groupId=order-service] Bootstrap broker localhost:9092 (id: -1 rack: null) disconnected
2026-01-09T20:06:36.113+03:00  INFO 4604 --- [order-service] [org.springframework.kafka.KafkaListenerEndpointContainer#3-0-C-1] org.apache.kafka.clients.NetworkClient   : [Consumer clientId=consumer-order-service-2, groupId=order-service] Node -1 disconnected.
2026-01-09T20:06:36.114+03:00  WARN 4604 --- [order-service] [org.springframework.kafka.KafkaListenerEndpointContainer#3-0-C-1] org.apache.kafka.clients.NetworkClient   : [Consumer clientId=consumer-order-service-2, groupId=order-service] Connection to node -1 (localhost/127.0.0.1:9092) could not be established. Broker may not be available.
2026-01-09T20:06:36.114+03:00  WARN 4604 --- [order-service] [org.springframework.kafka.KafkaListenerEndpointContainer#3-0-C-1] org.apache.kafka.clients.NetworkClient   : [Consumer clientId=consumer-order-service-2, groupId=order-service] Bootstrap broker localhost:9092 (id: -1 rack: null) disconnected
2026-01-09T20:06:36.174+03:00  INFO 4604 --- [order-service] [org.springframework.kafka.KafkaListenerEndpointContainer#2-0-C-1] org.apache.kafka.clients.NetworkClient   : [Consumer clientId=consumer-order-service-1, groupId=order-service] Node -1 disconnected.
2026-01-09T20:06:36.175+03:00  WARN 4604 --- [order-service] [org.springframework.kafka.KafkaListenerEndpointContainer#2-0-C-1] org.apache.kafka.clients.NetworkClient   : [Consumer clientId=consumer-order-service-1, groupId=order-service] Connection to node -1 (localhost/127.0.0.1:9092) could not be established. Broker may not be available.
2026-01-09T20:06:36.175+03:00  WARN 4604 --- [order-service] [org.springframework.kafka.KafkaListenerEndpointContainer#2-0-C-1] org.apache.kafka.clients.NetworkClient   : [Consumer clientId=consumer-order-service-1, groupId=order-service] Bootstrap broker localhost:9092 (id: -1 rack: null) disconnected
2026-01-09T20:06:36.190+03:00  INFO 4604 --- [order-service] [org.springframework.kafka.KafkaListenerEndpointContainer#1-0-C-1] org.apache.kafka.clients.NetworkClient   : [Consumer clientId=consumer-order-service-4, groupId=order-service] Node -1 disconnected.
2026-01-09T20:06:36.190+03:00  WARN 4604 --- [order-service] [org.springframework.kafka.KafkaListenerEndpointContainer#1-0-C-1] org.apache.kafka.clients.NetworkClient   : [Consumer clientId=consumer-order-service-4, groupId=order-service] Connection to node -1 (localhost/127.0.0.1:9092) could not be established. Broker may not be available.
2026-01-09T20:06:36.190+03:00  WARN 4604 --- [order-service] [org.springframework.kafka.KafkaListenerEndpointContainer#1-0-C-1] org.apache.kafka.clients.NetworkClient   : [Consumer clientId=consumer-order-service-4, groupId=order-service] Bootstrap broker localhost:9092 (id: -1 rack: null) disconnected
2026-01-09T20:06:36.251+03:00  INFO 4604 --- [order-service] [org.springframework.kafka.KafkaListenerEndpointContainer#0-0-C-1] org.apache.kafka.clients.NetworkClient   : [Consumer clientId=consumer-order-service-3, groupId=order-service] Node -1 disconnected.
2026-01-09T20:06:36.251+03:00  WARN 4604 --- [order-service] [org.springframework.kafka.KafkaListenerEndpointContainer#0-0-C-1] org.apache.kafka.clients.NetworkClient   : [Consumer clientId=consumer-order-service-3, groupId=order-service] Connection to node -1 (localhost/127.0.0.1:9092) could not be established. Broker may not be available.
2026-01-09T20:06:36.251+03:00  WARN 4604 --- [order-service] [org.springframework.kafka.KafkaListenerEndpointContainer#0-0-C-1] org.apache.kafka.clients.NetworkClient   : [Consumer clientId=consumer-order-service-3, groupId=order-service] Bootstrap broker localhost:9092 (id: -1 rack: null) disconnected
2026-01-09T20:06:36.533+03:00  INFO 4604 --- [order-service] [org.springframework.kafka.KafkaListenerEndpointContainer#3-0-C-1] org.apache.kafka.clients.NetworkClient   : [Consumer clientId=consumer-order-service-2, groupId=order-service] Node -1 disconnected.
2026-01-09T20:06:36.533+03:00  WARN 4604 --- [order-service] [org.springframework.kafka.KafkaListenerEndpointContainer#3-0-C-1] org.apache.kafka.clients.NetworkClient   : [Consumer clientId=consumer-order-service-2, groupId=order-service] Connection to node -1 (localhost/127.0.0.1:9092) could not be established. Broker may not be available.
2026-01-09T20:06:36.533+03:00  WARN 4604 --- [order-service] [org.springframework.kafka.KafkaListenerEndpointContainer#3-0-C-1] org.apache.kafka.clients.NetworkClient   : [Consumer clientId=consumer-order-service-2, groupId=order-service] Bootstrap broker localhost:9092 (id: -1 rack: null) disconnected
2026-01-09T20:06:36.657+03:00  INFO 4604 --- [order-service] [org.springframework.kafka.KafkaListenerEndpointContainer#2-0-C-1] org.apache.kafka.clients.NetworkClient   : [Consumer clientId=consumer-order-service-1, groupId=order-service] Node -1 disconnected.
2026-01-09T20:06:36.659+03:00  WARN 4604 --- [order-service] [org.springframework.kafka.KafkaListenerEndpointContainer#2-0-C-1] org.apache.kafka.clients.NetworkClient   : [Consumer clientId=consumer-order-service-1, groupId=order-service] Connection to node -1 (localhost/127.0.0.1:9092) could not be established. Broker may not be available.
2026-01-09T20:06:36.659+03:00  WARN 4604 --- [order-service] [org.springframework.kafka.KafkaListenerEndpointContainer#2-0-C-1] org.apache.kafka.clients.NetworkClient   : [Consumer clientId=consumer-order-service-1, groupId=order-service] Bootstrap broker localhost:9092 (id: -1 rack: null) disconnected
2026-01-09T20:06:36.672+03:00  INFO 4604 --- [order-service] [org.springframework.kafka.KafkaListenerEndpointContainer#1-0-C-1] org.apache.kafka.clients.NetworkClient   : [Consumer clientId=consumer-order-service-4, groupId=order-service] Node -1 disconnected.
2026-01-09T20:06:36.672+03:00  INFO 4604 --- [order-service] [org.springframework.kafka.KafkaListenerEndpointContainer#0-0-C-1] org.apache.kafka.clients.NetworkClient   : [Consumer clientId=consumer-order-service-3, groupId=order-service] Node -1 disconnected.
2026-01-09T20:06:36.672+03:00  WARN 4604 --- [order-service] [org.springframework.kafka.KafkaListenerEndpointContainer#1-0-C-1] org.apache.kafka.clients.NetworkClient   : [Consumer clientId=consumer-order-service-4, groupId=order-service] Connection to node -1 (localhost/127.0.0.1:9092) could not be established. Broker may not be available.
2026-01-09T20:06:36.673+03:00  WARN 4604 --- [order-service] [org.springframework.kafka.KafkaListenerEndpointContainer#0-0-C-1] org.apache.kafka.clients.NetworkClient   : [Consumer clientId=consumer-order-service-3, groupId=order-service] Connection to node -1 (localhost/127.0.0.1:9092) could not be established. Broker may not be available.
2026-01-09T20:06:36.673+03:00  WARN 4604 --- [order-service] [org.springframework.kafka.KafkaListenerEndpointContainer#1-0-C-1] org.apache.kafka.clients.NetworkClient   : [Consumer clientId=consumer-order-service-4, groupId=order-service] Bootstrap broker localhost:9092 (id: -1 rack: null) disconnected
2026-01-09T20:06:36.673+03:00  WARN 4604 --- [order-service] [org.springframework.kafka.KafkaListenerEndpointContainer#0-0-C-1] org.apache.kafka.clients.NetworkClient   : [Consumer clientId=consumer-order-service-3, groupId=order-service] Bootstrap broker localhost:9092 (id: -1 rack: null) disconnected
2026-01-09T20:06:37.407+03:00  INFO 4604 --- [order-service] [org.springframework.kafka.KafkaListenerEndpointContainer#1-0-C-1] org.apache.kafka.clients.NetworkClient   : [Consumer clientId=consumer-order-service-4, groupId=order-service] Node -1 disconnected.
2026-01-09T20:06:37.408+03:00  WARN 4604 --- [order-service] [org.springframework.kafka.KafkaListenerEndpointContainer#1-0-C-1] org.apache.kafka.clients.NetworkClient   : [Consumer clientId=consumer-order-service-4, groupId=order-service] Connection to node -1 (localhost/127.0.0.1:9092) could not be established. Broker may not be available.
2026-01-09T20:06:37.408+03:00  WARN 4604 --- [order-service] [org.springframework.kafka.KafkaListenerEndpointContainer#1-0-C-1] org.apache.kafka.clients.NetworkClient   : [Consumer clientId=consumer-order-service-4, groupId=order-service] Bootstrap broker localhost:9092 (id: -1 rack: null) disconnected
2026-01-09T20:06:37.451+03:00  INFO 4604 --- [order-service] [org.springframework.kafka.KafkaListenerEndpointContainer#2-0-C-1] org.apache.kafka.clients.NetworkClient   : [Consumer clientId=consumer-order-service-1, groupId=order-service] Node -1 disconnected.
2026-01-09T20:06:37.451+03:00  WARN 4604 --- [order-service] [org.springframework.kafka.KafkaListenerEndpointContainer#2-0-C-1] org.apache.kafka.clients.NetworkClient   : [Consumer clientId=consumer-order-service-1, groupId=order-service] Connection to node -1 (localhost/127.0.0.1:9092) could not be established. Broker may not be available.
2026-01-09T20:06:37.451+03:00  WARN 4604 --- [order-service] [org.springframework.kafka.KafkaListenerEndpointContainer#2-0-C-1] org.apache.kafka.clients.NetworkClient   : [Consumer clientId=consumer-order-service-1, groupId=order-service] Bootstrap broker localhost:9092 (id: -1 rack: null) disconnected
2026-01-09T20:06:37.516+03:00  INFO 4604 --- [order-service] [org.springframework.kafka.KafkaListenerEndpointContainer#3-0-C-1] org.apache.kafka.clients.NetworkClient   : [Consumer clientId=consumer-order-service-2, groupId=order-service] Node -1 disconnected.
2026-01-09T20:06:37.516+03:00  WARN 4604 --- [order-service] [org.springframework.kafka.KafkaListenerEndpointContainer#3-0-C-1] org.apache.kafka.clients.NetworkClient   : [Consumer clientId=consumer-order-service-2, groupId=order-service] Connection to node -1 (localhost/127.0.0.1:9092) could not be established. Broker may not be available.
2026-01-09T20:06:37.517+03:00  WARN 4604 --- [order-service] [org.springframework.kafka.KafkaListenerEndpointContainer#3-0-C-1] org.apache.kafka.clients.NetworkClient   : [Consumer clientId=consumer-order-service-2, groupId=order-service] Bootstrap broker localhost:9092 (id: -1 rack: null) disconnected
2026-01-09T20:06:37.652+03:00  INFO 4604 --- [order-service] [org.springframework.kafka.KafkaListenerEndpointContainer#0-0-C-1] org.apache.kafka.clients.NetworkClient   : [Consumer clientId=consumer-order-service-3, groupId=order-service] Node -1 disconnected.
2026-01-09T20:06:37.653+03:00  WARN 4604 --- [order-service] [org.springframework.kafka.KafkaListenerEndpointContainer#0-0-C-1] org.apache.kafka.clients.NetworkClient   : [Consumer clientId=consumer-order-service-3, groupId=order-service] Connection to node -1 (localhost/127.0.0.1:9092) could not be established. Broker may not be available.
2026-01-09T20:06:37.653+03:00  WARN 4604 --- [order-service] [org.springframework.kafka.KafkaListenerEndpointContainer#0-0-C-1] org.apache.kafka.clients.NetworkClient   : [Consumer clientId=consumer-order-service-3, groupId=order-service] Bootstrap broker localhost:9092 (id: -1 rack: null) disconnected
2026-01-09T20:06:38.366+03:00  INFO 4604 --- [order-service] [org.springframework.kafka.KafkaListenerEndpointContainer#3-0-C-1] org.apache.kafka.clients.NetworkClient   : [Consumer clientId=consumer-order-service-2, groupId=order-service] Node -1 disconnected.
2026-01-09T20:06:38.367+03:00  WARN 4604 --- [order-service] [org.springframework.kafka.KafkaListenerEndpointContainer#3-0-C-1] org.apache.kafka.clients.NetworkClient   : [Consumer clientId=consumer-order-service-2, groupId=order-service] Connection to node -1 (localhost/127.0.0.1:9092) could not be established. Broker may not be available.
2026-01-09T20:06:38.368+03:00  WARN 4604 --- [order-service] [org.springframework.kafka.KafkaListenerEndpointContainer#3-0-C-1] org.apache.kafka.clients.NetworkClient   : [Consumer clientId=consumer-order-service-2, groupId=order-service] Bootstrap broker localhost:9092 (id: -1 rack: null) disconnected
2026-01-09T20:06:38.491+03:00  INFO 4604 --- [order-service] [org.springframework.kafka.KafkaListenerEndpointContainer#2-0-C-1] org.apache.kafka.clients.NetworkClient   : [Consumer clientId=consumer-order-service-1, groupId=order-service] Node -1 disconnected.
2026-01-09T20:06:38.492+03:00  WARN 4604 --- [order-service] [org.springframework.kafka.KafkaListenerEndpointContainer#2-0-C-1] org.apache.kafka.clients.NetworkClient   : [Consumer clientId=consumer-order-service-1, groupId=order-service] Connection to node -1 (localhost/127.0.0.1:9092) could not be established. Broker may not be available.
2026-01-09T20:06:38.492+03:00  WARN 4604 --- [order-service] [org.springframework.kafka.KafkaListenerEndpointContainer#2-0-C-1] org.apache.kafka.clients.NetworkClient   : [Consumer clientId=consumer-order-service-1, groupId=order-service] Bootstrap broker localhost:9092 (id: -1 rack: null) disconnected
2026-01-09T20:06:38.507+03:00  INFO 4604 --- [order-service] [org.springframework.kafka.KafkaListenerEndpointContainer#1-0-C-1] org.apache.kafka.clients.NetworkClient   : [Consumer clientId=consumer-order-service-4, groupId=order-service] Node -1 disconnected.
2026-01-09T20:06:38.508+03:00  WARN 4604 --- [order-service] [org.springframework.kafka.KafkaListenerEndpointContainer#1-0-C-1] org.apache.kafka.clients.NetworkClient   : [Consumer clientId=consumer-order-service-4, groupId=order-service] Connection to node -1 (localhost/127.0.0.1:9092) could not be established. Broker may not be available.
2026-01-09T20:06:38.508+03:00  WARN 4604 --- [order-service] [org.springframework.kafka.KafkaListenerEndpointContainer#1-0-C-1] org.apache.kafka.clients.NetworkClient   : [Consumer clientId=consumer-order-service-4, groupId=order-service] Bootstrap broker localhost:9092 (id: -1 rack: null) disconnected
2026-01-09T20:06:38.758+03:00  INFO 4604 --- [order-service] [org.springframework.kafka.KafkaListenerEndpointContainer#0-0-C-1] org.apache.kafka.clients.NetworkClient   : [Consumer clientId=consumer-order-service-3, groupId=order-service] Node -1 disconnected.
2026-01-09T20:06:38.759+03:00  WARN 4604 --- [order-service] [org.springframework.kafka.KafkaListenerEndpointContainer#0-0-C-1] org.apache.kafka.clients.NetworkClient   : [Consumer clientId=consumer-order-service-3, groupId=order-service] Connection to node -1 (localhost/127.0.0.1:9092) could not be established. Broker may not be available.
2026-01-09T20:06:38.759+03:00  WARN 4604 --- [order-service] [org.springframework.kafka.KafkaListenerEndpointContainer#0-0-C-1] org.apache.kafka.clients.NetworkClient   : [Consumer clientId=consumer-order-service-3, groupId=order-service] Bootstrap broker localhost:9092 (id: -1 rack: null) disconnected
2026-01-09T20:06:39.345+03:00  INFO 4604 --- [order-service] [org.springframework.kafka.KafkaListenerEndpointContainer#3-0-C-1] org.apache.kafka.clients.NetworkClient   : [Consumer clientId=consumer-order-service-2, groupId=order-service] Node -1 disconnected.
2026-01-09T20:06:39.345+03:00  WARN 4604 --- [order-service] [org.springframework.kafka.KafkaListenerEndpointContainer#3-0-C-1] org.apache.kafka.clients.NetworkClient   : [Consumer clientId=consumer-order-service-2, groupId=order-service] Connection to node -1 (localhost/127.0.0.1:9092) could not be established. Broker may not be available.
2026-01-09T20:06:39.345+03:00  WARN 4604 --- [order-service] [org.springframework.kafka.KafkaListenerEndpointContainer#3-0-C-1] org.apache.kafka.clients.NetworkClient   : [Consumer clientId=consumer-order-service-2, groupId=order-service] Bootstrap broker localhost:9092 (id: -1 rack: null) disconnected
2026-01-09T20:06:39.407+03:00  INFO 4604 --- [order-service] [org.springframework.kafka.KafkaListenerEndpointContainer#2-0-C-1] org.apache.kafka.clients.NetworkClient   : [Consumer clientId=consumer-order-service-1, groupId=order-service] Node -1 disconnected.
2026-01-09T20:06:39.408+03:00  WARN 4604 --- [order-service] [org.springframework.kafka.KafkaListenerEndpointContainer#2-0-C-1] org.apache.kafka.clients.NetworkClient   : [Consumer clientId=consumer-order-service-1, groupId=order-service] Connection to node -1 (localhost/127.0.0.1:9092) could not be established. Broker may not be available.
2026-01-09T20:06:39.408+03:00  WARN 4604 --- [order-service] [org.springframework.kafka.KafkaListenerEndpointContainer#2-0-C-1] org.apache.kafka.clients.NetworkClient   : [Consumer clientId=consumer-order-service-1, groupId=order-service] Bootstrap broker localhost:9092 (id: -1 rack: null) disconnected
2026-01-09T20:06:39.610+03:00  INFO 4604 --- [order-service] [org.springframework.kafka.KafkaListenerEndpointContainer#0-0-C-1] org.apache.kafka.clients.NetworkClient   : [Consumer clientId=consumer-order-service-3, groupId=order-service] Node -1 disconnected.
2026-01-09T20:06:39.610+03:00  WARN 4604 --- [order-service] [org.springframework.kafka.KafkaListenerEndpointContainer#0-0-C-1] org.apache.kafka.clients.NetworkClient   : [Consumer clientId=consumer-order-service-3, groupId=order-service] Connection to node -1 (localhost/127.0.0.1:9092) could not be established. Broker may not be available.
2026-01-09T20:06:39.610+03:00  WARN 4604 --- [order-service] [org.springframework.kafka.KafkaListenerEndpointContainer#0-0-C-1] org.apache.kafka.clients.NetworkClient   : [Consumer clientId=consumer-order-service-3, groupId=order-service] Bootstrap broker localhost:9092 (id: -1 rack: null) disconnected
2026-01-09T20:06:39.611+03:00  INFO 4604 --- [order-service] [org.springframework.kafka.KafkaListenerEndpointContainer#1-0-C-1] org.apache.kafka.clients.NetworkClient   : [Consumer clientId=consumer-order-service-4, groupId=order-service] Node -1 disconnected.
2026-01-09T20:06:39.611+03:00  WARN 4604 --- [order-service] [org.springframework.kafka.KafkaListenerEndpointContainer#1-0-C-1] org.apache.kafka.clients.NetworkClient   : [Consumer clientId=consumer-order-service-4, groupId=order-service] Connection to node -1 (localhost/127.0.0.1:9092) could not be established. Broker may not be available.
2026-01-09T20:06:39.611+03:00  WARN 4604 --- [order-service] [org.springframework.kafka.KafkaListenerEndpointContainer#1-0-C-1] org.apache.kafka.clients.NetworkClient   : [Consumer clientId=consumer-order-service-4, groupId=order-service] Bootstrap broker localhost:9092 (id: -1 rack: null) disconnected
2026-01-09T20:06:40.196+03:00  INFO 4604 --- [order-service] [org.springframework.kafka.KafkaListenerEndpointContainer#3-0-C-1] org.apache.kafka.clients.NetworkClient   : [Consumer clientId=consumer-order-service-2, groupId=order-service] Node -1 disconnected.
2026-01-09T20:06:40.196+03:00  WARN 4604 --- [order-service] [org.springframework.kafka.KafkaListenerEndpointContainer#3-0-C-1] org.apache.kafka.clients.NetworkClient   : [Consumer clientId=consumer-order-service-2, groupId=order-service] Connection to node -1 (localhost/127.0.0.1:9092) could not be established. Broker may not be available.
2026-01-09T20:06:40.196+03:00  WARN 4604 --- [order-service] [org.springframework.kafka.KafkaListenerEndpointContainer#3-0-C-1] org.apache.kafka.clients.NetworkClient   : [Consumer clientId=consumer-order-service-2, groupId=order-service] Bootstrap broker localhost:9092 (id: -1 rack: null) disconnected
2026-01-09T20:06:40.522+03:00  INFO 4604 --- [order-service] [org.springframework.kafka.KafkaListenerEndpointContainer#2-0-C-1] org.apache.kafka.clients.NetworkClient   : [Consumer clientId=consumer-order-service-1, groupId=order-service] Node -1 disconnected.
2026-01-09T20:06:40.522+03:00  WARN 4604 --- [order-service] [org.springframework.kafka.KafkaListenerEndpointContainer#2-0-C-1] org.apache.kafka.clients.NetworkClient   : [Consumer clientId=consumer-order-service-1, groupId=order-service] Connection to node -1 (localhost/127.0.0.1:9092) could not be established. Broker may not be available.
2026-01-09T20:06:40.522+03:00  WARN 4604 --- [order-service] [org.springframework.kafka.KafkaListenerEndpointContainer#2-0-C-1] org.apache.kafka.clients.NetworkClient   : [Consumer clientId=consumer-order-service-1, groupId=order-service] Bootstrap broker localhost:9092 (id: -1 rack: null) disconnected
2026-01-09T20:06:40.537+03:00  INFO 4604 --- [order-service] [org.springframework.kafka.KafkaListenerEndpointContainer#1-0-C-1] org.apache.kafka.clients.NetworkClient   : [Consumer clientId=consumer-order-service-4, groupId=order-service] Node -1 disconnected.
2026-01-09T20:06:40.537+03:00  WARN 4604 --- [order-service] [org.springframework.kafka.KafkaListenerEndpointContainer#1-0-C-1] org.apache.kafka.clients.NetworkClient   : [Consumer clientId=consumer-order-service-4, groupId=order-service] Connection to node -1 (localhost/127.0.0.1:9092) could not be established. Broker may not be available.
2026-01-09T20:06:40.537+03:00  WARN 4604 --- [order-service] [org.springframework.kafka.KafkaListenerEndpointContainer#1-0-C-1] org.apache.kafka.clients.NetworkClient   : [Consumer clientId=consumer-order-service-4, groupId=order-service] Bootstrap broker localhost:9092 (id: -1 rack: null) disconnected
2026-01-09T20:06:40.783+03:00  INFO 4604 --- [order-service] [org.springframework.kafka.KafkaListenerEndpointContainer#0-0-C-1] org.apache.kafka.clients.NetworkClient   : [Consumer clientId=consumer-order-service-3, groupId=order-service] Node -1 disconnected.
2026-01-09T20:06:40.784+03:00  WARN 4604 --- [order-service] [org.springframework.kafka.KafkaListenerEndpointContainer#0-0-C-1] org.apache.kafka.clients.NetworkClient   : [Consumer clientId=consumer-order-service-3, groupId=order-service] Connection to node -1 (localhost/127.0.0.1:9092) could not be established. Broker may not be available.
2026-01-09T20:06:40.784+03:00  WARN 4604 --- [order-service] [org.springframework.kafka.KafkaListenerEndpointContainer#0-0-C-1] org.apache.kafka.clients.NetworkClient   : [Consumer clientId=consumer-order-service-3, groupId=order-service] Bootstrap broker localhost:9092 (id: -1 rack: null) disconnected
2026-01-09T20:06:41.015+03:00  INFO 4604 --- [order-service] [org.springframework.kafka.KafkaListenerEndpointContainer#3-0-C-1] org.apache.kafka.clients.NetworkClient   : [Consumer clientId=consumer-order-service-2, groupId=order-service] Node -1 disconnected.
2026-01-09T20:06:41.015+03:00  WARN 4604 --- [order-service] [org.springframework.kafka.KafkaListenerEndpointContainer#3-0-C-1] org.apache.kafka.clients.NetworkClient   : [Consumer clientId=consumer-order-service-2, groupId=order-service] Connection to node -1 (localhost/127.0.0.1:9092) could not be established. Broker may not be available.
2026-01-09T20:06:41.015+03:00  WARN 4604 --- [order-service] [org.springframework.kafka.KafkaListenerEndpointContainer#3-0-C-1] org.apache.kafka.clients.NetworkClient   : [Consumer clientId=consumer-order-service-2, groupId=order-service] Bootstrap broker localhost:9092 (id: -1 rack: null) disconnected
2026-01-09T20:06:41.080+03:00 ERROR 4604 --- [order-service] [http-nio-8083-exec-3] c.o.o.exception.GlobalExceptionHandler   : Unexpected error

org.springframework.security.access.AccessDeniedException: Access Denied
	at org.springframework.security.authorization.method.AuthorizationManagerBeforeMethodInterceptor.attemptAuthorization(AuthorizationManagerBeforeMethodInterceptor.java:256) ~[spring-security-core-6.2.1.jar:6.2.1]
	at org.springframework.security.authorization.method.AuthorizationManagerBeforeMethodInterceptor.invoke(AuthorizationManagerBeforeMethodInterceptor.java:197) ~[spring-security-core-6.2.1.jar:6.2.1]
	at org.springframework.aop.framework.ReflectiveMethodInvocation.proceed(ReflectiveMethodInvocation.java:184) ~[spring-aop-6.1.2.jar:6.1.2]
	at org.springframework.aop.framework.CglibAopProxy$CglibMethodInvocation.proceed(CglibAopProxy.java:765) ~[spring-aop-6.1.2.jar:6.1.2]
	at org.springframework.aop.framework.CglibAopProxy$DynamicAdvisedInterceptor.intercept(CglibAopProxy.java:717) ~[spring-aop-6.1.2.jar:6.1.2]
	at com.orderplatform.order.controller.OrderController$$SpringCGLIB$$0.createOrder(<generated>) ~[main/:na]
	at java.base/jdk.internal.reflect.DirectMethodHandleAccessor.invoke(DirectMethodHandleAccessor.java:103) ~[na:na]
	at java.base/java.lang.reflect.Method.invoke(Method.java:580) ~[na:na]
	at org.springframework.web.method.support.InvocableHandlerMethod.doInvoke(InvocableHandlerMethod.java:262) ~[spring-web-6.1.2.jar:6.1.2]
	at org.springframework.web.method.support.InvocableHandlerMethod.invokeForRequest(InvocableHandlerMethod.java:190) ~[spring-web-6.1.2.jar:6.1.2]
	at org.springframework.web.servlet.mvc.method.annotation.ServletInvocableHandlerMethod.invokeAndHandle(ServletInvocableHandlerMethod.java:118) ~[spring-webmvc-6.1.2.jar:6.1.2]
	at org.springframework.web.servlet.mvc.method.annotation.RequestMappingHandlerAdapter.invokeHandlerMethod(RequestMappingHandlerAdapter.java:917) ~[spring-webmvc-6.1.2.jar:6.1.2]
	at org.springframework.web.servlet.mvc.method.annotation.RequestMappingHandlerAdapter.handleInternal(RequestMappingHandlerAdapter.java:829) ~[spring-webmvc-6.1.2.jar:6.1.2]
	at org.springframework.web.servlet.mvc.method.AbstractHandlerMethodAdapter.handle(AbstractHandlerMethodAdapter.java:87) ~[spring-webmvc-6.1.2.jar:6.1.2]
	at org.springframework.web.servlet.DispatcherServlet.doDispatch(DispatcherServlet.java:1089) ~[spring-webmvc-6.1.2.jar:6.1.2]
	at org.springframework.web.servlet.DispatcherServlet.doService(DispatcherServlet.java:979) ~[spring-webmvc-6.1.2.jar:6.1.2]
	at org.springframework.web.servlet.FrameworkServlet.processRequest(FrameworkServlet.java:1014) ~[spring-webmvc-6.1.2.jar:6.1.2]
	at org.springframework.web.servlet.FrameworkServlet.doPost(FrameworkServlet.java:914) ~[spring-webmvc-6.1.2.jar:6.1.2]
	at jakarta.servlet.http.HttpServlet.service(HttpServlet.java:590) ~[tomcat-embed-core-10.1.17.jar:6.0]
	at org.springframework.web.servlet.FrameworkServlet.service(FrameworkServlet.java:885) ~[spring-webmvc-6.1.2.jar:6.1.2]
	at jakarta.servlet.http.HttpServlet.service(HttpServlet.java:658) ~[tomcat-embed-core-10.1.17.jar:6.0]
	at org.apache.catalina.core.ApplicationFilterChain.internalDoFilter(ApplicationFilterChain.java:205) ~[tomcat-embed-core-10.1.17.jar:10.1.17]
	at org.apache.catalina.core.ApplicationFilterChain.doFilter(ApplicationFilterChain.java:149) ~[tomcat-embed-core-10.1.17.jar:10.1.17]
	at org.apache.tomcat.websocket.server.WsFilter.doFilter(WsFilter.java:51) ~[tomcat-embed-websocket-10.1.17.jar:10.1.17]
	at org.apache.catalina.core.ApplicationFilterChain.internalDoFilter(ApplicationFilterChain.java:174) ~[tomcat-embed-core-10.1.17.jar:10.1.17]
	at org.apache.catalina.core.ApplicationFilterChain.doFilter(ApplicationFilterChain.java:149) ~[tomcat-embed-core-10.1.17.jar:10.1.17]
	at org.springframework.web.filter.CompositeFilter$VirtualFilterChain.doFilter(CompositeFilter.java:108) ~[spring-web-6.1.2.jar:6.1.2]
	at org.springframework.security.web.FilterChainProxy.lambda$doFilterInternal$3(FilterChainProxy.java:231) ~[spring-security-web-6.2.1.jar:6.2.1]
	at org.springframework.security.web.ObservationFilterChainDecorator$FilterObservation$SimpleFilterObservation.lambda$wrap$1(ObservationFilterChainDecorator.java:479) ~[spring-security-web-6.2.1.jar:6.2.1]
	at org.springframework.security.web.ObservationFilterChainDecorator$AroundFilterObservation$SimpleAroundFilterObservation.lambda$wrap$1(ObservationFilterChainDecorator.java:340) ~[spring-security-web-6.2.1.jar:6.2.1]
	at org.springframework.security.web.ObservationFilterChainDecorator.lambda$wrapSecured$0(ObservationFilterChainDecorator.java:82) ~[spring-security-web-6.2.1.jar:6.2.1]
	at org.springframework.security.web.ObservationFilterChainDecorator$VirtualFilterChain.doFilter(ObservationFilterChainDecorator.java:128) ~[spring-security-web-6.2.1.jar:6.2.1]
	at org.springframework.security.web.access.intercept.AuthorizationFilter.doFilter(AuthorizationFilter.java:100) ~[spring-security-web-6.2.1.jar:6.2.1]
	at org.springframework.security.web.ObservationFilterChainDecorator$ObservationFilter.wrapFilter(ObservationFilterChainDecorator.java:240) ~[spring-security-web-6.2.1.jar:6.2.1]
	at org.springframework.security.web.ObservationFilterChainDecorator$ObservationFilter.doFilter(ObservationFilterChainDecorator.java:227) ~[spring-security-web-6.2.1.jar:6.2.1]
	at org.springframework.security.web.ObservationFilterChainDecorator$VirtualFilterChain.doFilter(ObservationFilterChainDecorator.java:137) ~[spring-security-web-6.2.1.jar:6.2.1]
	at org.springframework.security.web.access.ExceptionTranslationFilter.doFilter(ExceptionTranslationFilter.java:126) ~[spring-security-web-6.2.1.jar:6.2.1]
	at org.springframework.security.web.access.ExceptionTranslationFilter.doFilter(ExceptionTranslationFilter.java:120) ~[spring-security-web-6.2.1.jar:6.2.1]
	at org.springframework.security.web.ObservationFilterChainDecorator$ObservationFilter.wrapFilter(ObservationFilterChainDecorator.java:240) ~[spring-security-web-6.2.1.jar:6.2.1]
	at org.springframework.security.web.ObservationFilterChainDecorator$ObservationFilter.doFilter(ObservationFilterChainDecorator.java:227) ~[spring-security-web-6.2.1.jar:6.2.1]
	at org.springframework.security.web.ObservationFilterChainDecorator$VirtualFilterChain.doFilter(ObservationFilterChainDecorator.java:137) ~[spring-security-web-6.2.1.jar:6.2.1]
	at org.springframework.security.web.authentication.AnonymousAuthenticationFilter.doFilter(AnonymousAuthenticationFilter.java:100) ~[spring-security-web-6.2.1.jar:6.2.1]
	at org.springframework.security.web.ObservationFilterChainDecorator$ObservationFilter.wrapFilter(ObservationFilterChainDecorator.java:240) ~[spring-security-web-6.2.1.jar:6.2.1]
	at org.springframework.security.web.ObservationFilterChainDecorator$ObservationFilter.doFilter(ObservationFilterChainDecorator.java:227) ~[spring-security-web-6.2.1.jar:6.2.1]
	at org.springframework.security.web.ObservationFilterChainDecorator$VirtualFilterChain.doFilter(ObservationFilterChainDecorator.java:137) ~[spring-security-web-6.2.1.jar:6.2.1]
	at org.springframework.security.web.servletapi.SecurityContextHolderAwareRequestFilter.doFilter(SecurityContextHolderAwareRequestFilter.java:179) ~[spring-security-web-6.2.1.jar:6.2.1]
	at org.springframework.security.web.ObservationFilterChainDecorator$ObservationFilter.wrapFilter(ObservationFilterChainDecorator.java:240) ~[spring-security-web-6.2.1.jar:6.2.1]
	at org.springframework.security.web.ObservationFilterChainDecorator$ObservationFilter.doFilter(ObservationFilterChainDecorator.java:227) ~[spring-security-web-6.2.1.jar:6.2.1]
	at org.springframework.security.web.ObservationFilterChainDecorator$VirtualFilterChain.doFilter(ObservationFilterChainDecorator.java:137) ~[spring-security-web-6.2.1.jar:6.2.1]
	at org.springframework.security.web.savedrequest.RequestCacheAwareFilter.doFilter(RequestCacheAwareFilter.java:63) ~[spring-security-web-6.2.1.jar:6.2.1]
	at org.springframework.security.web.ObservationFilterChainDecorator$ObservationFilter.wrapFilter(ObservationFilterChainDecorator.java:240) ~[spring-security-web-6.2.1.jar:6.2.1]
	at org.springframework.security.web.ObservationFilterChainDecorator$ObservationFilter.doFilter(ObservationFilterChainDecorator.java:227) ~[spring-security-web-6.2.1.jar:6.2.1]
	at org.springframework.security.web.ObservationFilterChainDecorator$VirtualFilterChain.doFilter(ObservationFilterChainDecorator.java:137) ~[spring-security-web-6.2.1.jar:6.2.1]
	at org.springframework.security.web.authentication.www.BasicAuthenticationFilter.doFilterInternal(BasicAuthenticationFilter.java:181) ~[spring-security-web-6.2.1.jar:6.2.1]
	at org.springframework.web.filter.OncePerRequestFilter.doFilter(OncePerRequestFilter.java:116) ~[spring-web-6.1.2.jar:6.1.2]
	at org.springframework.security.web.ObservationFilterChainDecorator$ObservationFilter.wrapFilter(ObservationFilterChainDecorator.java:240) ~[spring-security-web-6.2.1.jar:6.2.1]
	at org.springframework.security.web.ObservationFilterChainDecorator$ObservationFilter.doFilter(ObservationFilterChainDecorator.java:227) ~[spring-security-web-6.2.1.jar:6.2.1]
	at org.springframework.security.web.ObservationFilterChainDecorator$VirtualFilterChain.doFilter(ObservationFilterChainDecorator.java:137) ~[spring-security-web-6.2.1.jar:6.2.1]
	at org.springframework.security.web.authentication.logout.LogoutFilter.doFilter(LogoutFilter.java:107) ~[spring-security-web-6.2.1.jar:6.2.1]
	at org.springframework.security.web.authentication.logout.LogoutFilter.doFilter(LogoutFilter.java:93) ~[spring-security-web-6.2.1.jar:6.2.1]
	at org.springframework.security.web.ObservationFilterChainDecorator$ObservationFilter.wrapFilter(ObservationFilterChainDecorator.java:240) ~[spring-security-web-6.2.1.jar:6.2.1]
	at org.springframework.security.web.ObservationFilterChainDecorator$ObservationFilter.doFilter(ObservationFilterChainDecorator.java:227) ~[spring-security-web-6.2.1.jar:6.2.1]
	at org.springframework.security.web.ObservationFilterChainDecorator$VirtualFilterChain.doFilter(ObservationFilterChainDecorator.java:137) ~[spring-security-web-6.2.1.jar:6.2.1]
	at org.springframework.web.filter.CorsFilter.doFilterInternal(CorsFilter.java:91) ~[spring-web-6.1.2.jar:6.1.2]
	at org.springframework.web.filter.OncePerRequestFilter.doFilter(OncePerRequestFilter.java:116) ~[spring-web-6.1.2.jar:6.1.2]
	at org.springframework.security.web.ObservationFilterChainDecorator$ObservationFilter.wrapFilter(ObservationFilterChainDecorator.java:240) ~[spring-security-web-6.2.1.jar:6.2.1]
	at org.springframework.security.web.ObservationFilterChainDecorator$ObservationFilter.doFilter(ObservationFilterChainDecorator.java:227) ~[spring-security-web-6.2.1.jar:6.2.1]
	at org.springframework.security.web.ObservationFilterChainDecorator$VirtualFilterChain.doFilter(ObservationFilterChainDecorator.java:137) ~[spring-security-web-6.2.1.jar:6.2.1]
	at org.springframework.security.web.header.HeaderWriterFilter.doHeadersAfter(HeaderWriterFilter.java:90) ~[spring-security-web-6.2.1.jar:6.2.1]
	at org.springframework.security.web.header.HeaderWriterFilter.doFilterInternal(HeaderWriterFilter.java:75) ~[spring-security-web-6.2.1.jar:6.2.1]
	at org.springframework.web.filter.OncePerRequestFilter.doFilter(OncePerRequestFilter.java:116) ~[spring-web-6.1.2.jar:6.1.2]
	at org.springframework.security.web.ObservationFilterChainDecorator$ObservationFilter.wrapFilter(ObservationFilterChainDecorator.java:240) ~[spring-security-web-6.2.1.jar:6.2.1]
	at org.springframework.security.web.ObservationFilterChainDecorator$ObservationFilter.doFilter(ObservationFilterChainDecorator.java:227) ~[spring-security-web-6.2.1.jar:6.2.1]
	at org.springframework.security.web.ObservationFilterChainDecorator$VirtualFilterChain.doFilter(ObservationFilterChainDecorator.java:137) ~[spring-security-web-6.2.1.jar:6.2.1]
	at org.springframework.security.web.context.SecurityContextHolderFilter.doFilter(SecurityContextHolderFilter.java:82) ~[spring-security-web-6.2.1.jar:6.2.1]
	at org.springframework.security.web.context.SecurityContextHolderFilter.doFilter(SecurityContextHolderFilter.java:69) ~[spring-security-web-6.2.1.jar:6.2.1]
	at org.springframework.security.web.ObservationFilterChainDecorator$ObservationFilter.wrapFilter(ObservationFilterChainDecorator.java:240) ~[spring-security-web-6.2.1.jar:6.2.1]
	at org.springframework.security.web.ObservationFilterChainDecorator$ObservationFilter.doFilter(ObservationFilterChainDecorator.java:227) ~[spring-security-web-6.2.1.jar:6.2.1]
	at org.springframework.security.web.ObservationFilterChainDecorator$VirtualFilterChain.doFilter(ObservationFilterChainDecorator.java:137) ~[spring-security-web-6.2.1.jar:6.2.1]
	at org.springframework.security.web.context.request.async.WebAsyncManagerIntegrationFilter.doFilterInternal(WebAsyncManagerIntegrationFilter.java:62) ~[spring-security-web-6.2.1.jar:6.2.1]
	at org.springframework.web.filter.OncePerRequestFilter.doFilter(OncePerRequestFilter.java:116) ~[spring-web-6.1.2.jar:6.1.2]
	at org.springframework.security.web.ObservationFilterChainDecorator$ObservationFilter.wrapFilter(ObservationFilterChainDecorator.java:240) ~[spring-security-web-6.2.1.jar:6.2.1]
	at org.springframework.security.web.ObservationFilterChainDecorator$ObservationFilter.doFilter(ObservationFilterChainDecorator.java:227) ~[spring-security-web-6.2.1.jar:6.2.1]
	at org.springframework.security.web.ObservationFilterChainDecorator$VirtualFilterChain.doFilter(ObservationFilterChainDecorator.java:137) ~[spring-security-web-6.2.1.jar:6.2.1]
	at org.springframework.security.web.session.DisableEncodeUrlFilter.doFilterInternal(DisableEncodeUrlFilter.java:42) ~[spring-security-web-6.2.1.jar:6.2.1]
	at org.springframework.web.filter.OncePerRequestFilter.doFilter(OncePerRequestFilter.java:116) ~[spring-web-6.1.2.jar:6.1.2]
	at org.springframework.security.web.ObservationFilterChainDecorator$ObservationFilter.wrapFilter(ObservationFilterChainDecorator.java:240) ~[spring-security-web-6.2.1.jar:6.2.1]
	at org.springframework.security.web.ObservationFilterChainDecorator$AroundFilterObservation$SimpleAroundFilterObservation.lambda$wrap$0(ObservationFilterChainDecorator.java:323) ~[spring-security-web-6.2.1.jar:6.2.1]
	at org.springframework.security.web.ObservationFilterChainDecorator$ObservationFilter.doFilter(ObservationFilterChainDecorator.java:224) ~[spring-security-web-6.2.1.jar:6.2.1]
	at org.springframework.security.web.ObservationFilterChainDecorator$VirtualFilterChain.doFilter(ObservationFilterChainDecorator.java:137) ~[spring-security-web-6.2.1.jar:6.2.1]
	at org.springframework.security.web.FilterChainProxy.doFilterInternal(FilterChainProxy.java:233) ~[spring-security-web-6.2.1.jar:6.2.1]
	at org.springframework.security.web.FilterChainProxy.doFilter(FilterChainProxy.java:191) ~[spring-security-web-6.2.1.jar:6.2.1]
	at org.springframework.web.filter.CompositeFilter$VirtualFilterChain.doFilter(CompositeFilter.java:113) ~[spring-web-6.1.2.jar:6.1.2]
	at org.springframework.web.servlet.handler.HandlerMappingIntrospector.lambda$createCacheFilter$3(HandlerMappingIntrospector.java:195) ~[spring-webmvc-6.1.2.jar:6.1.2]
	at org.springframework.web.filter.CompositeFilter$VirtualFilterChain.doFilter(CompositeFilter.java:113) ~[spring-web-6.1.2.jar:6.1.2]
	at org.springframework.web.filter.CompositeFilter.doFilter(CompositeFilter.java:74) ~[spring-web-6.1.2.jar:6.1.2]
	at org.springframework.security.config.annotation.web.configuration.WebMvcSecurityConfiguration$CompositeFilterChainProxy.doFilter(WebMvcSecurityConfiguration.java:225) ~[spring-security-config-6.2.1.jar:6.2.1]
	at org.springframework.web.filter.DelegatingFilterProxy.invokeDelegate(DelegatingFilterProxy.java:352) ~[spring-web-6.1.2.jar:6.1.2]
	at org.springframework.web.filter.DelegatingFilterProxy.doFilter(DelegatingFilterProxy.java:268) ~[spring-web-6.1.2.jar:6.1.2]
	at org.apache.catalina.core.ApplicationFilterChain.internalDoFilter(ApplicationFilterChain.java:174) ~[tomcat-embed-core-10.1.17.jar:10.1.17]
	at org.apache.catalina.core.ApplicationFilterChain.doFilter(ApplicationFilterChain.java:149) ~[tomcat-embed-core-10.1.17.jar:10.1.17]
	at org.springframework.web.filter.RequestContextFilter.doFilterInternal(RequestContextFilter.java:100) ~[spring-web-6.1.2.jar:6.1.2]
	at org.springframework.web.filter.OncePerRequestFilter.doFilter(OncePerRequestFilter.java:116) ~[spring-web-6.1.2.jar:6.1.2]
	at org.apache.catalina.core.ApplicationFilterChain.internalDoFilter(ApplicationFilterChain.java:174) ~[tomcat-embed-core-10.1.17.jar:10.1.17]
	at org.apache.catalina.core.ApplicationFilterChain.doFilter(ApplicationFilterChain.java:149) ~[tomcat-embed-core-10.1.17.jar:10.1.17]
	at org.springframework.web.filter.FormContentFilter.doFilterInternal(FormContentFilter.java:93) ~[spring-web-6.1.2.jar:6.1.2]
	at org.springframework.web.filter.OncePerRequestFilter.doFilter(OncePerRequestFilter.java:116) ~[spring-web-6.1.2.jar:6.1.2]
	at org.apache.catalina.core.ApplicationFilterChain.internalDoFilter(ApplicationFilterChain.java:174) ~[tomcat-embed-core-10.1.17.jar:10.1.17]
	at org.apache.catalina.core.ApplicationFilterChain.doFilter(ApplicationFilterChain.java:149) ~[tomcat-embed-core-10.1.17.jar:10.1.17]
	at org.springframework.web.filter.ServerHttpObservationFilter.doFilterInternal(ServerHttpObservationFilter.java:109) ~[spring-web-6.1.2.jar:6.1.2]
	at org.springframework.web.filter.OncePerRequestFilter.doFilter(OncePerRequestFilter.java:116) ~[spring-web-6.1.2.jar:6.1.2]
	at org.apache.catalina.core.ApplicationFilterChain.internalDoFilter(ApplicationFilterChain.java:174) ~[tomcat-embed-core-10.1.17.jar:10.1.17]
	at org.apache.catalina.core.ApplicationFilterChain.doFilter(ApplicationFilterChain.java:149) ~[tomcat-embed-core-10.1.17.jar:10.1.17]
	at org.springframework.web.filter.CharacterEncodingFilter.doFilterInternal(CharacterEncodingFilter.java:201) ~[spring-web-6.1.2.jar:6.1.2]
	at org.springframework.web.filter.OncePerRequestFilter.doFilter(OncePerRequestFilter.java:116) ~[spring-web-6.1.2.jar:6.1.2]
	at org.apache.catalina.core.ApplicationFilterChain.internalDoFilter(ApplicationFilterChain.java:174) ~[tomcat-embed-core-10.1.17.jar:10.1.17]
	at org.apache.catalina.core.ApplicationFilterChain.doFilter(ApplicationFilterChain.java:149) ~[tomcat-embed-core-10.1.17.jar:10.1.17]
	at org.apache.catalina.core.StandardWrapperValve.invoke(StandardWrapperValve.java:167) ~[tomcat-embed-core-10.1.17.jar:10.1.17]
	at org.apache.catalina.core.StandardContextValve.invoke(StandardContextValve.java:90) ~[tomcat-embed-core-10.1.17.jar:10.1.17]
	at org.apache.catalina.authenticator.AuthenticatorBase.invoke(AuthenticatorBase.java:482) ~[tomcat-embed-core-10.1.17.jar:10.1.17]
	at org.apache.catalina.core.StandardHostValve.invoke(StandardHostValve.java:115) ~[tomcat-embed-core-10.1.17.jar:10.1.17]
	at org.apache.catalina.valves.ErrorReportValve.invoke(ErrorReportValve.java:93) ~[tomcat-embed-core-10.1.17.jar:10.1.17]
	at org.apache.catalina.core.StandardEngineValve.invoke(StandardEngineValve.java:74) ~[tomcat-embed-core-10.1.17.jar:10.1.17]
	at org.apache.catalina.connector.CoyoteAdapter.service(CoyoteAdapter.java:340) ~[tomcat-embed-core-10.1.17.jar:10.1.17]
	at org.apache.coyote.http11.Http11Processor.service(Http11Processor.java:391) ~[tomcat-embed-core-10.1.17.jar:10.1.17]
	at org.apache.coyote.AbstractProcessorLight.process(AbstractProcessorLight.java:63) ~[tomcat-embed-core-10.1.17.jar:10.1.17]
	at org.apache.coyote.AbstractProtocol$ConnectionHandler.process(AbstractProtocol.java:896) ~[tomcat-embed-core-10.1.17.jar:10.1.17]
	at org.apache.tomcat.util.net.NioEndpoint$SocketProcessor.doRun(NioEndpoint.java:1744) ~[tomcat-embed-core-10.1.17.jar:10.1.17]
	at org.apache.tomcat.util.net.SocketProcessorBase.run(SocketProcessorBase.java:52) ~[tomcat-embed-core-10.1.17.jar:10.1.17]
	at org.apache.tomcat.util.threads.ThreadPoolExecutor.runWorker(ThreadPoolExecutor.java:1191) ~[tomcat-embed-core-10.1.17.jar:10.1.17]
	at org.apache.tomcat.util.threads.ThreadPoolExecutor$Worker.run(ThreadPoolExecutor.java:659) ~[tomcat-embed-core-10.1.17.jar:10.1.17]
	at org.apache.tomcat.util.threads.TaskThread$WrappingRunnable.run(TaskThread.java:61) ~[tomcat-embed-core-10.1.17.jar:10.1.17]
	at java.base/java.lang.Thread.run(Thread.java:1583) ~[na:na]

2026-01-09T20:06:41.622+03:00  INFO 4604 --- [order-service] [org.springframework.kafka.KafkaListenerEndpointContainer#1-0-C-1] org.apache.kafka.clients.NetworkClient   : [Consumer clientId=consumer-order-service-4, groupId=order-service] Node -1 disconnected.
2026-01-09T20:06:41.622+03:00  INFO 4604 --- [order-service] [org.springframework.kafka.KafkaListenerEndpointContainer#2-0-C-1] org.apache.kafka.clients.NetworkClient   : [Consumer clientId=consumer-order-service-1, groupId=order-service] Node -1 disconnected.
2026-01-09T20:06:41.622+03:00  WARN 4604 --- [order-service] [org.springframework.kafka.KafkaListenerEndpointContainer#1-0-C-1] org.apache.kafka.clients.NetworkClient   : [Consumer clientId=consumer-order-service-4, groupId=order-service] Connection to node -1 (localhost/127.0.0.1:9092) could not be established. Broker may not be available.
2026-01-09T20:06:41.622+03:00  WARN 4604 --- [order-service] [org.springframework.kafka.KafkaListenerEndpointContainer#2-0-C-1] org.apache.kafka.clients.NetworkClient   : [Consumer clientId=consumer-order-service-1, groupId=order-service] Connection to node -1 (localhost/127.0.0.1:9092) could not be established. Broker may not be available.
2026-01-09T20:06:41.622+03:00  WARN 4604 --- [order-service] [org.springframework.kafka.KafkaListenerEndpointContainer#1-0-C-1] org.apache.kafka.clients.NetworkClient   : [Consumer clientId=consumer-order-service-4, groupId=order-service] Bootstrap broker localhost:9092 (id: -1 rack: null) disconnected
2026-01-09T20:06:41.622+03:00  WARN 4604 --- [order-service] [org.springframework.kafka.KafkaListenerEndpointContainer#2-0-C-1] org.apache.kafka.clients.NetworkClient   : [Consumer clientId=consumer-order-service-1, groupId=order-service] Bootstrap broker localhost:9092 (id: -1 rack: null) disconnected
2026-01-09T20:06:41.747+03:00  INFO 4604 --- [order-service] [org.springframework.kafka.KafkaListenerEndpointContainer#0-0-C-1] org.apache.kafka.clients.NetworkClient   : [Consumer clientId=consumer-order-service-3, groupId=order-service] Node -1 disconnected.
2026-01-09T20:06:41.747+03:00  WARN 4604 --- [order-service] [org.springframework.kafka.KafkaListenerEndpointContainer#0-0-C-1] org.apache.kafka.clients.NetworkClient   : [Consumer clientId=consumer-order-service-3, groupId=order-service] Connection to node -1 (localhost/127.0.0.1:9092) could not be established. Broker may not be available.
2026-01-09T20:06:41.747+03:00  WARN 4604 --- [order-service] [org.springframework.kafka.KafkaListenerEndpointContainer#0-0-C-1] org.apache.kafka.clients.NetworkClient   : [Consumer clientId=consumer-order-service-3, groupId=order-service] Bootstrap broker localhost:9092 (id: -1 rack: null) disconnected
2026-01-09T20:06:41.932+03:00  INFO 4604 --- [order-service] [org.springframework.kafka.KafkaListenerEndpointContainer#3-0-C-1] org.apache.kafka.clients.NetworkClient   : [Consumer clientId=consumer-order-service-2, groupId=order-service] Node -1 disconnected.
2026-01-09T20:06:41.932+03:00  WARN 4604 --- [order-service] [org.springframework.kafka.KafkaListenerEndpointContainer#3-0-C-1] org.apache.kafka.clients.NetworkClient   : [Consumer clientId=consumer-order-service-2, groupId=order-service] Connection to node -1 (localhost/127.0.0.1:9092) could not be established. Broker may not be available.
2026-01-09T20:06:41.932+03:00  WARN 4604 --- [order-service] [org.springframework.kafka.KafkaListenerEndpointContainer#3-0-C-1] org.apache.kafka.clients.NetworkClient   : [Consumer clientId=consumer-order-service-2, groupId=order-service] Bootstrap broker localhost:9092 (id: -1 rack: null) disconnected
2026-01-09T20:06:42.478+03:00  INFO 4604 --- [order-service] [org.springframework.kafka.KafkaListenerEndpointContainer#2-0-C-1] org.apache.kafka.clients.NetworkClient   : [Consumer clientId=consumer-order-service-1, groupId=order-service] Node -1 disconnected.
2026-01-09T20:06:42.478+03:00  WARN 4604 --- [order-service] [org.springframework.kafka.KafkaListenerEndpointContainer#2-0-C-1] org.apache.kafka.clients.NetworkClient   : [Consumer clientId=consumer-order-service-1, groupId=order-service] Connection to node -1 (localhost/127.0.0.1:9092) could not be established. Broker may not be available.
2026-01-09T20:06:42.478+03:00  WARN 4604 --- [order-service] [org.springframework.kafka.KafkaListenerEndpointContainer#2-0-C-1] org.apache.kafka.clients.NetworkClient   : [Consumer clientId=consumer-order-service-1, groupId=order-service] Bootstrap broker localhost:9092 (id: -1 rack: null) disconnected
2026-01-09T20:06:42.603+03:00  INFO 4604 --- [order-service] [org.springframework.kafka.KafkaListenerEndpointContainer#0-0-C-1] org.apache.kafka.clients.NetworkClient   : [Consumer clientId=consumer-order-service-3, groupId=order-service] Node -1 disconnected.
2026-01-09T20:06:42.603+03:00  WARN 4604 --- [order-service] [org.springframework.kafka.KafkaListenerEndpointContainer#0-0-C-1] org.apache.kafka.clients.NetworkClient   : [Consumer clientId=consumer-order-service-3, groupId=order-service] Connection to node -1 (localhost/127.0.0.1:9092) could not be established. Broker may not be available.
2026-01-09T20:06:42.603+03:00  WARN 4604 --- [order-service] [org.springframework.kafka.KafkaListenerEndpointContainer#0-0-C-1] org.apache.kafka.clients.NetworkClient   : [Consumer clientId=consumer-order-service-3, groupId=order-service] Bootstrap broker localhost:9092 (id: -1 rack: null) disconnected
2026-01-09T20:06:42.849+03:00  INFO 4604 --- [order-service] [org.springframework.kafka.KafkaListenerEndpointContainer#1-0-C-1] org.apache.kafka.clients.NetworkClient   : [Consumer clientId=consumer-order-service-4, groupId=order-service] Node -1 disconnected.
2026-01-09T20:06:42.849+03:00  WARN 4604 --- [order-service] [org.springframework.kafka.KafkaListenerEndpointContainer#1-0-C-1] org.apache.kafka.clients.NetworkClient   : [Consumer clientId=consumer-order-service-4, groupId=order-service] Connection to node -1 (localhost/127.0.0.1:9092) could not be established. Broker may not be available.
2026-01-09T20:06:42.849+03:00  WARN 4604 --- [order-service] [org.springframework.kafka.KafkaListenerEndpointContainer#1-0-C-1] org.apache.kafka.clients.NetworkClient   : [Consumer clientId=consumer-order-service-4, groupId=order-service] Bootstrap broker localhost:9092 (id: -1 rack: null) disconnected
2026-01-09T20:06:43.100+03:00  INFO 4604 --- [order-service] [org.springframework.kafka.KafkaListenerEndpointContainer#3-0-C-1] org.apache.kafka.clients.NetworkClient   : [Consumer clientId=consumer-order-service-2, groupId=order-service] Node -1 disconnected.
2026-01-09T20:06:43.100+03:00  WARN 4604 --- [order-service] [org.springframework.kafka.KafkaListenerEndpointContainer#3-0-C-1] org.apache.kafka.clients.NetworkClient   : [Consumer clientId=consumer-order-service-2, groupId=order-service] Connection to node -1 (localhost/127.0.0.1:9092) could not be established. Broker may not be available.
2026-01-09T20:06:43.100+03:00  WARN 4604 --- [order-service] [org.springframework.kafka.KafkaListenerEndpointContainer#3-0-C-1] org.apache.kafka.clients.NetworkClient   : [Consumer clientId=consumer-order-service-2, groupId=order-service] Bootstrap broker localhost:9092 (id: -1 rack: null) disconnected
2026-01-09T20:06:43.457+03:00  INFO 4604 --- [order-service] [org.springframework.kafka.KafkaListenerEndpointContainer#0-0-C-1] org.apache.kafka.clients.NetworkClient   : [Consumer clientId=consumer-order-service-3, groupId=order-service] Node -1 disconnected.
2026-01-09T20:06:43.457+03:00  WARN 4604 --- [order-service] [org.springframework.kafka.KafkaListenerEndpointContainer#0-0-C-1] org.apache.kafka.clients.NetworkClient   : [Consumer clientId=consumer-order-service-3, groupId=order-service] Connection to node -1 (localhost/127.0.0.1:9092) could not be established. Broker may not be available.
2026-01-09T20:06:43.458+03:00  WARN 4604 --- [order-service] [org.springframework.kafka.KafkaListenerEndpointContainer#0-0-C-1] org.apache.kafka.clients.NetworkClient   : [Consumer clientId=consumer-order-service-3, groupId=order-service] Bootstrap broker localhost:9092 (id: -1 rack: null) disconnected
2026-01-09T20:06:43.518+03:00  INFO 4604 --- [order-service] [org.springframework.kafka.KafkaListenerEndpointContainer#2-0-C-1] org.apache.kafka.clients.NetworkClient   : [Consumer clientId=consumer-order-service-1, groupId=order-service] Node -1 disconnected.
2026-01-09T20:06:43.518+03:00  WARN 4604 --- [order-service] [org.springframework.kafka.KafkaListenerEndpointContainer#2-0-C-1] org.apache.kafka.clients.NetworkClient   : [Consumer clientId=consumer-order-service-1, groupId=order-service] Connection to node -1 (localhost/127.0.0.1:9092) could not be established. Broker may not be available.
2026-01-09T20:06:43.518+03:00  WARN 4604 --- [order-service] [org.springframework.kafka.KafkaListenerEndpointContainer#2-0-C-1] org.apache.kafka.clients.NetworkClient   : [Consumer clientId=consumer-order-service-1, groupId=order-service] Bootstrap broker localhost:9092 (id: -1 rack: null) disconnected
2026-01-09T20:06:43.703+03:00  INFO 4604 --- [order-service] [org.springframework.kafka.KafkaListenerEndpointContainer#1-0-C-1] org.apache.kafka.clients.NetworkClient   : [Consumer clientId=consumer-order-service-4, groupId=order-service] Node -1 disconnected.
2026-01-09T20:06:43.704+03:00  WARN 4604 --- [order-service] [org.springframework.kafka.KafkaListenerEndpointContainer#1-0-C-1] org.apache.kafka.clients.NetworkClient   : [Consumer clientId=consumer-order-service-4, groupId=order-service] Connection to node -1 (localhost/127.0.0.1:9092) could not be established. Broker may not be available.
2026-01-09T20:06:43.704+03:00  WARN 4604 --- [order-service] [org.springframework.kafka.KafkaListenerEndpointContainer#1-0-C-1] org.apache.kafka.clients.NetworkClient   : [Consumer clientId=consumer-order-service-4, groupId=order-service] Bootstrap broker localhost:9092 (id: -1 rack: null) disconnected
2026-01-09T20:06:44.263+03:00  INFO 4604 --- [order-service] [org.springframework.kafka.KafkaListenerEndpointContainer#3-0-C-1] org.apache.kafka.clients.NetworkClient   : [Consumer clientId=consumer-order-service-2, groupId=order-service] Node -1 disconnected.
2026-01-09T20:06:44.263+03:00  WARN 4604 --- [order-service] [org.springframework.kafka.KafkaListenerEndpointContainer#3-0-C-1] org.apache.kafka.clients.NetworkClient   : [Consumer clientId=consumer-order-service-2, groupId=order-service] Connection to node -1 (localhost/127.0.0.1:9092) could not be established. Broker may not be available.
2026-01-09T20:06:44.263+03:00  WARN 4604 --- [order-service] [org.springframework.kafka.KafkaListenerEndpointContainer#3-0-C-1] org.apache.kafka.clients.NetworkClient   : [Consumer clientId=consumer-order-service-2, groupId=order-service] Bootstrap broker localhost:9092 (id: -1 rack: null) disconnected
2026-01-09T20:06:44.496+03:00  INFO 4604 --- [order-service] [org.springframework.kafka.KafkaListenerEndpointContainer#0-0-C-1] org.apache.kafka.clients.NetworkClient   : [Consumer clientId=consumer-order-service-3, groupId=order-service] Node -1 disconnected.
2026-01-09T20:06:44.497+03:00  WARN 4604 --- [order-service] [org.springframework.kafka.KafkaListenerEndpointContainer#0-0-C-1] org.apache.kafka.clients.NetworkClient   : [Consumer clientId=consumer-order-service-3, groupId=order-service] Connection to node -1 (localhost/127.0.0.1:9092) could not be established. Broker may not be available.
2026-01-09T20:06:44.497+03:00  WARN 4604 --- [order-service] [org.springframework.kafka.KafkaListenerEndpointContainer#0-0-C-1] org.apache.kafka.clients.NetworkClient   : [Consumer clientId=consumer-order-service-3, groupId=order-service] Bootstrap broker localhost:9092 (id: -1 rack: null) disconnected
2026-01-09T20:06:44.560+03:00  INFO 4604 --- [order-service] [org.springframework.kafka.KafkaListenerEndpointContainer#2-0-C-1] org.apache.kafka.clients.NetworkClient   : [Consumer clientId=consumer-order-service-1, groupId=order-service] Node -1 disconnected.
2026-01-09T20:06:44.560+03:00  WARN 4604 --- [order-service] [org.springframework.kafka.KafkaListenerEndpointContainer#2-0-C-1] org.apache.kafka.clients.NetworkClient   : [Consumer clientId=consumer-order-service-1, groupId=order-service] Connection to node -1 (localhost/127.0.0.1:9092) could not be established. Broker may not be available.
2026-01-09T20:06:44.560+03:00  WARN 4604 --- [order-service] [org.springframework.kafka.KafkaListenerEndpointContainer#2-0-C-1] org.apache.kafka.clients.NetworkClient   : [Consumer clientId=consumer-order-service-1, groupId=order-service] Bootstrap broker localhost:9092 (id: -1 rack: null) disconnected
2026-01-09T20:06:44.934+03:00  INFO 4604 --- [order-service] [org.springframework.kafka.KafkaListenerEndpointContainer#1-0-C-1] org.apache.kafka.clients.NetworkClient   : [Consumer clientId=consumer-order-service-4, groupId=order-service] Node -1 disconnected.
2026-01-09T20:06:44.934+03:00  WARN 4604 --- [order-service] [org.springframework.kafka.KafkaListenerEndpointContainer#1-0-C-1] org.apache.kafka.clients.NetworkClient   : [Consumer clientId=consumer-order-service-4, groupId=order-service] Connection to node -1 (localhost/127.0.0.1:9092) could not be established. Broker may not be available.
2026-01-09T20:06:44.934+03:00  WARN 4604 --- [order-service] [org.springframework.kafka.KafkaListenerEndpointContainer#1-0-C-1] org.apache.kafka.clients.NetworkClient   : [Consumer clientId=consumer-order-service-4, groupId=order-service] Bootstrap broker localhost:9092 (id: -1 rack: null) disconnected
2026-01-09T20:06:45.248+03:00  INFO 4604 --- [order-service] [org.springframework.kafka.KafkaListenerEndpointContainer#3-0-C-1] org.apache.kafka.clients.NetworkClient   : [Consumer clientId=consumer-order-service-2, groupId=order-service] Node -1 disconnected.
2026-01-09T20:06:45.248+03:00  WARN 4604 --- [order-service] [org.springframework.kafka.KafkaListenerEndpointContainer#3-0-C-1] org.apache.kafka.clients.NetworkClient   : [Consumer clientId=consumer-order-service-2, groupId=order-service] Connection to node -1 (localhost/127.0.0.1:9092) could not be established. Broker may not be available.
2026-01-09T20:06:45.249+03:00  WARN 4604 --- [order-service] [org.springframework.kafka.KafkaListenerEndpointContainer#3-0-C-1] org.apache.kafka.clients.NetworkClient   : [Consumer clientId=consumer-order-service-2, groupId=order-service] Bootstrap broker localhost:9092 (id: -1 rack: null) disconnected
2026-01-09T20:06:45.417+03:00  INFO 4604 --- [order-service] [org.springframework.kafka.KafkaListenerEndpointContainer#0-0-C-1] org.apache.kafka.clients.NetworkClient   : [Consumer clientId=consumer-order-service-3, groupId=order-service] Node -1 disconnected.
2026-01-09T20:06:45.417+03:00  WARN 4604 --- [order-service] [org.springframework.kafka.KafkaListenerEndpointContainer#0-0-C-1] org.apache.kafka.clients.NetworkClient   : [Consumer clientId=consumer-order-service-3, groupId=order-service] Connection to node -1 (localhost/127.0.0.1:9092) could not be established. Broker may not be available.
2026-01-09T20:06:45.417+03:00  WARN 4604 --- [order-service] [org.springframework.kafka.KafkaListenerEndpointContainer#0-0-C-1] org.apache.kafka.clients.NetworkClient   : [Consumer clientId=consumer-order-service-3, groupId=order-service] Bootstrap broker localhost:9092 (id: -1 rack: null) disconnected
2026-01-09T20:06:45.727+03:00  INFO 4604 --- [order-service] [org.springframework.kafka.KafkaListenerEndpointContainer#2-0-C-1] org.apache.kafka.clients.NetworkClient   : [Consumer clientId=consumer-order-service-1, groupId=order-service] Node -1 disconnected.
2026-01-09T20:06:45.727+03:00  WARN 4604 --- [order-service] [org.springframework.kafka.KafkaListenerEndpointContainer#2-0-C-1] org.apache.kafka.clients.NetworkClient   : [Consumer clientId=consumer-order-service-1, groupId=order-service] Connection to node -1 (localhost/127.0.0.1:9092) could not be established. Broker may not be available.
2026-01-09T20:06:45.727+03:00  WARN 4604 --- [order-service] [org.springframework.kafka.KafkaListenerEndpointContainer#2-0-C-1] org.apache.kafka.clients.NetworkClient   : [Consumer clientId=consumer-order-service-1, groupId=order-service] Bootstrap broker localhost:9092 (id: -1 rack: null) disconnected
2026-01-09T20:06:45.974+03:00  INFO 4604 --- [order-service] [org.springframework.kafka.KafkaListenerEndpointContainer#1-0-C-1] org.apache.kafka.clients.NetworkClient   : [Consumer clientId=consumer-order-service-4, groupId=order-service] Node -1 disconnected.
2026-01-09T20:06:45.974+03:00  WARN 4604 --- [order-service] [org.springframework.kafka.KafkaListenerEndpointContainer#1-0-C-1] org.apache.kafka.clients.NetworkClient   : [Consumer clientId=consumer-order-service-4, groupId=order-service] Connection to node -1 (localhost/127.0.0.1:9092) could not be established. Broker may not be available.
2026-01-09T20:06:45.974+03:00  WARN 4604 --- [order-service] [org.springframework.kafka.KafkaListenerEndpointContainer#1-0-C-1] org.apache.kafka.clients.NetworkClient   : [Consumer clientId=consumer-order-service-4, groupId=order-service] Bootstrap broker localhost:9092 (id: -1 rack: null) disconnected
2026-01-09T20:06:46.351+03:00  INFO 4604 --- [order-service] [org.springframework.kafka.KafkaListenerEndpointContainer#3-0-C-1] org.apache.kafka.clients.NetworkClient   : [Consumer clientId=consumer-order-service-2, groupId=order-service] Node -1 disconnected.
2026-01-09T20:06:46.351+03:00  WARN 4604 --- [order-service] [org.springframework.kafka.KafkaListenerEndpointContainer#3-0-C-1] org.apache.kafka.clients.NetworkClient   : [Consumer clientId=consumer-order-service-2, groupId=order-service] Connection to node -1 (localhost/127.0.0.1:9092) could not be established. Broker may not be available.
2026-01-09T20:06:46.352+03:00  WARN 4604 --- [order-service] [org.springframework.kafka.KafkaListenerEndpointContainer#3-0-C-1] org.apache.kafka.clients.NetworkClient   : [Consumer clientId=consumer-order-service-2, groupId=order-service] Bootstrap broker localhost:9092 (id: -1 rack: null) disconnected
2026-01-09T20:06:46.580+03:00  INFO 4604 --- [order-service] [org.springframework.kafka.KafkaListenerEndpointContainer#0-0-C-1] org.apache.kafka.clients.NetworkClient   : [Consumer clientId=consumer-order-service-3, groupId=order-service] Node -1 disconnected.
2026-01-09T20:06:46.580+03:00  WARN 4604 --- [order-service] [org.springframework.kafka.KafkaListenerEndpointContainer#0-0-C-1] org.apache.kafka.clients.NetworkClient   : [Consumer clientId=consumer-order-service-3, groupId=order-service] Connection to node -1 (localhost/127.0.0.1:9092) could not be established. Broker may not be available.
2026-01-09T20:06:46.580+03:00  WARN 4604 --- [order-service] [org.springframework.kafka.KafkaListenerEndpointContainer#0-0-C-1] org.apache.kafka.clients.NetworkClient   : [Consumer clientId=consumer-order-service-3, groupId=order-service] Bootstrap broker localhost:9092 (id: -1 rack: null) disconnected
2026-01-09T20:06:46.643+03:00  INFO 4604 --- [order-service] [org.springframework.kafka.KafkaListenerEndpointContainer#2-0-C-1] org.apache.kafka.clients.NetworkClient   : [Consumer clientId=consumer-order-service-1, groupId=order-service] Node -1 disconnected.
2026-01-09T20:06:46.644+03:00  WARN 4604 --- [order-service] [org.springframework.kafka.KafkaListenerEndpointContainer#2-0-C-1] org.apache.kafka.clients.NetworkClient   : [Consumer clientId=consumer-order-service-1, groupId=order-service] Connection to node -1 (localhost/127.0.0.1:9092) could not be established. Broker may not be available.
2026-01-09T20:06:46.644+03:00  WARN 4604 --- [order-service] [org.springframework.kafka.KafkaListenerEndpointContainer#2-0-C-1] org.apache.kafka.clients.NetworkClient   : [Consumer clientId=consumer-order-service-1, groupId=order-service] Bootstrap broker localhost:9092 (id: -1 rack: null) disconnected
2026-01-09T20:06:47.208+03:00  INFO 4604 --- [order-service] [org.springframework.kafka.KafkaListenerEndpointContainer#1-0-C-1] org.apache.kafka.clients.NetworkClient   : [Consumer clientId=consumer-order-service-4, groupId=order-service] Node -1 disconnected.
2026-01-09T20:06:47.208+03:00  WARN 4604 --- [order-service] [org.springframework.kafka.KafkaListenerEndpointContainer#1-0-C-1] org.apache.kafka.clients.NetworkClient   : [Consumer clientId=consumer-order-service-4, groupId=order-service] Connection to node -1 (localhost/127.0.0.1:9092) could not be established. Broker may not be available.
2026-01-09T20:06:47.208+03:00  WARN 4604 --- [order-service] [org.springframework.kafka.KafkaListenerEndpointContainer#1-0-C-1] org.apache.kafka.clients.NetworkClient   : [Consumer clientId=consumer-order-service-4, groupId=order-service] Bootstrap broker localhost:9092 (id: -1 rack: null) disconnected
2026-01-09T20:06:47.330+03:00  INFO 4604 --- [order-service] [org.springframework.kafka.KafkaListenerEndpointContainer#3-0-C-1] org.apache.kafka.clients.NetworkClient   : [Consumer clientId=consumer-order-service-2, groupId=order-service] Node -1 disconnected.
2026-01-09T20:06:47.331+03:00  WARN 4604 --- [order-service] [org.springframework.kafka.KafkaListenerEndpointContainer#3-0-C-1] org.apache.kafka.clients.NetworkClient   : [Consumer clientId=consumer-order-service-2, groupId=order-service] Connection to node -1 (localhost/127.0.0.1:9092) could not be established. Broker may not be available.
2026-01-09T20:06:47.331+03:00  WARN 4604 --- [order-service] [org.springframework.kafka.KafkaListenerEndpointContainer#3-0-C-1] org.apache.kafka.clients.NetworkClient   : [Consumer clientId=consumer-order-service-2, groupId=order-service] Bootstrap broker localhost:9092 (id: -1 rack: null) disconnected
2026-01-09T20:06:47.564+03:00  INFO 4604 --- [order-service] [org.springframework.kafka.KafkaListenerEndpointContainer#0-0-C-1] org.apache.kafka.clients.NetworkClient   : [Consumer clientId=consumer-order-service-3, groupId=order-service] Node -1 disconnected.
2026-01-09T20:06:47.565+03:00  WARN 4604 --- [order-service] [org.springframework.kafka.KafkaListenerEndpointContainer#0-0-C-1] org.apache.kafka.clients.NetworkClient   : [Consumer clientId=consumer-order-service-3, groupId=order-service] Connection to node -1 (localhost/127.0.0.1:9092) could not be established. Broker may not be available.
2026-01-09T20:06:47.565+03:00  WARN 4604 --- [order-service] [org.springframework.kafka.KafkaListenerEndpointContainer#0-0-C-1] org.apache.kafka.clients.NetworkClient   : [Consumer clientId=consumer-order-service-3, groupId=order-service] Bootstrap broker localhost:9092 (id: -1 rack: null) disconnected
2026-01-09T20:06:47.687+03:00  INFO 4604 --- [order-service] [org.springframework.kafka.KafkaListenerEndpointContainer#2-0-C-1] org.apache.kafka.clients.NetworkClient   : [Consumer clientId=consumer-order-service-1, groupId=order-service] Node -1 disconnected.
2026-01-09T20:06:47.688+03:00  WARN 4604 --- [order-service] [org.springframework.kafka.KafkaListenerEndpointContainer#2-0-C-1] org.apache.kafka.clients.NetworkClient   : [Consumer clientId=consumer-order-service-1, groupId=order-service] Connection to node -1 (localhost/127.0.0.1:9092) could not be established. Broker may not be available.
2026-01-09T20:06:47.688+03:00  WARN 4604 --- [order-service] [org.springframework.kafka.KafkaListenerEndpointContainer#2-0-C-1] org.apache.kafka.clients.NetworkClient   : [Consumer clientId=consumer-order-service-1, groupId=order-service] Bootstrap broker localhost:9092 (id: -1 rack: null) disconnected
2026-01-09T20:06:48.124+03:00  INFO 4604 --- [order-service] [org.springframework.kafka.KafkaListenerEndpointContainer#1-0-C-1] org.apache.kafka.clients.NetworkClient   : [Consumer clientId=consumer-order-service-4, groupId=order-service] Node -1 disconnected.
2026-01-09T20:06:48.124+03:00  WARN 4604 --- [order-service] [org.springframework.kafka.KafkaListenerEndpointContainer#1-0-C-1] org.apache.kafka.clients.NetworkClient   : [Consumer clientId=consumer-order-service-4, groupId=order-service] Connection to node -1 (localhost/127.0.0.1:9092) could not be established. Broker may not be available.
2026-01-09T20:06:48.124+03:00  WARN 4604 --- [order-service] [org.springframework.kafka.KafkaListenerEndpointContainer#1-0-C-1] org.apache.kafka.clients.NetworkClient   : [Consumer clientId=consumer-order-service-4, groupId=order-service] Bootstrap broker localhost:9092 (id: -1 rack: null) disconnected
2026-01-09T20:06:48.422+03:00  INFO 4604 --- [order-service] [org.springframework.kafka.KafkaListenerEndpointContainer#0-0-C-1] org.apache.kafka.clients.NetworkClient   : [Consumer clientId=consumer-order-service-3, groupId=order-service] Node -1 disconnected.
2026-01-09T20:06:48.423+03:00  WARN 4604 --- [order-service] [org.springframework.kafka.KafkaListenerEndpointContainer#0-0-C-1] org.apache.kafka.clients.NetworkClient   : [Consumer clientId=consumer-order-service-3, groupId=order-service] Connection to node -1 (localhost/127.0.0.1:9092) could not be established. Broker may not be available.
2026-01-09T20:06:48.423+03:00  WARN 4604 --- [order-service] [org.springframework.kafka.KafkaListenerEndpointContainer#0-0-C-1] org.apache.kafka.clients.NetworkClient   : [Consumer clientId=consumer-order-service-3, groupId=order-service] Bootstrap broker localhost:9092 (id: -1 rack: null) disconnected
2026-01-09T20:06:48.548+03:00  INFO 4604 --- [order-service] [org.springframework.kafka.KafkaListenerEndpointContainer#2-0-C-1] org.apache.kafka.clients.NetworkClient   : [Consumer clientId=consumer-order-service-1, groupId=order-service] Node -1 disconnected.
2026-01-09T20:06:48.548+03:00  WARN 4604 --- [order-service] [org.springframework.kafka.KafkaListenerEndpointContainer#2-0-C-1] org.apache.kafka.clients.NetworkClient   : [Consumer clientId=consumer-order-service-1, groupId=order-service] Connection to node -1 (localhost/127.0.0.1:9092) could not be established. Broker may not be available.
2026-01-09T20:06:48.548+03:00  WARN 4604 --- [order-service] [org.springframework.kafka.KafkaListenerEndpointContainer#2-0-C-1] org.apache.kafka.clients.NetworkClient   : [Consumer clientId=consumer-order-service-1, groupId=order-service] Bootstrap broker localhost:9092 (id: -1 rack: null) disconnected
2026-01-09T20:06:48.563+03:00  INFO 4604 --- [order-service] [org.springframework.kafka.KafkaListenerEndpointContainer#3-0-C-1] org.apache.kafka.clients.NetworkClient   : [Consumer clientId=consumer-order-service-2, groupId=order-service] Node -1 disconnected.
2026-01-09T20:06:48.563+03:00  WARN 4604 --- [order-service] [org.springframework.kafka.KafkaListenerEndpointContainer#3-0-C-1] org.apache.kafka.clients.NetworkClient   : [Consumer clientId=consumer-order-service-2, groupId=order-service] Connection to node -1 (localhost/127.0.0.1:9092) could not be established. Broker may not be available.
2026-01-09T20:06:48.564+03:00  WARN 4604 --- [order-service] [org.springframework.kafka.KafkaListenerEndpointContainer#3-0-C-1] org.apache.kafka.clients.NetworkClient   : [Consumer clientId=consumer-order-service-2, groupId=order-service] Bootstrap broker localhost:9092 (id: -1 rack: null) disconnected
2026-01-09T20:06:49.233+03:00  INFO 4604 --- [order-service] [org.springframework.kafka.KafkaListenerEndpointContainer#1-0-C-1] org.apache.kafka.clients.NetworkClient   : [Consumer clientId=consumer-order-service-4, groupId=order-service] Node -1 disconnected.
2026-01-09T20:06:49.233+03:00  WARN 4604 --- [order-service] [org.springframework.kafka.KafkaListenerEndpointContainer#1-0-C-1] org.apache.kafka.clients.NetworkClient   : [Consumer clientId=consumer-order-service-4, groupId=order-service] Connection to node -1 (localhost/127.0.0.1:9092) could not be established. Broker may not be available.
2026-01-09T20:06:49.233+03:00  WARN 4604 --- [order-service] [org.springframework.kafka.KafkaListenerEndpointContainer#1-0-C-1] org.apache.kafka.clients.NetworkClient   : [Consumer clientId=consumer-order-service-4, groupId=order-service] Bootstrap broker localhost:9092 (id: -1 rack: null) disconnected
2026-01-09T20:06:49.466+03:00  INFO 4604 --- [order-service] [org.springframework.kafka.KafkaListenerEndpointContainer#0-0-C-1] org.apache.kafka.clients.NetworkClient   : [Consumer clientId=consumer-order-service-3, groupId=order-service] Node -1 disconnected.
2026-01-09T20:06:49.466+03:00  WARN 4604 --- [order-service] [org.springframework.kafka.KafkaListenerEndpointContainer#0-0-C-1] org.apache.kafka.clients.NetworkClient   : [Consumer clientId=consumer-order-service-3, groupId=order-service] Connection to node -1 (localhost/127.0.0.1:9092) could not be established. Broker may not be available.
2026-01-09T20:06:49.466+03:00  WARN 4604 --- [order-service] [org.springframework.kafka.KafkaListenerEndpointContainer#0-0-C-1] org.apache.kafka.clients.NetworkClient   : [Consumer clientId=consumer-order-service-3, groupId=order-service] Bootstrap broker localhost:9092 (id: -1 rack: null) disconnected
2026-01-09T20:06:49.466+03:00  INFO 4604 --- [order-service] [org.springframework.kafka.KafkaListenerEndpointContainer#2-0-C-1] org.apache.kafka.clients.NetworkClient   : [Consumer clientId=consumer-order-service-1, groupId=order-service] Node -1 disconnected.
2026-01-09T20:06:49.466+03:00  WARN 4604 --- [order-service] [org.springframework.kafka.KafkaListenerEndpointContainer#2-0-C-1] org.apache.kafka.clients.NetworkClient   : [Consumer clientId=consumer-order-service-1, groupId=order-service] Connection to node -1 (localhost/127.0.0.1:9092) could not be established. Broker may not be available.
2026-01-09T20:06:49.467+03:00  WARN 4604 --- [order-service] [org.springframework.kafka.KafkaListenerEndpointContainer#2-0-C-1] org.apache.kafka.clients.NetworkClient   : [Consumer clientId=consumer-order-service-1, groupId=order-service] Bootstrap broker localhost:9092 (id: -1 rack: null) disconnected
2026-01-09T20:06:49.481+03:00  INFO 4604 --- [order-service] [org.springframework.kafka.KafkaListenerEndpointContainer#3-0-C-1] org.apache.kafka.clients.NetworkClient   : [Consumer clientId=consumer-order-service-2, groupId=order-service] Node -1 disconnected.
2026-01-09T20:06:49.481+03:00  WARN 4604 --- [order-service] [org.springframework.kafka.KafkaListenerEndpointContainer#3-0-C-1] org.apache.kafka.clients.NetworkClient   : [Consumer clientId=consumer-order-service-2, groupId=order-service] Connection to node -1 (localhost/127.0.0.1:9092) could not be established. Broker may not be available.
2026-01-09T20:06:49.481+03:00  WARN 4604 --- [order-service] [org.springframework.kafka.KafkaListenerEndpointContainer#3-0-C-1] org.apache.kafka.clients.NetworkClient   : [Consumer clientId=consumer-order-service-2, groupId=order-service] Bootstrap broker localhost:9092 (id: -1 rack: null) disconnected
2026-01-09T20:06:50.318+03:00  INFO 4604 --- [order-service] [org.springframework.kafka.KafkaListenerEndpointContainer#2-0-C-1] org.apache.kafka.clients.NetworkClient   : [Consumer clientId=consumer-order-service-1, groupId=order-service] Node -1 disconnected.
2026-01-09T20:06:50.318+03:00  WARN 4604 --- [order-service] [org.springframework.kafka.KafkaListenerEndpointContainer#2-0-C-1] org.apache.kafka.clients.NetworkClient   : [Consumer clientId=consumer-order-service-1, groupId=order-service] Connection to node -1 (localhost/127.0.0.1:9092) could not be established. Broker may not be available.
2026-01-09T20:06:50.318+03:00  WARN 4604 --- [order-service] [org.springframework.kafka.KafkaListenerEndpointContainer#2-0-C-1] org.apache.kafka.clients.NetworkClient   : [Consumer clientId=consumer-order-service-1, groupId=order-service] Bootstrap broker localhost:9092 (id: -1 rack: null) disconnected
2026-01-09T20:06:50.333+03:00  INFO 4604 --- [order-service] [org.springframework.kafka.KafkaListenerEndpointContainer#3-0-C-1] org.apache.kafka.clients.NetworkClient   : [Consumer clientId=consumer-order-service-2, groupId=order-service] Node -1 disconnected.
2026-01-09T20:06:50.333+03:00  WARN 4604 --- [order-service] [org.springframework.kafka.KafkaListenerEndpointContainer#3-0-C-1] org.apache.kafka.clients.NetworkClient   : [Consumer clientId=consumer-order-service-2, groupId=order-service] Connection to node -1 (localhost/127.0.0.1:9092) could not be established. Broker may not be available.
2026-01-09T20:06:50.333+03:00  WARN 4604 --- [order-service] [org.springframework.kafka.KafkaListenerEndpointContainer#3-0-C-1] org.apache.kafka.clients.NetworkClient   : [Consumer clientId=consumer-order-service-2, groupId=order-service] Bootstrap broker localhost:9092 (id: -1 rack: null) disconnected
2026-01-09T20:06:50.382+03:00  INFO 4604 --- [order-service] [org.springframework.kafka.KafkaListenerEndpointContainer#0-0-C-1] org.apache.kafka.clients.NetworkClient   : [Consumer clientId=consumer-order-service-3, groupId=order-service] Node -1 disconnected.
2026-01-09T20:06:50.383+03:00  WARN 4604 --- [order-service] [org.springframework.kafka.KafkaListenerEndpointContainer#0-0-C-1] org.apache.kafka.clients.NetworkClient   : [Consumer clientId=consumer-order-service-3, groupId=order-service] Connection to node -1 (localhost/127.0.0.1:9092) could not be established. Broker may not be available.
2026-01-09T20:06:50.383+03:00  WARN 4604 --- [order-service] [org.springframework.kafka.KafkaListenerEndpointContainer#0-0-C-1] org.apache.kafka.clients.NetworkClient   : [Consumer clientId=consumer-order-service-3, groupId=order-service] Bootstrap broker localhost:9092 (id: -1 rack: null) disconnected
2026-01-09T20:06:50.397+03:00  INFO 4604 --- [order-service] [org.springframework.kafka.KafkaListenerEndpointContainer#1-0-C-1] org.apache.kafka.clients.NetworkClient   : [Consumer clientId=consumer-order-service-4, groupId=order-service] Node -1 disconnected.
2026-01-09T20:06:50.398+03:00  WARN 4604 --- [order-service] [org.springframework.kafka.KafkaListenerEndpointContainer#1-0-C-1] org.apache.kafka.clients.NetworkClient   : [Consumer clientId=consumer-order-service-4, groupId=order-service] Connection to node -1 (localhost/127.0.0.1:9092) could not be established. Broker may not be available.
2026-01-09T20:06:50.398+03:00  WARN 4604 --- [order-service] [org.springframework.kafka.KafkaListenerEndpointContainer#1-0-C-1] org.apache.kafka.clients.NetworkClient   : [Consumer clientId=consumer-order-service-4, groupId=order-service] Bootstrap broker localhost:9092 (id: -1 rack: null) disconnected
2026-01-09T20:06:51.239+03:00  INFO 4604 --- [order-service] [org.springframework.kafka.KafkaListenerEndpointContainer#2-0-C-1] org.apache.kafka.clients.NetworkClient   : [Consumer clientId=consumer-order-service-1, groupId=order-service] Node -1 disconnected.
2026-01-09T20:06:51.239+03:00  WARN 4604 --- [order-service] [org.springframework.kafka.KafkaListenerEndpointContainer#2-0-C-1] org.apache.kafka.clients.NetworkClient   : [Consumer clientId=consumer-order-service-1, groupId=order-service] Connection to node -1 (localhost/127.0.0.1:9092) could not be established. Broker may not be available.
2026-01-09T20:06:51.239+03:00  WARN 4604 --- [order-service] [org.springframework.kafka.KafkaListenerEndpointContainer#2-0-C-1] org.apache.kafka.clients.NetworkClient   : [Consumer clientId=consumer-order-service-1, groupId=order-service] Bootstrap broker localhost:9092 (id: -1 rack: null) disconnected
2026-01-09T20:06:51.299+03:00  INFO 4604 --- [order-service] [org.springframework.kafka.KafkaListenerEndpointContainer#0-0-C-1] org.apache.kafka.clients.NetworkClient   : [Consumer clientId=consumer-order-service-3, groupId=order-service] Node -1 disconnected.
2026-01-09T20:06:51.299+03:00  WARN 4604 --- [order-service] [org.springframework.kafka.KafkaListenerEndpointContainer#0-0-C-1] org.apache.kafka.clients.NetworkClient   : [Consumer clientId=consumer-order-service-3, groupId=order-service] Connection to node -1 (localhost/127.0.0.1:9092) could not be established. Broker may not be available.
2026-01-09T20:06:51.300+03:00  WARN 4604 --- [order-service] [org.springframework.kafka.KafkaListenerEndpointContainer#0-0-C-1] org.apache.kafka.clients.NetworkClient   : [Consumer clientId=consumer-order-service-3, groupId=order-service] Bootstrap broker localhost:9092 (id: -1 rack: null) disconnected
2026-01-09T20:06:51.376+03:00  INFO 4604 --- [order-service] [org.springframework.kafka.KafkaListenerEndpointContainer#3-0-C-1] org.apache.kafka.clients.NetworkClient   : [Consumer clientId=consumer-order-service-2, groupId=order-service] Node -1 disconnected.
2026-01-09T20:06:51.376+03:00  WARN 4604 --- [order-service] [org.springframework.kafka.KafkaListenerEndpointContainer#3-0-C-1] org.apache.kafka.clients.NetworkClient   : [Consumer clientId=consumer-order-service-2, groupId=order-service] Connection to node -1 (localhost/127.0.0.1:9092) could not be established. Broker may not be available.
2026-01-09T20:06:51.376+03:00  WARN 4604 --- [order-service] [org.springframework.kafka.KafkaListenerEndpointContainer#3-0-C-1] org.apache.kafka.clients.NetworkClient   : [Consumer clientId=consumer-order-service-2, groupId=order-service] Bootstrap broker localhost:9092 (id: -1 rack: null) disconnected
2026-01-09T20:06:51.376+03:00  INFO 4604 --- [order-service] [org.springframework.kafka.KafkaListenerEndpointContainer#1-0-C-1] org.apache.kafka.clients.NetworkClient   : [Consumer clientId=consumer-order-service-4, groupId=order-service] Node -1 disconnected.
2026-01-09T20:06:51.376+03:00  WARN 4604 --- [order-service] [org.springframework.kafka.KafkaListenerEndpointContainer#1-0-C-1] org.apache.kafka.clients.NetworkClient   : [Consumer clientId=consumer-order-service-4, groupId=order-service] Connection to node -1 (localhost/127.0.0.1:9092) could not be established. Broker may not be available.
2026-01-09T20:06:51.376+03:00  WARN 4604 --- [order-service] [org.springframework.kafka.KafkaListenerEndpointContainer#1-0-C-1] org.apache.kafka.clients.NetworkClient   : [Consumer clientId=consumer-order-service-4, groupId=order-service] Bootstrap broker localhost:9092 (id: -1 rack: null) disconnected
2026-01-09T20:06:52.155+03:00  INFO 4604 --- [order-service] [org.springframework.kafka.KafkaListenerEndpointContainer#2-0-C-1] org.apache.kafka.clients.NetworkClient   : [Consumer clientId=consumer-order-service-1, groupId=order-service] Node -1 disconnected.
2026-01-09T20:06:52.155+03:00  WARN 4604 --- [order-service] [org.springframework.kafka.KafkaListenerEndpointContainer#2-0-C-1] org.apache.kafka.clients.NetworkClient   : [Consumer clientId=consumer-order-service-1, groupId=order-service] Connection to node -1 (localhost/127.0.0.1:9092) could not be established. Broker may not be available.
2026-01-09T20:06:52.155+03:00  WARN 4604 --- [order-service] [org.springframework.kafka.KafkaListenerEndpointContainer#2-0-C-1] org.apache.kafka.clients.NetworkClient   : [Consumer clientId=consumer-order-service-1, groupId=order-service] Bootstrap broker localhost:9092 (id: -1 rack: null) disconnected
2026-01-09T20:06:52.466+03:00  INFO 4604 --- [order-service] [org.springframework.kafka.KafkaListenerEndpointContainer#0-0-C-1] org.apache.kafka.clients.NetworkClient   : [Consumer clientId=consumer-order-service-3, groupId=order-service] Node -1 disconnected.
2026-01-09T20:06:52.467+03:00  WARN 4604 --- [order-service] [org.springframework.kafka.KafkaListenerEndpointContainer#0-0-C-1] org.apache.kafka.clients.NetworkClient   : [Consumer clientId=consumer-order-service-3, groupId=order-service] Connection to node -1 (localhost/127.0.0.1:9092) could not be established. Broker may not be available.
2026-01-09T20:06:52.467+03:00  WARN 4604 --- [order-service] [org.springframework.kafka.KafkaListenerEndpointContainer#0-0-C-1] org.apache.kafka.clients.NetworkClient   : [Consumer clientId=consumer-order-service-3, groupId=order-service] Bootstrap broker localhost:9092 (id: -1 rack: null) disconnected
2026-01-09T20:06:52.482+03:00  INFO 4604 --- [order-service] [org.springframework.kafka.KafkaListenerEndpointContainer#1-0-C-1] org.apache.kafka.clients.NetworkClient   : [Consumer clientId=consumer-order-service-4, groupId=order-service] Node -1 disconnected.
2026-01-09T20:06:52.482+03:00  WARN 4604 --- [order-service] [org.springframework.kafka.KafkaListenerEndpointContainer#1-0-C-1] org.apache.kafka.clients.NetworkClient   : [Consumer clientId=consumer-order-service-4, groupId=order-service] Connection to node -1 (localhost/127.0.0.1:9092) could not be established. Broker may not be available.
2026-01-09T20:06:52.482+03:00  WARN 4604 --- [order-service] [org.springframework.kafka.KafkaListenerEndpointContainer#1-0-C-1] org.apache.kafka.clients.NetworkClient   : [Consumer clientId=consumer-order-service-4, groupId=order-service] Bootstrap broker localhost:9092 (id: -1 rack: null) disconnected
2026-01-09T20:06:52.608+03:00  INFO 4604 --- [order-service] [org.springframework.kafka.KafkaListenerEndpointContainer#3-0-C-1] org.apache.kafka.clients.NetworkClient   : [Consumer clientId=consumer-order-service-2, groupId=order-service] Node -1 disconnected.
2026-01-09T20:06:52.608+03:00  WARN 4604 --- [order-service] [org.springframework.kafka.KafkaListenerEndpointContainer#3-0-C-1] org.apache.kafka.clients.NetworkClient   : [Consumer clientId=consumer-order-service-2, groupId=order-service] Connection to node -1 (localhost/127.0.0.1:9092) could not be established. Broker may not be available.
2026-01-09T20:06:52.608+03:00  WARN 4604 --- [order-service] [org.springframework.kafka.KafkaListenerEndpointContainer#3-0-C-1] org.apache.kafka.clients.NetworkClient   : [Consumer clientId=consumer-order-service-2, groupId=order-service] Bootstrap broker localhost:9092 (id: -1 rack: null) disconnected
2026-01-09T20:06:53.325+03:00  INFO 4604 --- [order-service] [org.springframework.kafka.KafkaListenerEndpointContainer#2-0-C-1] org.apache.kafka.clients.NetworkClient   : [Consumer clientId=consumer-order-service-1, groupId=order-service] Node -1 disconnected.
2026-01-09T20:06:53.325+03:00  WARN 4604 --- [order-service] [org.springframework.kafka.KafkaListenerEndpointContainer#2-0-C-1] org.apache.kafka.clients.NetworkClient   : [Consumer clientId=consumer-order-service-1, groupId=order-service] Connection to node -1 (localhost/127.0.0.1:9092) could not be established. Broker may not be available.
2026-01-09T20:06:53.325+03:00  WARN 4604 --- [order-service] [org.springframework.kafka.KafkaListenerEndpointContainer#2-0-C-1] org.apache.kafka.clients.NetworkClient   : [Consumer clientId=consumer-order-service-1, groupId=order-service] Bootstrap broker localhost:9092 (id: -1 rack: null) disconnected
2026-01-09T20:06:53.571+03:00  INFO 4604 --- [order-service] [org.springframework.kafka.KafkaListenerEndpointContainer#0-0-C-1] org.apache.kafka.clients.NetworkClient   : [Consumer clientId=consumer-order-service-3, groupId=order-service] Node -1 disconnected.
2026-01-09T20:06:53.571+03:00  WARN 4604 --- [order-service] [org.springframework.kafka.KafkaListenerEndpointContainer#0-0-C-1] org.apache.kafka.clients.NetworkClient   : [Consumer clientId=consumer-order-service-3, groupId=order-service] Connection to node -1 (localhost/127.0.0.1:9092) could not be established. Broker may not be available.
2026-01-09T20:06:53.571+03:00  WARN 4604 --- [order-service] [org.springframework.kafka.KafkaListenerEndpointContainer#0-0-C-1] org.apache.kafka.clients.NetworkClient   : [Consumer clientId=consumer-order-service-3, groupId=order-service] Bootstrap broker localhost:9092 (id: -1 rack: null) disconnected
2026-01-09T20:06:53.587+03:00  INFO 4604 --- [order-service] [org.springframework.kafka.KafkaListenerEndpointContainer#3-0-C-1] org.apache.kafka.clients.NetworkClient   : [Consumer clientId=consumer-order-service-2, groupId=order-service] Node -1 disconnected.
2026-01-09T20:06:53.587+03:00  WARN 4604 --- [order-service] [org.springframework.kafka.KafkaListenerEndpointContainer#3-0-C-1] org.apache.kafka.clients.NetworkClient   : [Consumer clientId=consumer-order-service-2, groupId=order-service] Connection to node -1 (localhost/127.0.0.1:9092) could not be established. Broker may not be available.
2026-01-09T20:06:53.587+03:00  WARN 4604 --- [order-service] [org.springframework.kafka.KafkaListenerEndpointContainer#3-0-C-1] org.apache.kafka.clients.NetworkClient   : [Consumer clientId=consumer-order-service-2, groupId=order-service] Bootstrap broker localhost:9092 (id: -1 rack: null) disconnected
2026-01-09T20:06:53.649+03:00  INFO 4604 --- [order-service] [org.springframework.kafka.KafkaListenerEndpointContainer#1-0-C-1] org.apache.kafka.clients.NetworkClient   : [Consumer clientId=consumer-order-service-4, groupId=order-service] Node -1 disconnected.
2026-01-09T20:06:53.649+03:00  WARN 4604 --- [order-service] [org.springframework.kafka.KafkaListenerEndpointContainer#1-0-C-1] org.apache.kafka.clients.NetworkClient   : [Consumer clientId=consumer-order-service-4, groupId=order-service] Connection to node -1 (localhost/127.0.0.1:9092) could not be established. Broker may not be available.
2026-01-09T20:06:53.649+03:00  WARN 4604 --- [order-service] [org.springframework.kafka.KafkaListenerEndpointContainer#1-0-C-1] org.apache.kafka.clients.NetworkClient   : [Consumer clientId=consumer-order-service-4, groupId=order-service] Bootstrap broker localhost:9092 (id: -1 rack: null) disconnected
2026-01-09T20:06:54.305+03:00  INFO 4604 --- [order-service] [org.springframework.kafka.KafkaListenerEndpointContainer#2-0-C-1] org.apache.kafka.clients.NetworkClient   : [Consumer clientId=consumer-order-service-1, groupId=order-service] Node -1 disconnected.
2026-01-09T20:06:54.305+03:00  WARN 4604 --- [order-service] [org.springframework.kafka.KafkaListenerEndpointContainer#2-0-C-1] org.apache.kafka.clients.NetworkClient   : [Consumer clientId=consumer-order-service-1, groupId=order-service] Connection to node -1 (localhost/127.0.0.1:9092) could not be established. Broker may not be available.
2026-01-09T20:06:54.305+03:00  WARN 4604 --- [order-service] [org.springframework.kafka.KafkaListenerEndpointContainer#2-0-C-1] org.apache.kafka.clients.NetworkClient   : [Consumer clientId=consumer-order-service-1, groupId=order-service] Bootstrap broker localhost:9092 (id: -1 rack: null) disconnected
2026-01-09T20:06:54.681+03:00  INFO 4604 --- [order-service] [org.springframework.kafka.KafkaListenerEndpointContainer#0-0-C-1] org.apache.kafka.clients.NetworkClient   : [Consumer clientId=consumer-order-service-3, groupId=order-service] Node -1 disconnected.
2026-01-09T20:06:54.681+03:00  WARN 4604 --- [order-service] [org.springframework.kafka.KafkaListenerEndpointContainer#0-0-C-1] org.apache.kafka.clients.NetworkClient   : [Consumer clientId=consumer-order-service-3, groupId=order-service] Connection to node -1 (localhost/127.0.0.1:9092) could not be established. Broker may not be available.
2026-01-09T20:06:54.681+03:00  WARN 4604 --- [order-service] [org.springframework.kafka.KafkaListenerEndpointContainer#0-0-C-1] org.apache.kafka.clients.NetworkClient   : [Consumer clientId=consumer-order-service-3, groupId=order-service] Bootstrap broker localhost:9092 (id: -1 rack: null) disconnected
2026-01-09T20:06:54.759+03:00  INFO 4604 --- [order-service] [org.springframework.kafka.KafkaListenerEndpointContainer#3-0-C-1] org.apache.kafka.clients.NetworkClient   : [Consumer clientId=consumer-order-service-2, groupId=order-service] Node -1 disconnected.
2026-01-09T20:06:54.759+03:00  WARN 4604 --- [order-service] [org.springframework.kafka.KafkaListenerEndpointContainer#3-0-C-1] org.apache.kafka.clients.NetworkClient   : [Consumer clientId=consumer-order-service-2, groupId=order-service] Connection to node -1 (localhost/127.0.0.1:9092) could not be established. Broker may not be available.
2026-01-09T20:06:54.759+03:00  WARN 4604 --- [order-service] [org.springframework.kafka.KafkaListenerEndpointContainer#3-0-C-1] org.apache.kafka.clients.NetworkClient   : [Consumer clientId=consumer-order-service-2, groupId=order-service] Bootstrap broker localhost:9092 (id: -1 rack: null) disconnected
2026-01-09T20:06:54.821+03:00  INFO 4604 --- [order-service] [org.springframework.kafka.KafkaListenerEndpointContainer#1-0-C-1] org.apache.kafka.clients.NetworkClient   : [Consumer clientId=consumer-order-service-4, groupId=order-service] Node -1 disconnected.
2026-01-09T20:06:54.821+03:00  WARN 4604 --- [order-service] [org.springframework.kafka.KafkaListenerEndpointContainer#1-0-C-1] org.apache.kafka.clients.NetworkClient   : [Consumer clientId=consumer-order-service-4, groupId=order-service] Connection to node -1 (localhost/127.0.0.1:9092) could not be established. Broker may not be available.
2026-01-09T20:06:54.821+03:00  WARN 4604 --- [order-service] [org.springframework.kafka.KafkaListenerEndpointContainer#1-0-C-1] org.apache.kafka.clients.NetworkClient   : [Consumer clientId=consumer-order-service-4, groupId=order-service] Bootstrap broker localhost:9092 (id: -1 rack: null) disconnected
2026-01-09T20:06:55.162+03:00  INFO 4604 --- [order-service] [org.springframework.kafka.KafkaListenerEndpointContainer#2-0-C-1] org.apache.kafka.clients.NetworkClient   : [Consumer clientId=consumer-order-service-1, groupId=order-service] Node -1 disconnected.
2026-01-09T20:06:55.163+03:00  WARN 4604 --- [order-service] [org.springframework.kafka.KafkaListenerEndpointContainer#2-0-C-1] org.apache.kafka.clients.NetworkClient   : [Consumer clientId=consumer-order-service-1, groupId=order-service] Connection to node -1 (localhost/127.0.0.1:9092) could not be established. Broker may not be available.
2026-01-09T20:06:55.163+03:00  WARN 4604 --- [order-service] [org.springframework.kafka.KafkaListenerEndpointContainer#2-0-C-1] org.apache.kafka.clients.NetworkClient   : [Consumer clientId=consumer-order-service-1, groupId=order-service] Bootstrap broker localhost:9092 (id: -1 rack: null) disconnected
2026-01-09T20:06:55.739+03:00  INFO 4604 --- [order-service] [org.springframework.kafka.KafkaListenerEndpointContainer#1-0-C-1] org.apache.kafka.clients.NetworkClient   : [Consumer clientId=consumer-order-service-4, groupId=order-service] Node -1 disconnected.
2026-01-09T20:06:55.739+03:00  INFO 4604 --- [order-service] [org.springframework.kafka.KafkaListenerEndpointContainer#3-0-C-1] org.apache.kafka.clients.NetworkClient   : [Consumer clientId=consumer-order-service-2, groupId=order-service] Node -1 disconnected.
2026-01-09T20:06:55.740+03:00  WARN 4604 --- [order-service] [org.springframework.kafka.KafkaListenerEndpointContainer#1-0-C-1] org.apache.kafka.clients.NetworkClient   : [Consumer clientId=consumer-order-service-4, groupId=order-service] Connection to node -1 (localhost/127.0.0.1:9092) could not be established. Broker may not be available.
2026-01-09T20:06:55.740+03:00  WARN 4604 --- [order-service] [org.springframework.kafka.KafkaListenerEndpointContainer#3-0-C-1] org.apache.kafka.clients.NetworkClient   : [Consumer clientId=consumer-order-service-2, groupId=order-service] Connection to node -1 (localhost/127.0.0.1:9092) could not be established. Broker may not be available.
2026-01-09T20:06:55.740+03:00  WARN 4604 --- [order-service] [org.springframework.kafka.KafkaListenerEndpointContainer#1-0-C-1] org.apache.kafka.clients.NetworkClient   : [Consumer clientId=consumer-order-service-4, groupId=order-service] Bootstrap broker localhost:9092 (id: -1 rack: null) disconnected
2026-01-09T20:06:55.740+03:00  WARN 4604 --- [order-service] [org.springframework.kafka.KafkaListenerEndpointContainer#3-0-C-1] org.apache.kafka.clients.NetworkClient   : [Consumer clientId=consumer-order-service-2, groupId=order-service] Bootstrap broker localhost:9092 (id: -1 rack: null) disconnected
2026-01-09T20:06:55.803+03:00  INFO 4604 --- [order-service] [org.springframework.kafka.KafkaListenerEndpointContainer#0-0-C-1] org.apache.kafka.clients.NetworkClient   : [Consumer clientId=consumer-order-service-3, groupId=order-service] Node -1 disconnected.
2026-01-09T20:06:55.805+03:00  WARN 4604 --- [order-service] [org.springframework.kafka.KafkaListenerEndpointContainer#0-0-C-1] org.apache.kafka.clients.NetworkClient   : [Consumer clientId=consumer-order-service-3, groupId=order-service] Connection to node -1 (localhost/127.0.0.1:9092) could not be established. Broker may not be available.
2026-01-09T20:06:55.806+03:00  WARN 4604 --- [order-service] [org.springframework.kafka.KafkaListenerEndpointContainer#0-0-C-1] org.apache.kafka.clients.NetworkClient   : [Consumer clientId=consumer-order-service-3, groupId=order-service] Bootstrap broker localhost:9092 (id: -1 rack: null) disconnected
2026-01-09T20:06:56.362+03:00  INFO 4604 --- [order-service] [org.springframework.kafka.KafkaListenerEndpointContainer#2-0-C-1] org.apache.kafka.clients.NetworkClient   : [Consumer clientId=consumer-order-service-1, groupId=order-service] Node -1 disconnected.
2026-01-09T20:06:56.362+03:00  WARN 4604 --- [order-service] [org.springframework.kafka.KafkaListenerEndpointContainer#2-0-C-1] org.apache.kafka.clients.NetworkClient   : [Consumer clientId=consumer-order-service-1, groupId=order-service] Connection to node -1 (localhost/127.0.0.1:9092) could not be established. Broker may not be available.
2026-01-09T20:06:56.362+03:00  WARN 4604 --- [order-service] [org.springframework.kafka.KafkaListenerEndpointContainer#2-0-C-1] org.apache.kafka.clients.NetworkClient   : [Consumer clientId=consumer-order-service-1, groupId=order-service] Bootstrap broker localhost:9092 (id: -1 rack: null) disconnected
2026-01-09T20:06:56.721+03:00  INFO 4604 --- [order-service] [org.springframework.kafka.KafkaListenerEndpointContainer#0-0-C-1] org.apache.kafka.clients.NetworkClient   : [Consumer clientId=consumer-order-service-3, groupId=order-service] Node -1 disconnected.
2026-01-09T20:06:56.721+03:00  INFO 4604 --- [order-service] [org.springframework.kafka.KafkaListenerEndpointContainer#3-0-C-1] org.apache.kafka.clients.NetworkClient   : [Consumer clientId=consumer-order-service-2, groupId=order-service] Node -1 disconnected.
2026-01-09T20:06:56.721+03:00  WARN 4604 --- [order-service] [org.springframework.kafka.KafkaListenerEndpointContainer#3-0-C-1] org.apache.kafka.clients.NetworkClient   : [Consumer clientId=consumer-order-service-2, groupId=order-service] Connection to node -1 (localhost/127.0.0.1:9092) could not be established. Broker may not be available.
2026-01-09T20:06:56.721+03:00  WARN 4604 --- [order-service] [org.springframework.kafka.KafkaListenerEndpointContainer#3-0-C-1] org.apache.kafka.clients.NetworkClient   : [Consumer clientId=consumer-order-service-2, groupId=order-service] Bootstrap broker localhost:9092 (id: -1 rack: null) disconnected
2026-01-09T20:06:56.721+03:00  WARN 4604 --- [order-service] [org.springframework.kafka.KafkaListenerEndpointContainer#0-0-C-1] org.apache.kafka.clients.NetworkClient   : [Consumer clientId=consumer-order-service-3, groupId=order-service] Connection to node -1 (localhost/127.0.0.1:9092) could not be established. Broker may not be available.
2026-01-09T20:06:56.721+03:00  WARN 4604 --- [order-service] [org.springframework.kafka.KafkaListenerEndpointContainer#0-0-C-1] org.apache.kafka.clients.NetworkClient   : [Consumer clientId=consumer-order-service-3, groupId=order-service] Bootstrap broker localhost:9092 (id: -1 rack: null) disconnected
2026-01-09T20:06:56.782+03:00  INFO 4604 --- [order-service] [org.springframework.kafka.KafkaListenerEndpointContainer#1-0-C-1] org.apache.kafka.clients.NetworkClient   : [Consumer clientId=consumer-order-service-4, groupId=order-service] Node -1 disconnected.
2026-01-09T20:06:56.783+03:00  WARN 4604 --- [order-service] [org.springframework.kafka.KafkaListenerEndpointContainer#1-0-C-1] org.apache.kafka.clients.NetworkClient   : [Consumer clientId=consumer-order-service-4, groupId=order-service] Connection to node -1 (localhost/127.0.0.1:9092) could not be established. Broker may not be available.
2026-01-09T20:06:56.783+03:00  WARN 4604 --- [order-service] [org.springframework.kafka.KafkaListenerEndpointContainer#1-0-C-1] org.apache.kafka.clients.NetworkClient   : [Consumer clientId=consumer-order-service-4, groupId=order-service] Bootstrap broker localhost:9092 (id: -1 rack: null) disconnected
2026-01-09T20:06:57.530+03:00  INFO 4604 --- [order-service] [org.springframework.kafka.KafkaListenerEndpointContainer#2-0-C-1] org.apache.kafka.clients.NetworkClient   : [Consumer clientId=consumer-order-service-1, groupId=order-service] Node -1 disconnected.
2026-01-09T20:06:57.531+03:00  WARN 4604 --- [order-service] [org.springframework.kafka.KafkaListenerEndpointContainer#2-0-C-1] org.apache.kafka.clients.NetworkClient   : [Consumer clientId=consumer-order-service-1, groupId=order-service] Connection to node -1 (localhost/127.0.0.1:9092) could not be established. Broker may not be available.
2026-01-09T20:06:57.531+03:00  WARN 4604 --- [order-service] [org.springframework.kafka.KafkaListenerEndpointContainer#2-0-C-1] org.apache.kafka.clients.NetworkClient   : [Consumer clientId=consumer-order-service-1, groupId=order-service] Bootstrap broker localhost:9092 (id: -1 rack: null) disconnected
2026-01-09T20:06:57.638+03:00  INFO 4604 --- [order-service] [org.springframework.kafka.KafkaListenerEndpointContainer#3-0-C-1] org.apache.kafka.clients.NetworkClient   : [Consumer clientId=consumer-order-service-2, groupId=order-service] Node -1 disconnected.
2026-01-09T20:06:57.638+03:00  WARN 4604 --- [order-service] [org.springframework.kafka.KafkaListenerEndpointContainer#3-0-C-1] org.apache.kafka.clients.NetworkClient   : [Consumer clientId=consumer-order-service-2, groupId=order-service] Connection to node -1 (localhost/127.0.0.1:9092) could not be established. Broker may not be available.
2026-01-09T20:06:57.638+03:00  WARN 4604 --- [order-service] [org.springframework.kafka.KafkaListenerEndpointContainer#3-0-C-1] org.apache.kafka.clients.NetworkClient   : [Consumer clientId=consumer-order-service-2, groupId=order-service] Bootstrap broker localhost:9092 (id: -1 rack: null) disconnected
2026-01-09T20:06:57.763+03:00  INFO 4604 --- [order-service] [org.springframework.kafka.KafkaListenerEndpointContainer#0-0-C-1] org.apache.kafka.clients.NetworkClient   : [Consumer clientId=consumer-order-service-3, groupId=order-service] Node -1 disconnected.
2026-01-09T20:06:57.763+03:00  WARN 4604 --- [order-service] [org.springframework.kafka.KafkaListenerEndpointContainer#0-0-C-1] org.apache.kafka.clients.NetworkClient   : [Consumer clientId=consumer-order-service-3, groupId=order-service] Connection to node -1 (localhost/127.0.0.1:9092) could not be established. Broker may not be available.
2026-01-09T20:06:57.763+03:00  WARN 4604 --- [order-service] [org.springframework.kafka.KafkaListenerEndpointContainer#0-0-C-1] org.apache.kafka.clients.NetworkClient   : [Consumer clientId=consumer-order-service-3, groupId=order-service] Bootstrap broker localhost:9092 (id: -1 rack: null) disconnected
2026-01-09T20:06:57.888+03:00  INFO 4604 --- [order-service] [org.springframework.kafka.KafkaListenerEndpointContainer#1-0-C-1] org.apache.kafka.clients.NetworkClient   : [Consumer clientId=consumer-order-service-4, groupId=order-service] Node -1 disconnected.
2026-01-09T20:06:57.888+03:00  WARN 4604 --- [order-service] [org.springframework.kafka.KafkaListenerEndpointContainer#1-0-C-1] org.apache.kafka.clients.NetworkClient   : [Consumer clientId=consumer-order-service-4, groupId=order-service] Connection to node -1 (localhost/127.0.0.1:9092) could not be established. Broker may not be available.
2026-01-09T20:06:57.888+03:00  WARN 4604 --- [order-service] [org.springframework.kafka.KafkaListenerEndpointContainer#1-0-C-1] org.apache.kafka.clients.NetworkClient   : [Consumer clientId=consumer-order-service-4, groupId=order-service] Bootstrap broker localhost:9092 (id: -1 rack: null) disconnected
2026-01-09T20:06:58.632+03:00  INFO 4604 --- [order-service] [org.springframework.kafka.KafkaListenerEndpointContainer#2-0-C-1] org.apache.kafka.clients.NetworkClient   : [Consumer clientId=consumer-order-service-1, groupId=order-service] Node -1 disconnected.
2026-01-09T20:06:58.632+03:00  WARN 4604 --- [order-service] [org.springframework.kafka.KafkaListenerEndpointContainer#2-0-C-1] org.apache.kafka.clients.NetworkClient   : [Consumer clientId=consumer-order-service-1, groupId=order-service] Connection to node -1 (localhost/127.0.0.1:9092) could not be established. Broker may not be available.
2026-01-09T20:06:58.632+03:00  WARN 4604 --- [order-service] [org.springframework.kafka.KafkaListenerEndpointContainer#2-0-C-1] org.apache.kafka.clients.NetworkClient   : [Consumer clientId=consumer-order-service-1, groupId=order-service] Bootstrap broker localhost:9092 (id: -1 rack: null) disconnected
2026-01-09T20:06:58.817+03:00  INFO 4604 --- [order-service] [org.springframework.kafka.KafkaListenerEndpointContainer#1-0-C-1] org.apache.kafka.clients.NetworkClient   : [Consumer clientId=consumer-order-service-4, groupId=order-service] Node -1 disconnected.
2026-01-09T20:06:58.817+03:00  INFO 4604 --- [order-service] [org.springframework.kafka.KafkaListenerEndpointContainer#3-0-C-1] org.apache.kafka.clients.NetworkClient   : [Consumer clientId=consumer-order-service-2, groupId=order-service] Node -1 disconnected.
2026-01-09T20:06:58.817+03:00  WARN 4604 --- [order-service] [org.springframework.kafka.KafkaListenerEndpointContainer#1-0-C-1] org.apache.kafka.clients.NetworkClient   : [Consumer clientId=consumer-order-service-4, groupId=order-service] Connection to node -1 (localhost/127.0.0.1:9092) could not be established. Broker may not be available.
2026-01-09T20:06:58.817+03:00  WARN 4604 --- [order-service] [org.springframework.kafka.KafkaListenerEndpointContainer#3-0-C-1] org.apache.kafka.clients.NetworkClient   : [Consumer clientId=consumer-order-service-2, groupId=order-service] Connection to node -1 (localhost/127.0.0.1:9092) could not be established. Broker may not be available.
2026-01-09T20:06:58.817+03:00  WARN 4604 --- [order-service] [org.springframework.kafka.KafkaListenerEndpointContainer#1-0-C-1] org.apache.kafka.clients.NetworkClient   : [Consumer clientId=consumer-order-service-4, groupId=order-service] Bootstrap broker localhost:9092 (id: -1 rack: null) disconnected
2026-01-09T20:06:58.817+03:00  WARN 4604 --- [order-service] [org.springframework.kafka.KafkaListenerEndpointContainer#3-0-C-1] org.apache.kafka.clients.NetworkClient   : [Consumer clientId=consumer-order-service-2, groupId=order-service] Bootstrap broker localhost:9092 (id: -1 rack: null) disconnected
2026-01-09T20:06:58.989+03:00  INFO 4604 --- [order-service] [org.springframework.kafka.KafkaListenerEndpointContainer#0-0-C-1] org.apache.kafka.clients.NetworkClient   : [Consumer clientId=consumer-order-service-3, groupId=order-service] Node -1 disconnected.
2026-01-09T20:06:58.989+03:00  WARN 4604 --- [order-service] [org.springframework.kafka.KafkaListenerEndpointContainer#0-0-C-1] org.apache.kafka.clients.NetworkClient   : [Consumer clientId=consumer-order-service-3, groupId=order-service] Connection to node -1 (localhost/127.0.0.1:9092) could not be established. Broker may not be available.
2026-01-09T20:06:58.989+03:00  WARN 4604 --- [order-service] [org.springframework.kafka.KafkaListenerEndpointContainer#0-0-C-1] org.apache.kafka.clients.NetworkClient   : [Consumer clientId=consumer-order-service-3, groupId=order-service] Bootstrap broker localhost:9092 (id: -1 rack: null) disconnected
2026-01-09T20:06:59.547+03:00  INFO 4604 --- [order-service] [org.springframework.kafka.KafkaListenerEndpointContainer#2-0-C-1] org.apache.kafka.clients.NetworkClient   : [Consumer clientId=consumer-order-service-1, groupId=order-service] Node -1 disconnected.
2026-01-09T20:06:59.547+03:00  WARN 4604 --- [order-service] [org.springframework.kafka.KafkaListenerEndpointContainer#2-0-C-1] org.apache.kafka.clients.NetworkClient   : [Consumer clientId=consumer-order-service-1, groupId=order-service] Connection to node -1 (localhost/127.0.0.1:9092) could not be established. Broker may not be available.
2026-01-09T20:06:59.547+03:00  WARN 4604 --- [order-service] [org.springframework.kafka.KafkaListenerEndpointContainer#2-0-C-1] org.apache.kafka.clients.NetworkClient   : [Consumer clientId=consumer-order-service-1, groupId=order-service] Bootstrap broker localhost:9092 (id: -1 rack: null) disconnected
2026-01-09T20:06:59.797+03:00  INFO 4604 --- [order-service] [org.springframework.kafka.KafkaListenerEndpointContainer#3-0-C-1] org.apache.kafka.clients.NetworkClient   : [Consumer clientId=consumer-order-service-2, groupId=order-service] Node -1 disconnected.
2026-01-09T20:06:59.797+03:00  INFO 4604 --- [order-service] [org.springframework.kafka.KafkaListenerEndpointContainer#1-0-C-1] org.apache.kafka.clients.NetworkClient   : [Consumer clientId=consumer-order-service-4, groupId=order-service] Node -1 disconnected.
2026-01-09T20:06:59.797+03:00  WARN 4604 --- [order-service] [org.springframework.kafka.KafkaListenerEndpointContainer#3-0-C-1] org.apache.kafka.clients.NetworkClient   : [Consumer clientId=consumer-order-service-2, groupId=order-service] Connection to node -1 (localhost/127.0.0.1:9092) could not be established. Broker may not be available.
2026-01-09T20:06:59.797+03:00  WARN 4604 --- [order-service] [org.springframework.kafka.KafkaListenerEndpointContainer#3-0-C-1] org.apache.kafka.clients.NetworkClient   : [Consumer clientId=consumer-order-service-2, groupId=order-service] Bootstrap broker localhost:9092 (id: -1 rack: null) disconnected
2026-01-09T20:06:59.797+03:00  WARN 4604 --- [order-service] [org.springframework.kafka.KafkaListenerEndpointContainer#1-0-C-1] org.apache.kafka.clients.NetworkClient   : [Consumer clientId=consumer-order-service-4, groupId=order-service] Connection to node -1 (localhost/127.0.0.1:9092) could not be established. Broker may not be available.
2026-01-09T20:06:59.797+03:00  WARN 4604 --- [order-service] [org.springframework.kafka.KafkaListenerEndpointContainer#1-0-C-1] org.apache.kafka.clients.NetworkClient   : [Consumer clientId=consumer-order-service-4, groupId=order-service] Bootstrap broker localhost:9092 (id: -1 rack: null) disconnected
2026-01-09T20:07:00.027+03:00  INFO 4604 --- [order-service] [org.springframework.kafka.KafkaListenerEndpointContainer#0-0-C-1] org.apache.kafka.clients.NetworkClient   : [Consumer clientId=consumer-order-service-3, groupId=order-service] Node -1 disconnected.
2026-01-09T20:07:00.028+03:00  WARN 4604 --- [order-service] [org.springframework.kafka.KafkaListenerEndpointContainer#0-0-C-1] org.apache.kafka.clients.NetworkClient   : [Consumer clientId=consumer-order-service-3, groupId=order-service] Connection to node -1 (localhost/127.0.0.1:9092) could not be established. Broker may not be available.
2026-01-09T20:07:00.028+03:00  WARN 4604 --- [order-service] [org.springframework.kafka.KafkaListenerEndpointContainer#0-0-C-1] org.apache.kafka.clients.NetworkClient   : [Consumer clientId=consumer-order-service-3, groupId=order-service] Bootstrap broker localhost:9092 (id: -1 rack: null) disconnected
2026-01-09T20:07:00.493+03:00  INFO 4604 --- [order-service] [org.springframework.kafka.KafkaListenerEndpointContainer#2-0-C-1] org.apache.kafka.clients.NetworkClient   : [Consumer clientId=consumer-order-service-1, groupId=order-service] Node -1 disconnected.
2026-01-09T20:07:00.493+03:00  WARN 4604 --- [order-service] [org.springframework.kafka.KafkaListenerEndpointContainer#2-0-C-1] org.apache.kafka.clients.NetworkClient   : [Consumer clientId=consumer-order-service-1, groupId=order-service] Connection to node -1 (localhost/127.0.0.1:9092) could not be established. Broker may not be available.
2026-01-09T20:07:00.493+03:00  WARN 4604 --- [order-service] [org.springframework.kafka.KafkaListenerEndpointContainer#2-0-C-1] org.apache.kafka.clients.NetworkClient   : [Consumer clientId=consumer-order-service-1, groupId=order-service] Bootstrap broker localhost:9092 (id: -1 rack: null) disconnected
2026-01-09T20:07:00.748+03:00  INFO 4604 --- [order-service] [org.springframework.kafka.KafkaListenerEndpointContainer#1-0-C-1] org.apache.kafka.clients.NetworkClient   : [Consumer clientId=consumer-order-service-4, groupId=order-service] Node -1 disconnected.
2026-01-09T20:07:00.748+03:00  INFO 4604 --- [order-service] [org.springframework.kafka.KafkaListenerEndpointContainer#3-0-C-1] org.apache.kafka.clients.NetworkClient   : [Consumer clientId=consumer-order-service-2, groupId=order-service] Node -1 disconnected.
2026-01-09T20:07:00.748+03:00  WARN 4604 --- [order-service] [org.springframework.kafka.KafkaListenerEndpointContainer#1-0-C-1] org.apache.kafka.clients.NetworkClient   : [Consumer clientId=consumer-order-service-4, groupId=order-service] Connection to node -1 (localhost/127.0.0.1:9092) could not be established. Broker may not be available.
2026-01-09T20:07:00.748+03:00  WARN 4604 --- [order-service] [org.springframework.kafka.KafkaListenerEndpointContainer#1-0-C-1] org.apache.kafka.clients.NetworkClient   : [Consumer clientId=consumer-order-service-4, groupId=order-service] Bootstrap broker localhost:9092 (id: -1 rack: null) disconnected
2026-01-09T20:07:00.748+03:00  WARN 4604 --- [order-service] [org.springframework.kafka.KafkaListenerEndpointContainer#3-0-C-1] org.apache.kafka.clients.NetworkClient   : [Consumer clientId=consumer-order-service-2, groupId=order-service] Connection to node -1 (localhost/127.0.0.1:9092) could not be established. Broker may not be available.
2026-01-09T20:07:00.748+03:00  WARN 4604 --- [order-service] [org.springframework.kafka.KafkaListenerEndpointContainer#3-0-C-1] org.apache.kafka.clients.NetworkClient   : [Consumer clientId=consumer-order-service-2, groupId=order-service] Bootstrap broker localhost:9092 (id: -1 rack: null) disconnected
2026-01-09T20:07:00.996+03:00  INFO 4604 --- [order-service] [org.springframework.kafka.KafkaListenerEndpointContainer#0-0-C-1] org.apache.kafka.clients.NetworkClient   : [Consumer clientId=consumer-order-service-3, groupId=order-service] Node -1 disconnected.
2026-01-09T20:07:00.996+03:00  WARN 4604 --- [order-service] [org.springframework.kafka.KafkaListenerEndpointContainer#0-0-C-1] org.apache.kafka.clients.NetworkClient   : [Consumer clientId=consumer-order-service-3, groupId=order-service] Connection to node -1 (localhost/127.0.0.1:9092) could not be established. Broker may not be available.
2026-01-09T20:07:00.996+03:00  WARN 4604 --- [order-service] [org.springframework.kafka.KafkaListenerEndpointContainer#0-0-C-1] org.apache.kafka.clients.NetworkClient   : [Consumer clientId=consumer-order-service-3, groupId=order-service] Bootstrap broker localhost:9092 (id: -1 rack: null) disconnected
2026-01-09T20:07:01.543+03:00  INFO 4604 --- [order-service] [org.springframework.kafka.KafkaListenerEndpointContainer#2-0-C-1] org.apache.kafka.clients.NetworkClient   : [Consumer clientId=consumer-order-service-1, groupId=order-service] Node -1 disconnected.
2026-01-09T20:07:01.544+03:00  WARN 4604 --- [order-service] [org.springframework.kafka.KafkaListenerEndpointContainer#2-0-C-1] org.apache.kafka.clients.NetworkClient   : [Consumer clientId=consumer-order-service-1, groupId=order-service] Connection to node -1 (localhost/127.0.0.1:9092) could not be established. Broker may not be available.
2026-01-09T20:07:01.545+03:00  WARN 4604 --- [order-service] [org.springframework.kafka.KafkaListenerEndpointContainer#2-0-C-1] org.apache.kafka.clients.NetworkClient   : [Consumer clientId=consumer-order-service-1, groupId=order-service] Bootstrap broker localhost:9092 (id: -1 rack: null) disconnected
2026-01-09T20:07:01.606+03:00  INFO 4604 --- [order-service] [org.springframework.kafka.KafkaListenerEndpointContainer#3-0-C-1] org.apache.kafka.clients.NetworkClient   : [Consumer clientId=consumer-order-service-2, groupId=order-service] Node -1 disconnected.
2026-01-09T20:07:01.606+03:00  WARN 4604 --- [order-service] [org.springframework.kafka.KafkaListenerEndpointContainer#3-0-C-1] org.apache.kafka.clients.NetworkClient   : [Consumer clientId=consumer-order-service-2, groupId=order-service] Connection to node -1 (localhost/127.0.0.1:9092) could not be established. Broker may not be available.
2026-01-09T20:07:01.606+03:00  WARN 4604 --- [order-service] [org.springframework.kafka.KafkaListenerEndpointContainer#3-0-C-1] org.apache.kafka.clients.NetworkClient   : [Consumer clientId=consumer-order-service-2, groupId=order-service] Bootstrap broker localhost:9092 (id: -1 rack: null) disconnected
2026-01-09T20:07:01.977+03:00  INFO 4604 --- [order-service] [org.springframework.kafka.KafkaListenerEndpointContainer#1-0-C-1] org.apache.kafka.clients.NetworkClient   : [Consumer clientId=consumer-order-service-4, groupId=order-service] Node -1 disconnected.
2026-01-09T20:07:01.977+03:00  WARN 4604 --- [order-service] [org.springframework.kafka.KafkaListenerEndpointContainer#1-0-C-1] org.apache.kafka.clients.NetworkClient   : [Consumer clientId=consumer-order-service-4, groupId=order-service] Connection to node -1 (localhost/127.0.0.1:9092) could not be established. Broker may not be available.
2026-01-09T20:07:01.977+03:00  WARN 4604 --- [order-service] [org.springframework.kafka.KafkaListenerEndpointContainer#1-0-C-1] org.apache.kafka.clients.NetworkClient   : [Consumer clientId=consumer-order-service-4, groupId=order-service] Bootstrap broker localhost:9092 (id: -1 rack: null) disconnected
2026-01-09T20:07:02.039+03:00  INFO 4604 --- [order-service] [org.springframework.kafka.KafkaListenerEndpointContainer#0-0-C-1] org.apache.kafka.clients.NetworkClient   : [Consumer clientId=consumer-order-service-3, groupId=order-service] Node -1 disconnected.
2026-01-09T20:07:02.039+03:00  WARN 4604 --- [order-service] [org.springframework.kafka.KafkaListenerEndpointContainer#0-0-C-1] org.apache.kafka.clients.NetworkClient   : [Consumer clientId=consumer-order-service-3, groupId=order-service] Connection to node -1 (localhost/127.0.0.1:9092) could not be established. Broker may not be available.
2026-01-09T20:07:02.039+03:00  WARN 4604 --- [order-service] [org.springframework.kafka.KafkaListenerEndpointContainer#0-0-C-1] org.apache.kafka.clients.NetworkClient   : [Consumer clientId=consumer-order-service-3, groupId=order-service] Bootstrap broker localhost:9092 (id: -1 rack: null) disconnected
2026-01-09T20:07:02.524+03:00  INFO 4604 --- [order-service] [org.springframework.kafka.KafkaListenerEndpointContainer#2-0-C-1] org.apache.kafka.clients.NetworkClient   : [Consumer clientId=consumer-order-service-1, groupId=order-service] Node -1 disconnected.
2026-01-09T20:07:02.524+03:00  WARN 4604 --- [order-service] [org.springframework.kafka.KafkaListenerEndpointContainer#2-0-C-1] org.apache.kafka.clients.NetworkClient   : [Consumer clientId=consumer-order-service-1, groupId=order-service] Connection to node -1 (localhost/127.0.0.1:9092) could not be established. Broker may not be available.
2026-01-09T20:07:02.524+03:00  WARN 4604 --- [order-service] [org.springframework.kafka.KafkaListenerEndpointContainer#2-0-C-1] org.apache.kafka.clients.NetworkClient   : [Consumer clientId=consumer-order-service-1, groupId=order-service] Bootstrap broker localhost:9092 (id: -1 rack: null) disconnected
2026-01-09T20:07:02.585+03:00  INFO 4604 --- [order-service] [org.springframework.kafka.KafkaListenerEndpointContainer#3-0-C-1] org.apache.kafka.clients.NetworkClient   : [Consumer clientId=consumer-order-service-2, groupId=order-service] Node -1 disconnected.
2026-01-09T20:07:02.585+03:00  WARN 4604 --- [order-service] [org.springframework.kafka.KafkaListenerEndpointContainer#3-0-C-1] org.apache.kafka.clients.NetworkClient   : [Consumer clientId=consumer-order-service-2, groupId=order-service] Connection to node -1 (localhost/127.0.0.1:9092) could not be established. Broker may not be available.
2026-01-09T20:07:02.585+03:00  WARN 4604 --- [order-service] [org.springframework.kafka.KafkaListenerEndpointContainer#3-0-C-1] org.apache.kafka.clients.NetworkClient   : [Consumer clientId=consumer-order-service-2, groupId=order-service] Bootstrap broker localhost:9092 (id: -1 rack: null) disconnected
2026-01-09T20:07:03.024+03:00  INFO 4604 --- [order-service] [org.springframework.kafka.KafkaListenerEndpointContainer#0-0-C-1] org.apache.kafka.clients.NetworkClient   : [Consumer clientId=consumer-order-service-3, groupId=order-service] Node -1 disconnected.
2026-01-09T20:07:03.024+03:00  WARN 4604 --- [order-service] [org.springframework.kafka.KafkaListenerEndpointContainer#0-0-C-1] org.apache.kafka.clients.NetworkClient   : [Consumer clientId=consumer-order-service-3, groupId=order-service] Connection to node -1 (localhost/127.0.0.1:9092) could not be established. Broker may not be available.
2026-01-09T20:07:03.024+03:00  WARN 4604 --- [order-service] [org.springframework.kafka.KafkaListenerEndpointContainer#0-0-C-1] org.apache.kafka.clients.NetworkClient   : [Consumer clientId=consumer-order-service-3, groupId=order-service] Bootstrap broker localhost:9092 (id: -1 rack: null) disconnected
2026-01-09T20:07:03.147+03:00  INFO 4604 --- [order-service] [org.springframework.kafka.KafkaListenerEndpointContainer#1-0-C-1] org.apache.kafka.clients.NetworkClient   : [Consumer clientId=consumer-order-service-4, groupId=order-service] Node -1 disconnected.
2026-01-09T20:07:03.147+03:00  WARN 4604 --- [order-service] [org.springframework.kafka.KafkaListenerEndpointContainer#1-0-C-1] org.apache.kafka.clients.NetworkClient   : [Consumer clientId=consumer-order-service-4, groupId=order-service] Connection to node -1 (localhost/127.0.0.1:9092) could not be established. Broker may not be available.
2026-01-09T20:07:03.147+03:00  WARN 4604 --- [order-service] [org.springframework.kafka.KafkaListenerEndpointContainer#1-0-C-1] org.apache.kafka.clients.NetworkClient   : [Consumer clientId=consumer-order-service-4, groupId=order-service] Bootstrap broker localhost:9092 (id: -1 rack: null) disconnected
2026-01-09T20:07:03.380+03:00  INFO 4604 --- [order-service] [org.springframework.kafka.KafkaListenerEndpointContainer#2-0-C-1] org.apache.kafka.clients.NetworkClient   : [Consumer clientId=consumer-order-service-1, groupId=order-service] Node -1 disconnected.
2026-01-09T20:07:03.380+03:00  WARN 4604 --- [order-service] [org.springframework.kafka.KafkaListenerEndpointContainer#2-0-C-1] org.apache.kafka.clients.NetworkClient   : [Consumer clientId=consumer-order-service-1, groupId=order-service] Connection to node -1 (localhost/127.0.0.1:9092) could not be established. Broker may not be available.
2026-01-09T20:07:03.380+03:00  WARN 4604 --- [order-service] [org.springframework.kafka.KafkaListenerEndpointContainer#2-0-C-1] org.apache.kafka.clients.NetworkClient   : [Consumer clientId=consumer-order-service-1, groupId=order-service] Bootstrap broker localhost:9092 (id: -1 rack: null) disconnected
2026-01-09T20:07:03.503+03:00  INFO 4604 --- [order-service] [org.springframework.kafka.KafkaListenerEndpointContainer#3-0-C-1] org.apache.kafka.clients.NetworkClient   : [Consumer clientId=consumer-order-service-2, groupId=order-service] Node -1 disconnected.
2026-01-09T20:07:03.503+03:00  WARN 4604 --- [order-service] [org.springframework.kafka.KafkaListenerEndpointContainer#3-0-C-1] org.apache.kafka.clients.NetworkClient   : [Consumer clientId=consumer-order-service-2, groupId=order-service] Connection to node -1 (localhost/127.0.0.1:9092) could not be established. Broker may not be available.
2026-01-09T20:07:03.504+03:00  WARN 4604 --- [order-service] [org.springframework.kafka.KafkaListenerEndpointContainer#3-0-C-1] org.apache.kafka.clients.NetworkClient   : [Consumer clientId=consumer-order-service-2, groupId=order-service] Bootstrap broker localhost:9092 (id: -1 rack: null) disconnected
2026-01-09T20:07:03.876+03:00  INFO 4604 --- [order-service] [org.springframework.kafka.KafkaListenerEndpointContainer#0-0-C-1] org.apache.kafka.clients.NetworkClient   : [Consumer clientId=consumer-order-service-3, groupId=order-service] Node -1 disconnected.
2026-01-09T20:07:03.876+03:00  WARN 4604 --- [order-service] [org.springframework.kafka.KafkaListenerEndpointContainer#0-0-C-1] org.apache.kafka.clients.NetworkClient   : [Consumer clientId=consumer-order-service-3, groupId=order-service] Connection to node -1 (localhost/127.0.0.1:9092) could not be established. Broker may not be available.
2026-01-09T20:07:03.876+03:00  WARN 4604 --- [order-service] [org.springframework.kafka.KafkaListenerEndpointContainer#0-0-C-1] org.apache.kafka.clients.NetworkClient   : [Consumer clientId=consumer-order-service-3, groupId=order-service] Bootstrap broker localhost:9092 (id: -1 rack: null) disconnected
2026-01-09T20:07:04.061+03:00  INFO 4604 --- [order-service] [org.springframework.kafka.KafkaListenerEndpointContainer#1-0-C-1] org.apache.kafka.clients.NetworkClient   : [Consumer clientId=consumer-order-service-4, groupId=order-service] Node -1 disconnected.
2026-01-09T20:07:04.061+03:00  WARN 4604 --- [order-service] [org.springframework.kafka.KafkaListenerEndpointContainer#1-0-C-1] org.apache.kafka.clients.NetworkClient   : [Consumer clientId=consumer-order-service-4, groupId=order-service] Connection to node -1 (localhost/127.0.0.1:9092) could not be established. Broker may not be available.
2026-01-09T20:07:04.061+03:00  WARN 4604 --- [order-service] [org.springframework.kafka.KafkaListenerEndpointContainer#1-0-C-1] org.apache.kafka.clients.NetworkClient   : [Consumer clientId=consumer-order-service-4, groupId=order-service] Bootstrap broker localhost:9092 (id: -1 rack: null) disconnected
2026-01-09T20:07:04.482+03:00  INFO 4604 --- [order-service] [org.springframework.kafka.KafkaListenerEndpointContainer#3-0-C-1] org.apache.kafka.clients.NetworkClient   : [Consumer clientId=consumer-order-service-2, groupId=order-service] Node -1 disconnected.
2026-01-09T20:07:04.482+03:00  WARN 4604 --- [order-service] [org.springframework.kafka.KafkaListenerEndpointContainer#3-0-C-1] org.apache.kafka.clients.NetworkClient   : [Consumer clientId=consumer-order-service-2, groupId=order-service] Connection to node -1 (localhost/127.0.0.1:9092) could not be established. Broker may not be available.
2026-01-09T20:07:04.483+03:00  WARN 4604 --- [order-service] [org.springframework.kafka.KafkaListenerEndpointContainer#3-0-C-1] org.apache.kafka.clients.NetworkClient   : [Consumer clientId=consumer-order-service-2, groupId=order-service] Bootstrap broker localhost:9092 (id: -1 rack: null) disconnected
2026-01-09T20:07:04.545+03:00  INFO 4604 --- [order-service] [org.springframework.kafka.KafkaListenerEndpointContainer#2-0-C-1] org.apache.kafka.clients.NetworkClient   : [Consumer clientId=consumer-order-service-1, groupId=order-service] Node -1 disconnected.
2026-01-09T20:07:04.546+03:00  WARN 4604 --- [order-service] [org.springframework.kafka.KafkaListenerEndpointContainer#2-0-C-1] org.apache.kafka.clients.NetworkClient   : [Consumer clientId=consumer-order-service-1, groupId=order-service] Connection to node -1 (localhost/127.0.0.1:9092) could not be established. Broker may not be available.
2026-01-09T20:07:04.546+03:00  WARN 4604 --- [order-service] [org.springframework.kafka.KafkaListenerEndpointContainer#2-0-C-1] org.apache.kafka.clients.NetworkClient   : [Consumer clientId=consumer-order-service-1, groupId=order-service] Bootstrap broker localhost:9092 (id: -1 rack: null) disconnected
2026-01-09T20:07:05.041+03:00  INFO 4604 --- [order-service] [org.springframework.kafka.KafkaListenerEndpointContainer#0-0-C-1] org.apache.kafka.clients.NetworkClient   : [Consumer clientId=consumer-order-service-3, groupId=order-service] Node -1 disconnected.
2026-01-09T20:07:05.042+03:00  WARN 4604 --- [order-service] [org.springframework.kafka.KafkaListenerEndpointContainer#0-0-C-1] org.apache.kafka.clients.NetworkClient   : [Consumer clientId=consumer-order-service-3, groupId=order-service] Connection to node -1 (localhost/127.0.0.1:9092) could not be established. Broker may not be available.
2026-01-09T20:07:05.042+03:00  WARN 4604 --- [order-service] [org.springframework.kafka.KafkaListenerEndpointContainer#0-0-C-1] org.apache.kafka.clients.NetworkClient   : [Consumer clientId=consumer-order-service-3, groupId=order-service] Bootstrap broker localhost:9092 (id: -1 rack: null) disconnected
2026-01-09T20:07:05.289+03:00  INFO 4604 --- [order-service] [org.springframework.kafka.KafkaListenerEndpointContainer#1-0-C-1] org.apache.kafka.clients.NetworkClient   : [Consumer clientId=consumer-order-service-4, groupId=order-service] Node -1 disconnected.
2026-01-09T20:07:05.289+03:00  WARN 4604 --- [order-service] [org.springframework.kafka.KafkaListenerEndpointContainer#1-0-C-1] org.apache.kafka.clients.NetworkClient   : [Consumer clientId=consumer-order-service-4, groupId=order-service] Connection to node -1 (localhost/127.0.0.1:9092) could not be established. Broker may not be available.
2026-01-09T20:07:05.289+03:00  WARN 4604 --- [order-service] [org.springframework.kafka.KafkaListenerEndpointContainer#1-0-C-1] org.apache.kafka.clients.NetworkClient   : [Consumer clientId=consumer-order-service-4, groupId=order-service] Bootstrap broker localhost:9092 (id: -1 rack: null) disconnected
2026-01-09T20:07:05.397+03:00  INFO 4604 --- [order-service] [org.springframework.kafka.KafkaListenerEndpointContainer#2-0-C-1] org.apache.kafka.clients.NetworkClient   : [Consumer clientId=consumer-order-service-1, groupId=order-service] Node -1 disconnected.
2026-01-09T20:07:05.398+03:00  WARN 4604 --- [order-service] [org.springframework.kafka.KafkaListenerEndpointContainer#2-0-C-1] org.apache.kafka.clients.NetworkClient   : [Consumer clientId=consumer-order-service-1, groupId=order-service] Connection to node -1 (localhost/127.0.0.1:9092) could not be established. Broker may not be available.
2026-01-09T20:07:05.398+03:00  WARN 4604 --- [order-service] [org.springframework.kafka.KafkaListenerEndpointContainer#2-0-C-1] org.apache.kafka.clients.NetworkClient   : [Consumer clientId=consumer-order-service-1, groupId=order-service] Bootstrap broker localhost:9092 (id: -1 rack: null) disconnected
2026-01-09T20:07:05.445+03:00  INFO 4604 --- [order-service] [org.springframework.kafka.KafkaListenerEndpointContainer#3-0-C-1] org.apache.kafka.clients.NetworkClient   : [Consumer clientId=consumer-order-service-2, groupId=order-service] Node -1 disconnected.
2026-01-09T20:07:05.445+03:00  WARN 4604 --- [order-service] [org.springframework.kafka.KafkaListenerEndpointContainer#3-0-C-1] org.apache.kafka.clients.NetworkClient   : [Consumer clientId=consumer-order-service-2, groupId=order-service] Connection to node -1 (localhost/127.0.0.1:9092) could not be established. Broker may not be available.
2026-01-09T20:07:05.445+03:00  WARN 4604 --- [order-service] [org.springframework.kafka.KafkaListenerEndpointContainer#3-0-C-1] org.apache.kafka.clients.NetworkClient   : [Consumer clientId=consumer-order-service-2, groupId=order-service] Bootstrap broker localhost:9092 (id: -1 rack: null) disconnected
2026-01-09T20:07:06.127+03:00  INFO 4604 --- [order-service] [org.springframework.kafka.KafkaListenerEndpointContainer#0-0-C-1] org.apache.kafka.clients.NetworkClient   : [Consumer clientId=consumer-order-service-3, groupId=order-service] Node -1 disconnected.
2026-01-09T20:07:06.127+03:00  WARN 4604 --- [order-service] [org.springframework.kafka.KafkaListenerEndpointContainer#0-0-C-1] org.apache.kafka.clients.NetworkClient   : [Consumer clientId=consumer-order-service-3, groupId=order-service] Connection to node -1 (localhost/127.0.0.1:9092) could not be established. Broker may not be available.
2026-01-09T20:07:06.127+03:00  WARN 4604 --- [order-service] [org.springframework.kafka.KafkaListenerEndpointContainer#0-0-C-1] org.apache.kafka.clients.NetworkClient   : [Consumer clientId=consumer-order-service-3, groupId=order-service] Bootstrap broker localhost:9092 (id: -1 rack: null) disconnected
2026-01-09T20:07:06.375+03:00  INFO 4604 --- [order-service] [org.springframework.kafka.KafkaListenerEndpointContainer#2-0-C-1] org.apache.kafka.clients.NetworkClient   : [Consumer clientId=consumer-order-service-1, groupId=order-service] Node -1 disconnected.
2026-01-09T20:07:06.375+03:00  WARN 4604 --- [order-service] [org.springframework.kafka.KafkaListenerEndpointContainer#2-0-C-1] org.apache.kafka.clients.NetworkClient   : [Consumer clientId=consumer-order-service-1, groupId=order-service] Connection to node -1 (localhost/127.0.0.1:9092) could not be established. Broker may not be available.
2026-01-09T20:07:06.375+03:00  WARN 4604 --- [order-service] [org.springframework.kafka.KafkaListenerEndpointContainer#2-0-C-1] org.apache.kafka.clients.NetworkClient   : [Consumer clientId=consumer-order-service-1, groupId=order-service] Bootstrap broker localhost:9092 (id: -1 rack: null) disconnected
2026-01-09T20:07:06.421+03:00  INFO 4604 --- [order-service] [org.springframework.kafka.KafkaListenerEndpointContainer#3-0-C-1] org.apache.kafka.clients.NetworkClient   : [Consumer clientId=consumer-order-service-2, groupId=order-service] Node -1 disconnected.
2026-01-09T20:07:06.422+03:00  WARN 4604 --- [order-service] [org.springframework.kafka.KafkaListenerEndpointContainer#3-0-C-1] org.apache.kafka.clients.NetworkClient   : [Consumer clientId=consumer-order-service-2, groupId=order-service] Connection to node -1 (localhost/127.0.0.1:9092) could not be established. Broker may not be available.
2026-01-09T20:07:06.422+03:00  WARN 4604 --- [order-service] [org.springframework.kafka.KafkaListenerEndpointContainer#3-0-C-1] org.apache.kafka.clients.NetworkClient   : [Consumer clientId=consumer-order-service-2, groupId=order-service] Bootstrap broker localhost:9092 (id: -1 rack: null) disconnected
2026-01-09T20:07:06.497+03:00  INFO 4604 --- [order-service] [org.springframework.kafka.KafkaListenerEndpointContainer#1-0-C-1] org.apache.kafka.clients.NetworkClient   : [Consumer clientId=consumer-order-service-4, groupId=order-service] Node -1 disconnected.
2026-01-09T20:07:06.497+03:00  WARN 4604 --- [order-service] [org.springframework.kafka.KafkaListenerEndpointContainer#1-0-C-1] org.apache.kafka.clients.NetworkClient   : [Consumer clientId=consumer-order-service-4, groupId=order-service] Connection to node -1 (localhost/127.0.0.1:9092) could not be established. Broker may not be available.
2026-01-09T20:07:06.497+03:00  WARN 4604 --- [order-service] [org.springframework.kafka.KafkaListenerEndpointContainer#1-0-C-1] org.apache.kafka.clients.NetworkClient   : [Consumer clientId=consumer-order-service-4, groupId=order-service] Bootstrap broker localhost:9092 (id: -1 rack: null) disconnected
2026-01-09T20:07:06.996+03:00  INFO 4604 --- [order-service] [org.springframework.kafka.KafkaListenerEndpointContainer#0-0-C-1] org.apache.kafka.clients.NetworkClient   : [Consumer clientId=consumer-order-service-3, groupId=order-service] Node -1 disconnected.
2026-01-09T20:07:06.996+03:00  WARN 4604 --- [order-service] [org.springframework.kafka.KafkaListenerEndpointContainer#0-0-C-1] org.apache.kafka.clients.NetworkClient   : [Consumer clientId=consumer-order-service-3, groupId=order-service] Connection to node -1 (localhost/127.0.0.1:9092) could not be established. Broker may not be available.
2026-01-09T20:07:06.996+03:00  WARN 4604 --- [order-service] [org.springframework.kafka.KafkaListenerEndpointContainer#0-0-C-1] org.apache.kafka.clients.NetworkClient   : [Consumer clientId=consumer-order-service-3, groupId=order-service] Bootstrap broker localhost:9092 (id: -1 rack: null) disconnected
2026-01-09T20:07:07.354+03:00  INFO 4604 --- [order-service] [org.springframework.kafka.KafkaListenerEndpointContainer#1-0-C-1] org.apache.kafka.clients.NetworkClient   : [Consumer clientId=consumer-order-service-4, groupId=order-service] Node -1 disconnected.
2026-01-09T20:07:07.354+03:00  WARN 4604 --- [order-service] [org.springframework.kafka.KafkaListenerEndpointContainer#1-0-C-1] org.apache.kafka.clients.NetworkClient   : [Consumer clientId=consumer-order-service-4, groupId=order-service] Connection to node -1 (localhost/127.0.0.1:9092) could not be established. Broker may not be available.
2026-01-09T20:07:07.354+03:00  WARN 4604 --- [order-service] [org.springframework.kafka.KafkaListenerEndpointContainer#1-0-C-1] org.apache.kafka.clients.NetworkClient   : [Consumer clientId=consumer-order-service-4, groupId=order-service] Bootstrap broker localhost:9092 (id: -1 rack: null) disconnected
2026-01-09T20:07:07.417+03:00  INFO 4604 --- [order-service] [org.springframework.kafka.KafkaListenerEndpointContainer#2-0-C-1] org.apache.kafka.clients.NetworkClient   : [Consumer clientId=consumer-order-service-1, groupId=order-service] Node -1 disconnected.
2026-01-09T20:07:07.417+03:00  WARN 4604 --- [order-service] [org.springframework.kafka.KafkaListenerEndpointContainer#2-0-C-1] org.apache.kafka.clients.NetworkClient   : [Consumer clientId=consumer-order-service-1, groupId=order-service] Connection to node -1 (localhost/127.0.0.1:9092) could not be established. Broker may not be available.
2026-01-09T20:07:07.417+03:00  WARN 4604 --- [order-service] [org.springframework.kafka.KafkaListenerEndpointContainer#2-0-C-1] org.apache.kafka.clients.NetworkClient   : [Consumer clientId=consumer-order-service-1, groupId=order-service] Bootstrap broker localhost:9092 (id: -1 rack: null) disconnected
2026-01-09T20:07:07.587+03:00  INFO 4604 --- [order-service] [org.springframework.kafka.KafkaListenerEndpointContainer#3-0-C-1] org.apache.kafka.clients.NetworkClient   : [Consumer clientId=consumer-order-service-2, groupId=order-service] Node -1 disconnected.
2026-01-09T20:07:07.587+03:00  WARN 4604 --- [order-service] [org.springframework.kafka.KafkaListenerEndpointContainer#3-0-C-1] org.apache.kafka.clients.NetworkClient   : [Consumer clientId=consumer-order-service-2, groupId=order-service] Connection to node -1 (localhost/127.0.0.1:9092) could not be established. Broker may not be available.
2026-01-09T20:07:07.587+03:00  WARN 4604 --- [order-service] [org.springframework.kafka.KafkaListenerEndpointContainer#3-0-C-1] org.apache.kafka.clients.NetworkClient   : [Consumer clientId=consumer-order-service-2, groupId=order-service] Bootstrap broker localhost:9092 (id: -1 rack: null) disconnected
2026-01-09T20:07:08.223+03:00  INFO 4604 --- [order-service] [org.springframework.kafka.KafkaListenerEndpointContainer#0-0-C-1] org.apache.kafka.clients.NetworkClient   : [Consumer clientId=consumer-order-service-3, groupId=order-service] Node -1 disconnected.
2026-01-09T20:07:08.223+03:00  WARN 4604 --- [order-service] [org.springframework.kafka.KafkaListenerEndpointContainer#0-0-C-1] org.apache.kafka.clients.NetworkClient   : [Consumer clientId=consumer-order-service-3, groupId=order-service] Connection to node -1 (localhost/127.0.0.1:9092) could not be established. Broker may not be available.
2026-01-09T20:07:08.223+03:00  WARN 4604 --- [order-service] [org.springframework.kafka.KafkaListenerEndpointContainer#0-0-C-1] org.apache.kafka.clients.NetworkClient   : [Consumer clientId=consumer-order-service-3, groupId=order-service] Bootstrap broker localhost:9092 (id: -1 rack: null) disconnected
2026-01-09T20:07:08.270+03:00  INFO 4604 --- [order-service] [org.springframework.kafka.KafkaListenerEndpointContainer#2-0-C-1] org.apache.kafka.clients.NetworkClient   : [Consumer clientId=consumer-order-service-1, groupId=order-service] Node -1 disconnected.
2026-01-09T20:07:08.270+03:00  WARN 4604 --- [order-service] [org.springframework.kafka.KafkaListenerEndpointContainer#2-0-C-1] org.apache.kafka.clients.NetworkClient   : [Consumer clientId=consumer-order-service-1, groupId=order-service] Connection to node -1 (localhost/127.0.0.1:9092) could not be established. Broker may not be available.
2026-01-09T20:07:08.270+03:00  WARN 4604 --- [order-service] [org.springframework.kafka.KafkaListenerEndpointContainer#2-0-C-1] org.apache.kafka.clients.NetworkClient   : [Consumer clientId=consumer-order-service-1, groupId=order-service] Bootstrap broker localhost:9092 (id: -1 rack: null) disconnected
2026-01-09T20:07:08.518+03:00  INFO 4604 --- [order-service] [org.springframework.kafka.KafkaListenerEndpointContainer#1-0-C-1] org.apache.kafka.clients.NetworkClient   : [Consumer clientId=consumer-order-service-4, groupId=order-service] Node -1 disconnected.
2026-01-09T20:07:08.518+03:00  WARN 4604 --- [order-service] [org.springframework.kafka.KafkaListenerEndpointContainer#1-0-C-1] org.apache.kafka.clients.NetworkClient   : [Consumer clientId=consumer-order-service-4, groupId=order-service] Connection to node -1 (localhost/127.0.0.1:9092) could not be established. Broker may not be available.
2026-01-09T20:07:08.518+03:00  WARN 4604 --- [order-service] [org.springframework.kafka.KafkaListenerEndpointContainer#1-0-C-1] org.apache.kafka.clients.NetworkClient   : [Consumer clientId=consumer-order-service-4, groupId=order-service] Bootstrap broker localhost:9092 (id: -1 rack: null) disconnected
2026-01-09T20:07:08.753+03:00  INFO 4604 --- [order-service] [org.springframework.kafka.KafkaListenerEndpointContainer#3-0-C-1] org.apache.kafka.clients.NetworkClient   : [Consumer clientId=consumer-order-service-2, groupId=order-service] Node -1 disconnected.
2026-01-09T20:07:08.754+03:00  WARN 4604 --- [order-service] [org.springframework.kafka.KafkaListenerEndpointContainer#3-0-C-1] org.apache.kafka.clients.NetworkClient   : [Consumer clientId=consumer-order-service-2, groupId=order-service] Connection to node -1 (localhost/127.0.0.1:9092) could not be established. Broker may not be available.
2026-01-09T20:07:08.754+03:00  WARN 4604 --- [order-service] [org.springframework.kafka.KafkaListenerEndpointContainer#3-0-C-1] org.apache.kafka.clients.NetworkClient   : [Consumer clientId=consumer-order-service-2, groupId=order-service] Bootstrap broker localhost:9092 (id: -1 rack: null) disconnected
2026-01-09T20:07:09.141+03:00  INFO 4604 --- [order-service] [org.springframework.kafka.KafkaListenerEndpointContainer#2-0-C-1] org.apache.kafka.clients.NetworkClient   : [Consumer clientId=consumer-order-service-1, groupId=order-service] Node -1 disconnected.
2026-01-09T20:07:09.141+03:00  WARN 4604 --- [order-service] [org.springframework.kafka.KafkaListenerEndpointContainer#2-0-C-1] org.apache.kafka.clients.NetworkClient   : [Consumer clientId=consumer-order-service-1, groupId=order-service] Connection to node -1 (localhost/127.0.0.1:9092) could not be established. Broker may not be available.
2026-01-09T20:07:09.141+03:00  WARN 4604 --- [order-service] [org.springframework.kafka.KafkaListenerEndpointContainer#2-0-C-1] org.apache.kafka.clients.NetworkClient   : [Consumer clientId=consumer-order-service-1, groupId=order-service] Bootstrap broker localhost:9092 (id: -1 rack: null) disconnected
2026-01-09T20:07:09.388+03:00  INFO 4604 --- [order-service] [org.springframework.kafka.KafkaListenerEndpointContainer#0-0-C-1] org.apache.kafka.clients.NetworkClient   : [Consumer clientId=consumer-order-service-3, groupId=order-service] Node -1 disconnected.
2026-01-09T20:07:09.388+03:00  WARN 4604 --- [order-service] [org.springframework.kafka.KafkaListenerEndpointContainer#0-0-C-1] org.apache.kafka.clients.NetworkClient   : [Consumer clientId=consumer-order-service-3, groupId=order-service] Connection to node -1 (localhost/127.0.0.1:9092) could not be established. Broker may not be available.
2026-01-09T20:07:09.388+03:00  WARN 4604 --- [order-service] [org.springframework.kafka.KafkaListenerEndpointContainer#0-0-C-1] org.apache.kafka.clients.NetworkClient   : [Consumer clientId=consumer-order-service-3, groupId=order-service] Bootstrap broker localhost:9092 (id: -1 rack: null) disconnected
2026-01-09T20:07:09.607+03:00  INFO 4604 --- [order-service] [org.springframework.kafka.KafkaListenerEndpointContainer#3-0-C-1] org.apache.kafka.clients.NetworkClient   : [Consumer clientId=consumer-order-service-2, groupId=order-service] Node -1 disconnected.
2026-01-09T20:07:09.607+03:00  WARN 4604 --- [order-service] [org.springframework.kafka.KafkaListenerEndpointContainer#3-0-C-1] org.apache.kafka.clients.NetworkClient   : [Consumer clientId=consumer-order-service-2, groupId=order-service] Connection to node -1 (localhost/127.0.0.1:9092) could not be established. Broker may not be available.
2026-01-09T20:07:09.607+03:00  WARN 4604 --- [order-service] [org.springframework.kafka.KafkaListenerEndpointContainer#3-0-C-1] org.apache.kafka.clients.NetworkClient   : [Consumer clientId=consumer-order-service-2, groupId=order-service] Bootstrap broker localhost:9092 (id: -1 rack: null) disconnected
2026-01-09T20:07:09.684+03:00  INFO 4604 --- [order-service] [org.springframework.kafka.KafkaListenerEndpointContainer#1-0-C-1] org.apache.kafka.clients.NetworkClient   : [Consumer clientId=consumer-order-service-4, groupId=order-service] Node -1 disconnected.
2026-01-09T20:07:09.684+03:00  WARN 4604 --- [order-service] [org.springframework.kafka.KafkaListenerEndpointContainer#1-0-C-1] org.apache.kafka.clients.NetworkClient   : [Consumer clientId=consumer-order-service-4, groupId=order-service] Connection to node -1 (localhost/127.0.0.1:9092) could not be established. Broker may not be available.
2026-01-09T20:07:09.684+03:00  WARN 4604 --- [order-service] [org.springframework.kafka.KafkaListenerEndpointContainer#1-0-C-1] org.apache.kafka.clients.NetworkClient   : [Consumer clientId=consumer-order-service-4, groupId=order-service] Bootstrap broker localhost:9092 (id: -1 rack: null) disconnected
2026-01-09T20:07:10.120+03:00  INFO 4604 --- [order-service] [org.springframework.kafka.KafkaListenerEndpointContainer#2-0-C-1] org.apache.kafka.clients.NetworkClient   : [Consumer clientId=consumer-order-service-1, groupId=order-service] Node -1 disconnected.
2026-01-09T20:07:10.120+03:00  WARN 4604 --- [order-service] [org.springframework.kafka.KafkaListenerEndpointContainer#2-0-C-1] org.apache.kafka.clients.NetworkClient   : [Consumer clientId=consumer-order-service-1, groupId=order-service] Connection to node -1 (localhost/127.0.0.1:9092) could not be established. Broker may not be available.
2026-01-09T20:07:10.120+03:00  WARN 4604 --- [order-service] [org.springframework.kafka.KafkaListenerEndpointContainer#2-0-C-1] org.apache.kafka.clients.NetworkClient   : [Consumer clientId=consumer-order-service-1, groupId=order-service] Bootstrap broker localhost:9092 (id: -1 rack: null) disconnected
2026-01-09T20:07:10.574+03:00  INFO 4604 --- [order-service] [org.springframework.kafka.KafkaListenerEndpointContainer#0-0-C-1] org.apache.kafka.clients.NetworkClient   : [Consumer clientId=consumer-order-service-3, groupId=order-service] Node -1 disconnected.
2026-01-09T20:07:10.574+03:00  WARN 4604 --- [order-service] [org.springframework.kafka.KafkaListenerEndpointContainer#0-0-C-1] org.apache.kafka.clients.NetworkClient   : [Consumer clientId=consumer-order-service-3, groupId=order-service] Connection to node -1 (localhost/127.0.0.1:9092) could not be established. Broker may not be available.
2026-01-09T20:07:10.574+03:00  WARN 4604 --- [order-service] [org.springframework.kafka.KafkaListenerEndpointContainer#0-0-C-1] org.apache.kafka.clients.NetworkClient   : [Consumer clientId=consumer-order-service-3, groupId=order-service] Bootstrap broker localhost:9092 (id: -1 rack: null) disconnected
2026-01-09T20:07:10.762+03:00  INFO 4604 --- [order-service] [org.springframework.kafka.KafkaListenerEndpointContainer#3-0-C-1] org.apache.kafka.clients.NetworkClient   : [Consumer clientId=consumer-order-service-2, groupId=order-service] Node -1 disconnected.
2026-01-09T20:07:10.762+03:00  WARN 4604 --- [order-service] [org.springframework.kafka.KafkaListenerEndpointContainer#3-0-C-1] org.apache.kafka.clients.NetworkClient   : [Consumer clientId=consumer-order-service-2, groupId=order-service] Connection to node -1 (localhost/127.0.0.1:9092) could not be established. Broker may not be available.
2026-01-09T20:07:10.762+03:00  WARN 4604 --- [order-service] [org.springframework.kafka.KafkaListenerEndpointContainer#3-0-C-1] org.apache.kafka.clients.NetworkClient   : [Consumer clientId=consumer-order-service-2, groupId=order-service] Bootstrap broker localhost:9092 (id: -1 rack: null) disconnected
2026-01-09T20:07:10.887+03:00  INFO 4604 --- [order-service] [org.springframework.kafka.KafkaListenerEndpointContainer#1-0-C-1] org.apache.kafka.clients.NetworkClient   : [Consumer clientId=consumer-order-service-4, groupId=order-service] Node -1 disconnected.
2026-01-09T20:07:10.887+03:00  WARN 4604 --- [order-service] [org.springframework.kafka.KafkaListenerEndpointContainer#1-0-C-1] org.apache.kafka.clients.NetworkClient   : [Consumer clientId=consumer-order-service-4, groupId=order-service] Connection to node -1 (localhost/127.0.0.1:9092) could not be established. Broker may not be available.
2026-01-09T20:07:10.887+03:00  WARN 4604 --- [order-service] [org.springframework.kafka.KafkaListenerEndpointContainer#1-0-C-1] org.apache.kafka.clients.NetworkClient   : [Consumer clientId=consumer-order-service-4, groupId=order-service] Bootstrap broker localhost:9092 (id: -1 rack: null) disconnected
2026-01-09T20:07:11.260+03:00  INFO 4604 --- [order-service] [org.springframework.kafka.KafkaListenerEndpointContainer#2-0-C-1] org.apache.kafka.clients.NetworkClient   : [Consumer clientId=consumer-order-service-1, groupId=order-service] Node -1 disconnected.
2026-01-09T20:07:11.261+03:00  WARN 4604 --- [order-service] [org.springframework.kafka.KafkaListenerEndpointContainer#2-0-C-1] org.apache.kafka.clients.NetworkClient   : [Consumer clientId=consumer-order-service-1, groupId=order-service] Connection to node -1 (localhost/127.0.0.1:9092) could not be established. Broker may not be available.
2026-01-09T20:07:11.261+03:00  WARN 4604 --- [order-service] [org.springframework.kafka.KafkaListenerEndpointContainer#2-0-C-1] org.apache.kafka.clients.NetworkClient   : [Consumer clientId=consumer-order-service-1, groupId=order-service] Bootstrap broker localhost:9092 (id: -1 rack: null) disconnected
2026-01-09T20:07:11.554+03:00  INFO 4604 --- [order-service] [org.springframework.kafka.KafkaListenerEndpointContainer#0-0-C-1] org.apache.kafka.clients.NetworkClient   : [Consumer clientId=consumer-order-service-3, groupId=order-service] Node -1 disconnected.
2026-01-09T20:07:11.554+03:00  WARN 4604 --- [order-service] [org.springframework.kafka.KafkaListenerEndpointContainer#0-0-C-1] org.apache.kafka.clients.NetworkClient   : [Consumer clientId=consumer-order-service-3, groupId=order-service] Connection to node -1 (localhost/127.0.0.1:9092) could not be established. Broker may not be available.
2026-01-09T20:07:11.554+03:00  WARN 4604 --- [order-service] [org.springframework.kafka.KafkaListenerEndpointContainer#0-0-C-1] org.apache.kafka.clients.NetworkClient   : [Consumer clientId=consumer-order-service-3, groupId=order-service] Bootstrap broker localhost:9092 (id: -1 rack: null) disconnected
2026-01-09T20:07:11.928+03:00  INFO 4604 --- [order-service] [org.springframework.kafka.KafkaListenerEndpointContainer#3-0-C-1] org.apache.kafka.clients.NetworkClient   : [Consumer clientId=consumer-order-service-2, groupId=order-service] Node -1 disconnected.
2026-01-09T20:07:11.928+03:00  WARN 4604 --- [order-service] [org.springframework.kafka.KafkaListenerEndpointContainer#3-0-C-1] org.apache.kafka.clients.NetworkClient   : [Consumer clientId=consumer-order-service-2, groupId=order-service] Connection to node -1 (localhost/127.0.0.1:9092) could not be established. Broker may not be available.
2026-01-09T20:07:11.928+03:00  WARN 4604 --- [order-service] [org.springframework.kafka.KafkaListenerEndpointContainer#3-0-C-1] org.apache.kafka.clients.NetworkClient   : [Consumer clientId=consumer-order-service-2, groupId=order-service] Bootstrap broker localhost:9092 (id: -1 rack: null) disconnected
2026-01-09T20:07:11.989+03:00  INFO 4604 --- [order-service] [org.springframework.kafka.KafkaListenerEndpointContainer#1-0-C-1] org.apache.kafka.clients.NetworkClient   : [Consumer clientId=consumer-order-service-4, groupId=order-service] Node -1 disconnected.
2026-01-09T20:07:11.989+03:00  WARN 4604 --- [order-service] [org.springframework.kafka.KafkaListenerEndpointContainer#1-0-C-1] org.apache.kafka.clients.NetworkClient   : [Consumer clientId=consumer-order-service-4, groupId=order-service] Connection to node -1 (localhost/127.0.0.1:9092) could not be established. Broker may not be available.
2026-01-09T20:07:11.989+03:00  WARN 4604 --- [order-service] [org.springframework.kafka.KafkaListenerEndpointContainer#1-0-C-1] org.apache.kafka.clients.NetworkClient   : [Consumer clientId=consumer-order-service-4, groupId=order-service] Bootstrap broker localhost:9092 (id: -1 rack: null) disconnected
2026-01-09T20:07:12.413+03:00  INFO 4604 --- [order-service] [org.springframework.kafka.KafkaListenerEndpointContainer#0-0-C-1] org.apache.kafka.clients.NetworkClient   : [Consumer clientId=consumer-order-service-3, groupId=order-service] Node -1 disconnected.
2026-01-09T20:07:12.413+03:00  WARN 4604 --- [order-service] [org.springframework.kafka.KafkaListenerEndpointContainer#0-0-C-1] org.apache.kafka.clients.NetworkClient   : [Consumer clientId=consumer-order-service-3, groupId=order-service] Connection to node -1 (localhost/127.0.0.1:9092) could not be established. Broker may not be available.
2026-01-09T20:07:12.413+03:00  WARN 4604 --- [order-service] [org.springframework.kafka.KafkaListenerEndpointContainer#0-0-C-1] org.apache.kafka.clients.NetworkClient   : [Consumer clientId=consumer-order-service-3, groupId=order-service] Bootstrap broker localhost:9092 (id: -1 rack: null) disconnected
2026-01-09T20:07:12.429+03:00  INFO 4604 --- [order-service] [org.springframework.kafka.KafkaListenerEndpointContainer#2-0-C-1] org.apache.kafka.clients.NetworkClient   : [Consumer clientId=consumer-order-service-1, groupId=order-service] Node -1 disconnected.
2026-01-09T20:07:12.429+03:00  WARN 4604 --- [order-service] [org.springframework.kafka.KafkaListenerEndpointContainer#2-0-C-1] org.apache.kafka.clients.NetworkClient   : [Consumer clientId=consumer-order-service-1, groupId=order-service] Connection to node -1 (localhost/127.0.0.1:9092) could not be established. Broker may not be available.
2026-01-09T20:07:12.429+03:00  WARN 4604 --- [order-service] [org.springframework.kafka.KafkaListenerEndpointContainer#2-0-C-1] org.apache.kafka.clients.NetworkClient   : [Consumer clientId=consumer-order-service-1, groupId=order-service] Bootstrap broker localhost:9092 (id: -1 rack: null) disconnected
2026-01-09T20:07:12.973+03:00  INFO 4604 --- [order-service] [org.springframework.kafka.KafkaListenerEndpointContainer#1-0-C-1] org.apache.kafka.clients.NetworkClient   : [Consumer clientId=consumer-order-service-4, groupId=order-service] Node -1 disconnected.
2026-01-09T20:07:12.974+03:00  WARN 4604 --- [order-service] [org.springframework.kafka.KafkaListenerEndpointContainer#1-0-C-1] org.apache.kafka.clients.NetworkClient   : [Consumer clientId=consumer-order-service-4, groupId=order-service] Connection to node -1 (localhost/127.0.0.1:9092) could not be established. Broker may not be available.
2026-01-09T20:07:12.974+03:00  WARN 4604 --- [order-service] [org.springframework.kafka.KafkaListenerEndpointContainer#1-0-C-1] org.apache.kafka.clients.NetworkClient   : [Consumer clientId=consumer-order-service-4, groupId=order-service] Bootstrap broker localhost:9092 (id: -1 rack: null) disconnected
2026-01-09T20:07:13.036+03:00  INFO 4604 --- [order-service] [org.springframework.kafka.KafkaListenerEndpointContainer#3-0-C-1] org.apache.kafka.clients.NetworkClient   : [Consumer clientId=consumer-order-service-2, groupId=order-service] Node -1 disconnected.
2026-01-09T20:07:13.036+03:00  WARN 4604 --- [order-service] [org.springframework.kafka.KafkaListenerEndpointContainer#3-0-C-1] org.apache.kafka.clients.NetworkClient   : [Consumer clientId=consumer-order-service-2, groupId=order-service] Connection to node -1 (localhost/127.0.0.1:9092) could not be established. Broker may not be available.
2026-01-09T20:07:13.036+03:00  WARN 4604 --- [order-service] [org.springframework.kafka.KafkaListenerEndpointContainer#3-0-C-1] org.apache.kafka.clients.NetworkClient   : [Consumer clientId=consumer-order-service-2, groupId=order-service] Bootstrap broker localhost:9092 (id: -1 rack: null) disconnected
2026-01-09T20:07:13.392+03:00  INFO 4604 --- [order-service] [org.springframework.kafka.KafkaListenerEndpointContainer#0-0-C-1] org.apache.kafka.clients.NetworkClient   : [Consumer clientId=consumer-order-service-3, groupId=order-service] Node -1 disconnected.
2026-01-09T20:07:13.392+03:00  WARN 4604 --- [order-service] [org.springframework.kafka.KafkaListenerEndpointContainer#0-0-C-1] org.apache.kafka.clients.NetworkClient   : [Consumer clientId=consumer-order-service-3, groupId=order-service] Connection to node -1 (localhost/127.0.0.1:9092) could not be established. Broker may not be available.
2026-01-09T20:07:13.392+03:00  WARN 4604 --- [order-service] [org.springframework.kafka.KafkaListenerEndpointContainer#0-0-C-1] org.apache.kafka.clients.NetworkClient   : [Consumer clientId=consumer-order-service-3, groupId=order-service] Bootstrap broker localhost:9092 (id: -1 rack: null) disconnected
2026-01-09T20:07:13.471+03:00  INFO 4604 --- [order-service] [org.springframework.kafka.KafkaListenerEndpointContainer#2-0-C-1] org.apache.kafka.clients.NetworkClient   : [Consumer clientId=consumer-order-service-1, groupId=order-service] Node -1 disconnected.
2026-01-09T20:07:13.471+03:00  WARN 4604 --- [order-service] [org.springframework.kafka.KafkaListenerEndpointContainer#2-0-C-1] org.apache.kafka.clients.NetworkClient   : [Consumer clientId=consumer-order-service-1, groupId=order-service] Connection to node -1 (localhost/127.0.0.1:9092) could not be established. Broker may not be available.
2026-01-09T20:07:13.471+03:00  WARN 4604 --- [order-service] [org.springframework.kafka.KafkaListenerEndpointContainer#2-0-C-1] org.apache.kafka.clients.NetworkClient   : [Consumer clientId=consumer-order-service-1, groupId=order-service] Bootstrap broker localhost:9092 (id: -1 rack: null) disconnected
2026-01-09T20:07:14.139+03:00  INFO 4604 --- [order-service] [org.springframework.kafka.KafkaListenerEndpointContainer#3-0-C-1] org.apache.kafka.clients.NetworkClient   : [Consumer clientId=consumer-order-service-2, groupId=order-service] Node -1 disconnected.
2026-01-09T20:07:14.139+03:00  INFO 4604 --- [order-service] [org.springframework.kafka.KafkaListenerEndpointContainer#1-0-C-1] org.apache.kafka.clients.NetworkClient   : [Consumer clientId=consumer-order-service-4, groupId=order-service] Node -1 disconnected.
2026-01-09T20:07:14.139+03:00  WARN 4604 --- [order-service] [org.springframework.kafka.KafkaListenerEndpointContainer#3-0-C-1] org.apache.kafka.clients.NetworkClient   : [Consumer clientId=consumer-order-service-2, groupId=order-service] Connection to node -1 (localhost/127.0.0.1:9092) could not be established. Broker may not be available.
2026-01-09T20:07:14.139+03:00  WARN 4604 --- [order-service] [org.springframework.kafka.KafkaListenerEndpointContainer#3-0-C-1] org.apache.kafka.clients.NetworkClient   : [Consumer clientId=consumer-order-service-2, groupId=order-service] Bootstrap broker localhost:9092 (id: -1 rack: null) disconnected
2026-01-09T20:07:14.139+03:00  WARN 4604 --- [order-service] [org.springframework.kafka.KafkaListenerEndpointContainer#1-0-C-1] org.apache.kafka.clients.NetworkClient   : [Consumer clientId=consumer-order-service-4, groupId=order-service] Connection to node -1 (localhost/127.0.0.1:9092) could not be established. Broker may not be available.
2026-01-09T20:07:14.139+03:00  WARN 4604 --- [order-service] [org.springframework.kafka.KafkaListenerEndpointContainer#1-0-C-1] org.apache.kafka.clients.NetworkClient   : [Consumer clientId=consumer-order-service-4, groupId=order-service] Bootstrap broker localhost:9092 (id: -1 rack: null) disconnected
2026-01-09T20:07:14.326+03:00  INFO 4604 --- [order-service] [org.springframework.kafka.KafkaListenerEndpointContainer#2-0-C-1] org.apache.kafka.clients.NetworkClient   : [Consumer clientId=consumer-order-service-1, groupId=order-service] Node -1 disconnected.
2026-01-09T20:07:14.326+03:00  WARN 4604 --- [order-service] [org.springframework.kafka.KafkaListenerEndpointContainer#2-0-C-1] org.apache.kafka.clients.NetworkClient   : [Consumer clientId=consumer-order-service-1, groupId=order-service] Connection to node -1 (localhost/127.0.0.1:9092) could not be established. Broker may not be available.
2026-01-09T20:07:14.326+03:00  WARN 4604 --- [order-service] [org.springframework.kafka.KafkaListenerEndpointContainer#2-0-C-1] org.apache.kafka.clients.NetworkClient   : [Consumer clientId=consumer-order-service-1, groupId=order-service] Bootstrap broker localhost:9092 (id: -1 rack: null) disconnected
2026-01-09T20:07:14.495+03:00  INFO 4604 --- [order-service] [org.springframework.kafka.KafkaListenerEndpointContainer#0-0-C-1] org.apache.kafka.clients.NetworkClient   : [Consumer clientId=consumer-order-service-3, groupId=order-service] Node -1 disconnected.
2026-01-09T20:07:14.495+03:00  WARN 4604 --- [order-service] [org.springframework.kafka.KafkaListenerEndpointContainer#0-0-C-1] org.apache.kafka.clients.NetworkClient   : [Consumer clientId=consumer-order-service-3, groupId=order-service] Connection to node -1 (localhost/127.0.0.1:9092) could not be established. Broker may not be available.
2026-01-09T20:07:14.495+03:00  WARN 4604 --- [order-service] [org.springframework.kafka.KafkaListenerEndpointContainer#0-0-C-1] org.apache.kafka.clients.NetworkClient   : [Consumer clientId=consumer-order-service-3, groupId=order-service] Bootstrap broker localhost:9092 (id: -1 rack: null) disconnected
2026-01-09T20:07:14.993+03:00  INFO 4604 --- [order-service] [org.springframework.kafka.KafkaListenerEndpointContainer#3-0-C-1] org.apache.kafka.clients.NetworkClient   : [Consumer clientId=consumer-order-service-2, groupId=order-service] Node -1 disconnected.
2026-01-09T20:07:14.993+03:00  WARN 4604 --- [order-service] [org.springframework.kafka.KafkaListenerEndpointContainer#3-0-C-1] org.apache.kafka.clients.NetworkClient   : [Consumer clientId=consumer-order-service-2, groupId=order-service] Connection to node -1 (localhost/127.0.0.1:9092) could not be established. Broker may not be available.
2026-01-09T20:07:14.993+03:00  WARN 4604 --- [order-service] [org.springframework.kafka.KafkaListenerEndpointContainer#3-0-C-1] org.apache.kafka.clients.NetworkClient   : [Consumer clientId=consumer-order-service-2, groupId=order-service] Bootstrap broker localhost:9092 (id: -1 rack: null) disconnected
2026-01-09T20:07:15.055+03:00  INFO 4604 --- [order-service] [org.springframework.kafka.KafkaListenerEndpointContainer#1-0-C-1] org.apache.kafka.clients.NetworkClient   : [Consumer clientId=consumer-order-service-4, groupId=order-service] Node -1 disconnected.
2026-01-09T20:07:15.056+03:00  WARN 4604 --- [order-service] [org.springframework.kafka.KafkaListenerEndpointContainer#1-0-C-1] org.apache.kafka.clients.NetworkClient   : [Consumer clientId=consumer-order-service-4, groupId=order-service] Connection to node -1 (localhost/127.0.0.1:9092) could not be established. Broker may not be available.
2026-01-09T20:07:15.056+03:00  WARN 4604 --- [order-service] [org.springframework.kafka.KafkaListenerEndpointContainer#1-0-C-1] org.apache.kafka.clients.NetworkClient   : [Consumer clientId=consumer-order-service-4, groupId=order-service] Bootstrap broker localhost:9092 (id: -1 rack: null) disconnected
2026-01-09T20:07:15.242+03:00  INFO 4604 --- [order-service] [org.springframework.kafka.KafkaListenerEndpointContainer#2-0-C-1] org.apache.kafka.clients.NetworkClient   : [Consumer clientId=consumer-order-service-1, groupId=order-service] Node -1 disconnected.
2026-01-09T20:07:15.242+03:00  WARN 4604 --- [order-service] [org.springframework.kafka.KafkaListenerEndpointContainer#2-0-C-1] org.apache.kafka.clients.NetworkClient   : [Consumer clientId=consumer-order-service-1, groupId=order-service] Connection to node -1 (localhost/127.0.0.1:9092) could not be established. Broker may not be available.
2026-01-09T20:07:15.242+03:00  WARN 4604 --- [order-service] [org.springframework.kafka.KafkaListenerEndpointContainer#2-0-C-1] org.apache.kafka.clients.NetworkClient   : [Consumer clientId=consumer-order-service-1, groupId=order-service] Bootstrap broker localhost:9092 (id: -1 rack: null) disconnected
2026-01-09T20:07:15.414+03:00  INFO 4604 --- [order-service] [org.springframework.kafka.KafkaListenerEndpointContainer#0-0-C-1] org.apache.kafka.clients.NetworkClient   : [Consumer clientId=consumer-order-service-3, groupId=order-service] Node -1 disconnected.
2026-01-09T20:07:15.414+03:00  WARN 4604 --- [order-service] [org.springframework.kafka.KafkaListenerEndpointContainer#0-0-C-1] org.apache.kafka.clients.NetworkClient   : [Consumer clientId=consumer-order-service-3, groupId=order-service] Connection to node -1 (localhost/127.0.0.1:9092) could not be established. Broker may not be available.
2026-01-09T20:07:15.414+03:00  WARN 4604 --- [order-service] [org.springframework.kafka.KafkaListenerEndpointContainer#0-0-C-1] org.apache.kafka.clients.NetworkClient   : [Consumer clientId=consumer-order-service-3, groupId=order-service] Bootstrap broker localhost:9092 (id: -1 rack: null) disconnected
2026-01-09T20:07:15.956+03:00  INFO 4604 --- [order-service] [org.springframework.kafka.KafkaListenerEndpointContainer#1-0-C-1] org.apache.kafka.clients.NetworkClient   : [Consumer clientId=consumer-order-service-4, groupId=order-service] Node -1 disconnected.
2026-01-09T20:07:15.956+03:00  WARN 4604 --- [order-service] [org.springframework.kafka.KafkaListenerEndpointContainer#1-0-C-1] org.apache.kafka.clients.NetworkClient   : [Consumer clientId=consumer-order-service-4, groupId=order-service] Connection to node -1 (localhost/127.0.0.1:9092) could not be established. Broker may not be available.
2026-01-09T20:07:15.956+03:00  WARN 4604 --- [order-service] [org.springframework.kafka.KafkaListenerEndpointContainer#1-0-C-1] org.apache.kafka.clients.NetworkClient   : [Consumer clientId=consumer-order-service-4, groupId=order-service] Bootstrap broker localhost:9092 (id: -1 rack: null) disconnected
2026-01-09T20:07:15.956+03:00  INFO 4604 --- [order-service] [org.springframework.kafka.KafkaListenerEndpointContainer#3-0-C-1] org.apache.kafka.clients.NetworkClient   : [Consumer clientId=consumer-order-service-2, groupId=order-service] Node -1 disconnected.
2026-01-09T20:07:15.956+03:00  WARN 4604 --- [order-service] [org.springframework.kafka.KafkaListenerEndpointContainer#3-0-C-1] org.apache.kafka.clients.NetworkClient   : [Consumer clientId=consumer-order-service-2, groupId=order-service] Connection to node -1 (localhost/127.0.0.1:9092) could not be established. Broker may not be available.
2026-01-09T20:07:15.956+03:00  WARN 4604 --- [order-service] [org.springframework.kafka.KafkaListenerEndpointContainer#3-0-C-1] org.apache.kafka.clients.NetworkClient   : [Consumer clientId=consumer-order-service-2, groupId=order-service] Bootstrap broker localhost:9092 (id: -1 rack: null) disconnected
2026-01-09T20:07:16.394+03:00  INFO 4604 --- [order-service] [org.springframework.kafka.KafkaListenerEndpointContainer#0-0-C-1] org.apache.kafka.clients.NetworkClient   : [Consumer clientId=consumer-order-service-3, groupId=order-service] Node -1 disconnected.
2026-01-09T20:07:16.394+03:00  WARN 4604 --- [order-service] [org.springframework.kafka.KafkaListenerEndpointContainer#0-0-C-1] org.apache.kafka.clients.NetworkClient   : [Consumer clientId=consumer-order-service-3, groupId=order-service] Connection to node -1 (localhost/127.0.0.1:9092) could not be established. Broker may not be available.
2026-01-09T20:07:16.394+03:00  WARN 4604 --- [order-service] [org.springframework.kafka.KafkaListenerEndpointContainer#0-0-C-1] org.apache.kafka.clients.NetworkClient   : [Consumer clientId=consumer-order-service-3, groupId=order-service] Bootstrap broker localhost:9092 (id: -1 rack: null) disconnected
2026-01-09T20:07:16.457+03:00  INFO 4604 --- [order-service] [org.springframework.kafka.KafkaListenerEndpointContainer#2-0-C-1] org.apache.kafka.clients.NetworkClient   : [Consumer clientId=consumer-order-service-1, groupId=order-service] Node -1 disconnected.
2026-01-09T20:07:16.458+03:00  WARN 4604 --- [order-service] [org.springframework.kafka.KafkaListenerEndpointContainer#2-0-C-1] org.apache.kafka.clients.NetworkClient   : [Consumer clientId=consumer-order-service-1, groupId=order-service] Connection to node -1 (localhost/127.0.0.1:9092) could not be established. Broker may not be available.
2026-01-09T20:07:16.458+03:00  WARN 4604 --- [order-service] [org.springframework.kafka.KafkaListenerEndpointContainer#2-0-C-1] org.apache.kafka.clients.NetworkClient   : [Consumer clientId=consumer-order-service-1, groupId=order-service] Bootstrap broker localhost:9092 (id: -1 rack: null) disconnected
2026-01-09T20:07:16.814+03:00  INFO 4604 --- [order-service] [org.springframework.kafka.KafkaListenerEndpointContainer#3-0-C-1] org.apache.kafka.clients.NetworkClient   : [Consumer clientId=consumer-order-service-2, groupId=order-service] Node -1 disconnected.
2026-01-09T20:07:16.814+03:00  WARN 4604 --- [order-service] [org.springframework.kafka.KafkaListenerEndpointContainer#3-0-C-1] org.apache.kafka.clients.NetworkClient   : [Consumer clientId=consumer-order-service-2, groupId=order-service] Connection to node -1 (localhost/127.0.0.1:9092) could not be established. Broker may not be available.
2026-01-09T20:07:16.814+03:00  WARN 4604 --- [order-service] [org.springframework.kafka.KafkaListenerEndpointContainer#3-0-C-1] org.apache.kafka.clients.NetworkClient   : [Consumer clientId=consumer-order-service-2, groupId=order-service] Bootstrap broker localhost:9092 (id: -1 rack: null) disconnected
2026-01-09T20:07:17.060+03:00  INFO 4604 --- [order-service] [org.springframework.kafka.KafkaListenerEndpointContainer#1-0-C-1] org.apache.kafka.clients.NetworkClient   : [Consumer clientId=consumer-order-service-4, groupId=order-service] Node -1 disconnected.
2026-01-09T20:07:17.060+03:00  WARN 4604 --- [order-service] [org.springframework.kafka.KafkaListenerEndpointContainer#1-0-C-1] org.apache.kafka.clients.NetworkClient   : [Consumer clientId=consumer-order-service-4, groupId=order-service] Connection to node -1 (localhost/127.0.0.1:9092) could not be established. Broker may not be available.
2026-01-09T20:07:17.060+03:00  WARN 4604 --- [order-service] [org.springframework.kafka.KafkaListenerEndpointContainer#1-0-C-1] org.apache.kafka.clients.NetworkClient   : [Consumer clientId=consumer-order-service-4, groupId=order-service] Bootstrap broker localhost:9092 (id: -1 rack: null) disconnected
2026-01-09T20:07:17.555+03:00  INFO 4604 --- [order-service] [org.springframework.kafka.KafkaListenerEndpointContainer#2-0-C-1] org.apache.kafka.clients.NetworkClient   : [Consumer clientId=consumer-order-service-1, groupId=order-service] Node -1 disconnected.
2026-01-09T20:07:17.555+03:00  INFO 4604 --- [order-service] [org.springframework.kafka.KafkaListenerEndpointContainer#0-0-C-1] org.apache.kafka.clients.NetworkClient   : [Consumer clientId=consumer-order-service-3, groupId=order-service] Node -1 disconnected.
2026-01-09T20:07:17.555+03:00  WARN 4604 --- [order-service] [org.springframework.kafka.KafkaListenerEndpointContainer#2-0-C-1] org.apache.kafka.clients.NetworkClient   : [Consumer clientId=consumer-order-service-1, groupId=order-service] Connection to node -1 (localhost/127.0.0.1:9092) could not be established. Broker may not be available.
2026-01-09T20:07:17.555+03:00  WARN 4604 --- [order-service] [org.springframework.kafka.KafkaListenerEndpointContainer#2-0-C-1] org.apache.kafka.clients.NetworkClient   : [Consumer clientId=consumer-order-service-1, groupId=order-service] Bootstrap broker localhost:9092 (id: -1 rack: null) disconnected
2026-01-09T20:07:17.555+03:00  WARN 4604 --- [order-service] [org.springframework.kafka.KafkaListenerEndpointContainer#0-0-C-1] org.apache.kafka.clients.NetworkClient   : [Consumer clientId=consumer-order-service-3, groupId=order-service] Connection to node -1 (localhost/127.0.0.1:9092) could not be established. Broker may not be available.
2026-01-09T20:07:17.556+03:00  WARN 4604 --- [order-service] [org.springframework.kafka.KafkaListenerEndpointContainer#0-0-C-1] org.apache.kafka.clients.NetworkClient   : [Consumer clientId=consumer-order-service-3, groupId=order-service] Bootstrap broker localhost:9092 (id: -1 rack: null) disconnected
2026-01-09T20:07:17.850+03:00  INFO 4604 --- [order-service] [org.springframework.kafka.KafkaListenerEndpointContainer#3-0-C-1] org.apache.kafka.clients.NetworkClient   : [Consumer clientId=consumer-order-service-2, groupId=order-service] Node -1 disconnected.
2026-01-09T20:07:17.850+03:00  WARN 4604 --- [order-service] [org.springframework.kafka.KafkaListenerEndpointContainer#3-0-C-1] org.apache.kafka.clients.NetworkClient   : [Consumer clientId=consumer-order-service-2, groupId=order-service] Connection to node -1 (localhost/127.0.0.1:9092) could not be established. Broker may not be available.
2026-01-09T20:07:17.850+03:00  WARN 4604 --- [order-service] [org.springframework.kafka.KafkaListenerEndpointContainer#3-0-C-1] org.apache.kafka.clients.NetworkClient   : [Consumer clientId=consumer-order-service-2, groupId=order-service] Bootstrap broker localhost:9092 (id: -1 rack: null) disconnected
2026-01-09T20:07:18.161+03:00  INFO 4604 --- [order-service] [org.springframework.kafka.KafkaListenerEndpointContainer#1-0-C-1] org.apache.kafka.clients.NetworkClient   : [Consumer clientId=consumer-order-service-4, groupId=order-service] Node -1 disconnected.
2026-01-09T20:07:18.161+03:00  WARN 4604 --- [order-service] [org.springframework.kafka.KafkaListenerEndpointContainer#1-0-C-1] org.apache.kafka.clients.NetworkClient   : [Consumer clientId=consumer-order-service-4, groupId=order-service] Connection to node -1 (localhost/127.0.0.1:9092) could not be established. Broker may not be available.
2026-01-09T20:07:18.161+03:00  WARN 4604 --- [order-service] [org.springframework.kafka.KafkaListenerEndpointContainer#1-0-C-1] org.apache.kafka.clients.NetworkClient   : [Consumer clientId=consumer-order-service-4, groupId=order-service] Bootstrap broker localhost:9092 (id: -1 rack: null) disconnected
2026-01-09T20:07:18.410+03:00  INFO 4604 --- [order-service] [org.springframework.kafka.KafkaListenerEndpointContainer#0-0-C-1] org.apache.kafka.clients.NetworkClient   : [Consumer clientId=consumer-order-service-3, groupId=order-service] Node -1 disconnected.
2026-01-09T20:07:18.410+03:00  WARN 4604 --- [order-service] [org.springframework.kafka.KafkaListenerEndpointContainer#0-0-C-1] org.apache.kafka.clients.NetworkClient   : [Consumer clientId=consumer-order-service-3, groupId=order-service] Connection to node -1 (localhost/127.0.0.1:9092) could not be established. Broker may not be available.
2026-01-09T20:07:18.410+03:00  WARN 4604 --- [order-service] [org.springframework.kafka.KafkaListenerEndpointContainer#0-0-C-1] org.apache.kafka.clients.NetworkClient   : [Consumer clientId=consumer-order-service-3, groupId=order-service] Bootstrap broker localhost:9092 (id: -1 rack: null) disconnected
2026-01-09T20:07:18.533+03:00  INFO 4604 --- [order-service] [org.springframework.kafka.KafkaListenerEndpointContainer#2-0-C-1] org.apache.kafka.clients.NetworkClient   : [Consumer clientId=consumer-order-service-1, groupId=order-service] Node -1 disconnected.
2026-01-09T20:07:18.533+03:00  WARN 4604 --- [order-service] [org.springframework.kafka.KafkaListenerEndpointContainer#2-0-C-1] org.apache.kafka.clients.NetworkClient   : [Consumer clientId=consumer-order-service-1, groupId=order-service] Connection to node -1 (localhost/127.0.0.1:9092) could not be established. Broker may not be available.
2026-01-09T20:07:18.533+03:00  WARN 4604 --- [order-service] [org.springframework.kafka.KafkaListenerEndpointContainer#2-0-C-1] org.apache.kafka.clients.NetworkClient   : [Consumer clientId=consumer-order-service-1, groupId=order-service] Bootstrap broker localhost:9092 (id: -1 rack: null) disconnected
2026-01-09T20:07:18.832+03:00  INFO 4604 --- [order-service] [org.springframework.kafka.KafkaListenerEndpointContainer#3-0-C-1] org.apache.kafka.clients.NetworkClient   : [Consumer clientId=consumer-order-service-2, groupId=order-service] Node -1 disconnected.
2026-01-09T20:07:18.832+03:00  WARN 4604 --- [order-service] [org.springframework.kafka.KafkaListenerEndpointContainer#3-0-C-1] org.apache.kafka.clients.NetworkClient   : [Consumer clientId=consumer-order-service-2, groupId=order-service] Connection to node -1 (localhost/127.0.0.1:9092) could not be established. Broker may not be available.
2026-01-09T20:07:18.832+03:00  WARN 4604 --- [order-service] [org.springframework.kafka.KafkaListenerEndpointContainer#3-0-C-1] org.apache.kafka.clients.NetworkClient   : [Consumer clientId=consumer-order-service-2, groupId=order-service] Bootstrap broker localhost:9092 (id: -1 rack: null) disconnected
2026-01-09T20:07:19.329+03:00  INFO 4604 --- [order-service] [org.springframework.kafka.KafkaListenerEndpointContainer#1-0-C-1] org.apache.kafka.clients.NetworkClient   : [Consumer clientId=consumer-order-service-4, groupId=order-service] Node -1 disconnected.
2026-01-09T20:07:19.329+03:00  WARN 4604 --- [order-service] [org.springframework.kafka.KafkaListenerEndpointContainer#1-0-C-1] org.apache.kafka.clients.NetworkClient   : [Consumer clientId=consumer-order-service-4, groupId=order-service] Connection to node -1 (localhost/127.0.0.1:9092) could not be established. Broker may not be available.
2026-01-09T20:07:19.329+03:00  WARN 4604 --- [order-service] [org.springframework.kafka.KafkaListenerEndpointContainer#1-0-C-1] org.apache.kafka.clients.NetworkClient   : [Consumer clientId=consumer-order-service-4, groupId=order-service] Bootstrap broker localhost:9092 (id: -1 rack: null) disconnected
2026-01-09T20:07:19.392+03:00  INFO 4604 --- [order-service] [org.springframework.kafka.KafkaListenerEndpointContainer#2-0-C-1] org.apache.kafka.clients.NetworkClient   : [Consumer clientId=consumer-order-service-1, groupId=order-service] Node -1 disconnected.
2026-01-09T20:07:19.392+03:00  INFO 4604 --- [order-service] [org.springframework.kafka.KafkaListenerEndpointContainer#0-0-C-1] org.apache.kafka.clients.NetworkClient   : [Consumer clientId=consumer-order-service-3, groupId=order-service] Node -1 disconnected.
2026-01-09T20:07:19.393+03:00  WARN 4604 --- [order-service] [org.springframework.kafka.KafkaListenerEndpointContainer#0-0-C-1] org.apache.kafka.clients.NetworkClient   : [Consumer clientId=consumer-order-service-3, groupId=order-service] Connection to node -1 (localhost/127.0.0.1:9092) could not be established. Broker may not be available.
2026-01-09T20:07:19.395+03:00  WARN 4604 --- [order-service] [org.springframework.kafka.KafkaListenerEndpointContainer#0-0-C-1] org.apache.kafka.clients.NetworkClient   : [Consumer clientId=consumer-order-service-3, groupId=order-service] Bootstrap broker localhost:9092 (id: -1 rack: null) disconnected
2026-01-09T20:07:19.395+03:00  WARN 4604 --- [order-service] [org.springframework.kafka.KafkaListenerEndpointContainer#2-0-C-1] org.apache.kafka.clients.NetworkClient   : [Consumer clientId=consumer-order-service-1, groupId=order-service] Connection to node -1 (localhost/127.0.0.1:9092) could not be established. Broker may not be available.
2026-01-09T20:07:19.395+03:00  WARN 4604 --- [order-service] [org.springframework.kafka.KafkaListenerEndpointContainer#2-0-C-1] org.apache.kafka.clients.NetworkClient   : [Consumer clientId=consumer-order-service-1, groupId=order-service] Bootstrap broker localhost:9092 (id: -1 rack: null) disconnected
2026-01-09T20:07:19.749+03:00  INFO 4604 --- [order-service] [org.springframework.kafka.KafkaListenerEndpointContainer#3-0-C-1] org.apache.kafka.clients.NetworkClient   : [Consumer clientId=consumer-order-service-2, groupId=order-service] Node -1 disconnected.
2026-01-09T20:07:19.749+03:00  WARN 4604 --- [order-service] [org.springframework.kafka.KafkaListenerEndpointContainer#3-0-C-1] org.apache.kafka.clients.NetworkClient   : [Consumer clientId=consumer-order-service-2, groupId=order-service] Connection to node -1 (localhost/127.0.0.1:9092) could not be established. Broker may not be available.
2026-01-09T20:07:19.749+03:00  WARN 4604 --- [order-service] [org.springframework.kafka.KafkaListenerEndpointContainer#3-0-C-1] org.apache.kafka.clients.NetworkClient   : [Consumer clientId=consumer-order-service-2, groupId=order-service] Bootstrap broker localhost:9092 (id: -1 rack: null) disconnected
2026-01-09T20:07:20.246+03:00  INFO 4604 --- [order-service] [org.springframework.kafka.KafkaListenerEndpointContainer#0-0-C-1] org.apache.kafka.clients.NetworkClient   : [Consumer clientId=consumer-order-service-3, groupId=order-service] Node -1 disconnected.
2026-01-09T20:07:20.247+03:00  WARN 4604 --- [order-service] [org.springframework.kafka.KafkaListenerEndpointContainer#0-0-C-1] org.apache.kafka.clients.NetworkClient   : [Consumer clientId=consumer-order-service-3, groupId=order-service] Connection to node -1 (localhost/127.0.0.1:9092) could not be established. Broker may not be available.
2026-01-09T20:07:20.247+03:00  WARN 4604 --- [order-service] [org.springframework.kafka.KafkaListenerEndpointContainer#0-0-C-1] org.apache.kafka.clients.NetworkClient   : [Consumer clientId=consumer-order-service-3, groupId=order-service] Bootstrap broker localhost:9092 (id: -1 rack: null) disconnected
2026-01-09T20:07:20.368+03:00  INFO 4604 --- [order-service] [org.springframework.kafka.KafkaListenerEndpointContainer#2-0-C-1] org.apache.kafka.clients.NetworkClient   : [Consumer clientId=consumer-order-service-1, groupId=order-service] Node -1 disconnected.
2026-01-09T20:07:20.368+03:00  WARN 4604 --- [order-service] [org.springframework.kafka.KafkaListenerEndpointContainer#2-0-C-1] org.apache.kafka.clients.NetworkClient   : [Consumer clientId=consumer-order-service-1, groupId=order-service] Connection to node -1 (localhost/127.0.0.1:9092) could not be established. Broker may not be available.
2026-01-09T20:07:20.368+03:00  WARN 4604 --- [order-service] [org.springframework.kafka.KafkaListenerEndpointContainer#2-0-C-1] org.apache.kafka.clients.NetworkClient   : [Consumer clientId=consumer-order-service-1, groupId=order-service] Bootstrap broker localhost:9092 (id: -1 rack: null) disconnected
2026-01-09T20:07:20.432+03:00  INFO 4604 --- [order-service] [org.springframework.kafka.KafkaListenerEndpointContainer#1-0-C-1] org.apache.kafka.clients.NetworkClient   : [Consumer clientId=consumer-order-service-4, groupId=order-service] Node -1 disconnected.
2026-01-09T20:07:20.432+03:00  WARN 4604 --- [order-service] [org.springframework.kafka.KafkaListenerEndpointContainer#1-0-C-1] org.apache.kafka.clients.NetworkClient   : [Consumer clientId=consumer-order-service-4, groupId=order-service] Connection to node -1 (localhost/127.0.0.1:9092) could not be established. Broker may not be available.
2026-01-09T20:07:20.432+03:00  WARN 4604 --- [order-service] [org.springframework.kafka.KafkaListenerEndpointContainer#1-0-C-1] org.apache.kafka.clients.NetworkClient   : [Consumer clientId=consumer-order-service-4, groupId=order-service] Bootstrap broker localhost:9092 (id: -1 rack: null) disconnected
2026-01-09T20:07:20.960+03:00  INFO 4604 --- [order-service] [org.springframework.kafka.KafkaListenerEndpointContainer#3-0-C-1] org.apache.kafka.clients.NetworkClient   : [Consumer clientId=consumer-order-service-2, groupId=order-service] Node -1 disconnected.
2026-01-09T20:07:20.960+03:00  WARN 4604 --- [order-service] [org.springframework.kafka.KafkaListenerEndpointContainer#3-0-C-1] org.apache.kafka.clients.NetworkClient   : [Consumer clientId=consumer-order-service-2, groupId=order-service] Connection to node -1 (localhost/127.0.0.1:9092) could not be established. Broker may not be available.
2026-01-09T20:07:20.960+03:00  WARN 4604 --- [order-service] [org.springframework.kafka.KafkaListenerEndpointContainer#3-0-C-1] org.apache.kafka.clients.NetworkClient   : [Consumer clientId=consumer-order-service-2, groupId=order-service] Bootstrap broker localhost:9092 (id: -1 rack: null) disconnected
2026-01-09T20:07:21.086+03:00  INFO 4604 --- [order-service] [org.springframework.kafka.KafkaListenerEndpointContainer#0-0-C-1] org.apache.kafka.clients.NetworkClient   : [Consumer clientId=consumer-order-service-3, groupId=order-service] Node -1 disconnected.
2026-01-09T20:07:21.087+03:00  WARN 4604 --- [order-service] [org.springframework.kafka.KafkaListenerEndpointContainer#0-0-C-1] org.apache.kafka.clients.NetworkClient   : [Consumer clientId=consumer-order-service-3, groupId=order-service] Connection to node -1 (localhost/127.0.0.1:9092) could not be established. Broker may not be available.
2026-01-09T20:07:21.087+03:00  WARN 4604 --- [order-service] [org.springframework.kafka.KafkaListenerEndpointContainer#0-0-C-1] org.apache.kafka.clients.NetworkClient   : [Consumer clientId=consumer-order-service-3, groupId=order-service] Bootstrap broker localhost:9092 (id: -1 rack: null) disconnected
2026-01-09T20:07:21.289+03:00  INFO 4604 --- [order-service] [org.springframework.kafka.KafkaListenerEndpointContainer#1-0-C-1] org.apache.kafka.clients.NetworkClient   : [Consumer clientId=consumer-order-service-4, groupId=order-service] Node -1 disconnected.
2026-01-09T20:07:21.289+03:00  WARN 4604 --- [order-service] [org.springframework.kafka.KafkaListenerEndpointContainer#1-0-C-1] org.apache.kafka.clients.NetworkClient   : [Consumer clientId=consumer-order-service-4, groupId=order-service] Connection to node -1 (localhost/127.0.0.1:9092) could not be established. Broker may not be available.
2026-01-09T20:07:21.289+03:00  WARN 4604 --- [order-service] [org.springframework.kafka.KafkaListenerEndpointContainer#1-0-C-1] org.apache.kafka.clients.NetworkClient   : [Consumer clientId=consumer-order-service-4, groupId=order-service] Bootstrap broker localhost:9092 (id: -1 rack: null) disconnected
2026-01-09T20:07:21.476+03:00  INFO 4604 --- [order-service] [org.springframework.kafka.KafkaListenerEndpointContainer#2-0-C-1] org.apache.kafka.clients.NetworkClient   : [Consumer clientId=consumer-order-service-1, groupId=order-service] Node -1 disconnected.
2026-01-09T20:07:21.476+03:00  WARN 4604 --- [order-service] [org.springframework.kafka.KafkaListenerEndpointContainer#2-0-C-1] org.apache.kafka.clients.NetworkClient   : [Consumer clientId=consumer-order-service-1, groupId=order-service] Connection to node -1 (localhost/127.0.0.1:9092) could not be established. Broker may not be available.
2026-01-09T20:07:21.476+03:00  WARN 4604 --- [order-service] [org.springframework.kafka.KafkaListenerEndpointContainer#2-0-C-1] org.apache.kafka.clients.NetworkClient   : [Consumer clientId=consumer-order-service-1, groupId=order-service] Bootstrap broker localhost:9092 (id: -1 rack: null) disconnected
2026-01-09T20:07:22.004+03:00  INFO 4604 --- [order-service] [org.springframework.kafka.KafkaListenerEndpointContainer#3-0-C-1] org.apache.kafka.clients.NetworkClient   : [Consumer clientId=consumer-order-service-2, groupId=order-service] Node -1 disconnected.
2026-01-09T20:07:22.004+03:00  WARN 4604 --- [order-service] [org.springframework.kafka.KafkaListenerEndpointContainer#3-0-C-1] org.apache.kafka.clients.NetworkClient   : [Consumer clientId=consumer-order-service-2, groupId=order-service] Connection to node -1 (localhost/127.0.0.1:9092) could not be established. Broker may not be available.
2026-01-09T20:07:22.004+03:00  WARN 4604 --- [order-service] [org.springframework.kafka.KafkaListenerEndpointContainer#3-0-C-1] org.apache.kafka.clients.NetworkClient   : [Consumer clientId=consumer-order-service-2, groupId=order-service] Bootstrap broker localhost:9092 (id: -1 rack: null) disconnected
2026-01-09T20:07:22.269+03:00  INFO 4604 --- [order-service] [org.springframework.kafka.KafkaListenerEndpointContainer#0-0-C-1] org.apache.kafka.clients.NetworkClient   : [Consumer clientId=consumer-order-service-3, groupId=order-service] Node -1 disconnected.
2026-01-09T20:07:22.269+03:00  WARN 4604 --- [order-service] [org.springframework.kafka.KafkaListenerEndpointContainer#0-0-C-1] org.apache.kafka.clients.NetworkClient   : [Consumer clientId=consumer-order-service-3, groupId=order-service] Connection to node -1 (localhost/127.0.0.1:9092) could not be established. Broker may not be available.
2026-01-09T20:07:22.269+03:00  WARN 4604 --- [order-service] [org.springframework.kafka.KafkaListenerEndpointContainer#0-0-C-1] org.apache.kafka.clients.NetworkClient   : [Consumer clientId=consumer-order-service-3, groupId=order-service] Bootstrap broker localhost:9092 (id: -1 rack: null) disconnected
2026-01-09T20:07:22.393+03:00  INFO 4604 --- [order-service] [org.springframework.kafka.KafkaListenerEndpointContainer#1-0-C-1] org.apache.kafka.clients.NetworkClient   : [Consumer clientId=consumer-order-service-4, groupId=order-service] Node -1 disconnected.
2026-01-09T20:07:22.393+03:00  WARN 4604 --- [order-service] [org.springframework.kafka.KafkaListenerEndpointContainer#1-0-C-1] org.apache.kafka.clients.NetworkClient   : [Consumer clientId=consumer-order-service-4, groupId=order-service] Connection to node -1 (localhost/127.0.0.1:9092) could not be established. Broker may not be available.
2026-01-09T20:07:22.393+03:00  WARN 4604 --- [order-service] [org.springframework.kafka.KafkaListenerEndpointContainer#1-0-C-1] org.apache.kafka.clients.NetworkClient   : [Consumer clientId=consumer-order-service-4, groupId=order-service] Bootstrap broker localhost:9092 (id: -1 rack: null) disconnected
2026-01-09T20:07:22.580+03:00  INFO 4604 --- [order-service] [org.springframework.kafka.KafkaListenerEndpointContainer#2-0-C-1] org.apache.kafka.clients.NetworkClient   : [Consumer clientId=consumer-order-service-1, groupId=order-service] Node -1 disconnected.
2026-01-09T20:07:22.580+03:00  WARN 4604 --- [order-service] [org.springframework.kafka.KafkaListenerEndpointContainer#2-0-C-1] org.apache.kafka.clients.NetworkClient   : [Consumer clientId=consumer-order-service-1, groupId=order-service] Connection to node -1 (localhost/127.0.0.1:9092) could not be established. Broker may not be available.
2026-01-09T20:07:22.580+03:00  WARN 4604 --- [order-service] [org.springframework.kafka.KafkaListenerEndpointContainer#2-0-C-1] org.apache.kafka.clients.NetworkClient   : [Consumer clientId=consumer-order-service-1, groupId=order-service] Bootstrap broker localhost:9092 (id: -1 rack: null) disconnected
2026-01-09T20:07:23.172+03:00  INFO 4604 --- [order-service] [org.springframework.kafka.KafkaListenerEndpointContainer#3-0-C-1] org.apache.kafka.clients.NetworkClient   : [Consumer clientId=consumer-order-service-2, groupId=order-service] Node -1 disconnected.
2026-01-09T20:07:23.172+03:00  WARN 4604 --- [order-service] [org.springframework.kafka.KafkaListenerEndpointContainer#3-0-C-1] org.apache.kafka.clients.NetworkClient   : [Consumer clientId=consumer-order-service-2, groupId=order-service] Connection to node -1 (localhost/127.0.0.1:9092) could not be established. Broker may not be available.
2026-01-09T20:07:23.172+03:00  WARN 4604 --- [order-service] [org.springframework.kafka.KafkaListenerEndpointContainer#3-0-C-1] org.apache.kafka.clients.NetworkClient   : [Consumer clientId=consumer-order-service-2, groupId=order-service] Bootstrap broker localhost:9092 (id: -1 rack: null) disconnected
2026-01-09T20:07:23.373+03:00  INFO 4604 --- [order-service] [org.springframework.kafka.KafkaListenerEndpointContainer#1-0-C-1] org.apache.kafka.clients.NetworkClient   : [Consumer clientId=consumer-order-service-4, groupId=order-service] Node -1 disconnected.
2026-01-09T20:07:23.373+03:00  WARN 4604 --- [order-service] [org.springframework.kafka.KafkaListenerEndpointContainer#1-0-C-1] org.apache.kafka.clients.NetworkClient   : [Consumer clientId=consumer-order-service-4, groupId=order-service] Connection to node -1 (localhost/127.0.0.1:9092) could not be established. Broker may not be available.
2026-01-09T20:07:23.373+03:00  WARN 4604 --- [order-service] [org.springframework.kafka.KafkaListenerEndpointContainer#1-0-C-1] org.apache.kafka.clients.NetworkClient   : [Consumer clientId=consumer-order-service-4, groupId=order-service] Bootstrap broker localhost:9092 (id: -1 rack: null) disconnected
2026-01-09T20:07:23.500+03:00  INFO 4604 --- [order-service] [org.springframework.kafka.KafkaListenerEndpointContainer#0-0-C-1] org.apache.kafka.clients.NetworkClient   : [Consumer clientId=consumer-order-service-3, groupId=order-service] Node -1 disconnected.
2026-01-09T20:07:23.500+03:00  WARN 4604 --- [order-service] [org.springframework.kafka.KafkaListenerEndpointContainer#0-0-C-1] org.apache.kafka.clients.NetworkClient   : [Consumer clientId=consumer-order-service-3, groupId=order-service] Connection to node -1 (localhost/127.0.0.1:9092) could not be established. Broker may not be available.
2026-01-09T20:07:23.500+03:00  WARN 4604 --- [order-service] [org.springframework.kafka.KafkaListenerEndpointContainer#0-0-C-1] org.apache.kafka.clients.NetworkClient   : [Consumer clientId=consumer-order-service-3, groupId=order-service] Bootstrap broker localhost:9092 (id: -1 rack: null) disconnected
2026-01-09T20:07:23.746+03:00  INFO 4604 --- [order-service] [org.springframework.kafka.KafkaListenerEndpointContainer#2-0-C-1] org.apache.kafka.clients.NetworkClient   : [Consumer clientId=consumer-order-service-1, groupId=order-service] Node -1 disconnected.
2026-01-09T20:07:23.747+03:00  WARN 4604 --- [order-service] [org.springframework.kafka.KafkaListenerEndpointContainer#2-0-C-1] org.apache.kafka.clients.NetworkClient   : [Consumer clientId=consumer-order-service-1, groupId=order-service] Connection to node -1 (localhost/127.0.0.1:9092) could not be established. Broker may not be available.
2026-01-09T20:07:23.747+03:00  WARN 4604 --- [order-service] [org.springframework.kafka.KafkaListenerEndpointContainer#2-0-C-1] org.apache.kafka.clients.NetworkClient   : [Consumer clientId=consumer-order-service-1, groupId=order-service] Bootstrap broker localhost:9092 (id: -1 rack: null) disconnected
2026-01-09T20:07:24.210+03:00  INFO 4604 --- [order-service] [org.springframework.kafka.KafkaListenerEndpointContainer#3-0-C-1] org.apache.kafka.clients.NetworkClient   : [Consumer clientId=consumer-order-service-2, groupId=order-service] Node -1 disconnected.
2026-01-09T20:07:24.210+03:00  WARN 4604 --- [order-service] [org.springframework.kafka.KafkaListenerEndpointContainer#3-0-C-1] org.apache.kafka.clients.NetworkClient   : [Consumer clientId=consumer-order-service-2, groupId=order-service] Connection to node -1 (localhost/127.0.0.1:9092) could not be established. Broker may not be available.
2026-01-09T20:07:24.210+03:00  WARN 4604 --- [order-service] [org.springframework.kafka.KafkaListenerEndpointContainer#3-0-C-1] org.apache.kafka.clients.NetworkClient   : [Consumer clientId=consumer-order-service-2, groupId=order-service] Bootstrap broker localhost:9092 (id: -1 rack: null) disconnected
2026-01-09T20:07:24.348+03:00  INFO 4604 --- [order-service] [org.springframework.kafka.KafkaListenerEndpointContainer#0-0-C-1] org.apache.kafka.clients.NetworkClient   : [Consumer clientId=consumer-order-service-3, groupId=order-service] Node -1 disconnected.
2026-01-09T20:07:24.348+03:00  WARN 4604 --- [order-service] [org.springframework.kafka.KafkaListenerEndpointContainer#0-0-C-1] org.apache.kafka.clients.NetworkClient   : [Consumer clientId=consumer-order-service-3, groupId=order-service] Connection to node -1 (localhost/127.0.0.1:9092) could not be established. Broker may not be available.
2026-01-09T20:07:24.348+03:00  WARN 4604 --- [order-service] [org.springframework.kafka.KafkaListenerEndpointContainer#0-0-C-1] org.apache.kafka.clients.NetworkClient   : [Consumer clientId=consumer-order-service-3, groupId=order-service] Bootstrap broker localhost:9092 (id: -1 rack: null) disconnected
2026-01-09T20:07:24.473+03:00  INFO 4604 --- [order-service] [org.springframework.kafka.KafkaListenerEndpointContainer#1-0-C-1] org.apache.kafka.clients.NetworkClient   : [Consumer clientId=consumer-order-service-4, groupId=order-service] Node -1 disconnected.
2026-01-09T20:07:24.473+03:00  WARN 4604 --- [order-service] [org.springframework.kafka.KafkaListenerEndpointContainer#1-0-C-1] org.apache.kafka.clients.NetworkClient   : [Consumer clientId=consumer-order-service-4, groupId=order-service] Connection to node -1 (localhost/127.0.0.1:9092) could not be established. Broker may not be available.
2026-01-09T20:07:24.473+03:00  WARN 4604 --- [order-service] [org.springframework.kafka.KafkaListenerEndpointContainer#1-0-C-1] org.apache.kafka.clients.NetworkClient   : [Consumer clientId=consumer-order-service-4, groupId=order-service] Bootstrap broker localhost:9092 (id: -1 rack: null) disconnected
2026-01-09T20:07:24.785+03:00  INFO 4604 --- [order-service] [org.springframework.kafka.KafkaListenerEndpointContainer#2-0-C-1] org.apache.kafka.clients.NetworkClient   : [Consumer clientId=consumer-order-service-1, groupId=order-service] Node -1 disconnected.
2026-01-09T20:07:24.785+03:00  WARN 4604 --- [order-service] [org.springframework.kafka.KafkaListenerEndpointContainer#2-0-C-1] org.apache.kafka.clients.NetworkClient   : [Consumer clientId=consumer-order-service-1, groupId=order-service] Connection to node -1 (localhost/127.0.0.1:9092) could not be established. Broker may not be available.
2026-01-09T20:07:24.785+03:00  WARN 4604 --- [order-service] [org.springframework.kafka.KafkaListenerEndpointContainer#2-0-C-1] org.apache.kafka.clients.NetworkClient   : [Consumer clientId=consumer-order-service-1, groupId=order-service] Bootstrap broker localhost:9092 (id: -1 rack: null) disconnected
2026-01-09T20:07:25.128+03:00  INFO 4604 --- [order-service] [org.springframework.kafka.KafkaListenerEndpointContainer#3-0-C-1] org.apache.kafka.clients.NetworkClient   : [Consumer clientId=consumer-order-service-2, groupId=order-service] Node -1 disconnected.
2026-01-09T20:07:25.128+03:00  WARN 4604 --- [order-service] [org.springframework.kafka.KafkaListenerEndpointContainer#3-0-C-1] org.apache.kafka.clients.NetworkClient   : [Consumer clientId=consumer-order-service-2, groupId=order-service] Connection to node -1 (localhost/127.0.0.1:9092) could not be established. Broker may not be available.
2026-01-09T20:07:25.128+03:00  WARN 4604 --- [order-service] [org.springframework.kafka.KafkaListenerEndpointContainer#3-0-C-1] org.apache.kafka.clients.NetworkClient   : [Consumer clientId=consumer-order-service-2, groupId=order-service] Bootstrap broker localhost:9092 (id: -1 rack: null) disconnected
2026-01-09T20:07:25.530+03:00  INFO 4604 --- [order-service] [org.springframework.kafka.KafkaListenerEndpointContainer#0-0-C-1] org.apache.kafka.clients.NetworkClient   : [Consumer clientId=consumer-order-service-3, groupId=order-service] Node -1 disconnected.
2026-01-09T20:07:25.530+03:00  WARN 4604 --- [order-service] [org.springframework.kafka.KafkaListenerEndpointContainer#0-0-C-1] org.apache.kafka.clients.NetworkClient   : [Consumer clientId=consumer-order-service-3, groupId=order-service] Connection to node -1 (localhost/127.0.0.1:9092) could not be established. Broker may not be available.
2026-01-09T20:07:25.530+03:00  WARN 4604 --- [order-service] [org.springframework.kafka.KafkaListenerEndpointContainer#0-0-C-1] org.apache.kafka.clients.NetworkClient   : [Consumer clientId=consumer-order-service-3, groupId=order-service] Bootstrap broker localhost:9092 (id: -1 rack: null) disconnected
2026-01-09T20:07:25.719+03:00  INFO 4604 --- [order-service] [org.springframework.kafka.KafkaListenerEndpointContainer#1-0-C-1] org.apache.kafka.clients.NetworkClient   : [Consumer clientId=consumer-order-service-4, groupId=order-service] Node -1 disconnected.
2026-01-09T20:07:25.719+03:00  WARN 4604 --- [order-service] [org.springframework.kafka.KafkaListenerEndpointContainer#1-0-C-1] org.apache.kafka.clients.NetworkClient   : [Consumer clientId=consumer-order-service-4, groupId=order-service] Connection to node -1 (localhost/127.0.0.1:9092) could not be established. Broker may not be available.
2026-01-09T20:07:25.719+03:00  WARN 4604 --- [order-service] [org.springframework.kafka.KafkaListenerEndpointContainer#1-0-C-1] org.apache.kafka.clients.NetworkClient   : [Consumer clientId=consumer-order-service-4, groupId=order-service] Bootstrap broker localhost:9092 (id: -1 rack: null) disconnected
2026-01-09T20:07:25.967+03:00  INFO 4604 --- [order-service] [org.springframework.kafka.KafkaListenerEndpointContainer#2-0-C-1] org.apache.kafka.clients.NetworkClient   : [Consumer clientId=consumer-order-service-1, groupId=order-service] Node -1 disconnected.
2026-01-09T20:07:25.967+03:00  WARN 4604 --- [order-service] [org.springframework.kafka.KafkaListenerEndpointContainer#2-0-C-1] org.apache.kafka.clients.NetworkClient   : [Consumer clientId=consumer-order-service-1, groupId=order-service] Connection to node -1 (localhost/127.0.0.1:9092) could not be established. Broker may not be available.
2026-01-09T20:07:25.967+03:00  WARN 4604 --- [order-service] [org.springframework.kafka.KafkaListenerEndpointContainer#2-0-C-1] org.apache.kafka.clients.NetworkClient   : [Consumer clientId=consumer-order-service-1, groupId=order-service] Bootstrap broker localhost:9092 (id: -1 rack: null) disconnected
2026-01-09T20:07:26.338+03:00  INFO 4604 --- [order-service] [org.springframework.kafka.KafkaListenerEndpointContainer#3-0-C-1] org.apache.kafka.clients.NetworkClient   : [Consumer clientId=consumer-order-service-2, groupId=order-service] Node -1 disconnected.
2026-01-09T20:07:26.338+03:00  WARN 4604 --- [order-service] [org.springframework.kafka.KafkaListenerEndpointContainer#3-0-C-1] org.apache.kafka.clients.NetworkClient   : [Consumer clientId=consumer-order-service-2, groupId=order-service] Connection to node -1 (localhost/127.0.0.1:9092) could not be established. Broker may not be available.
2026-01-09T20:07:26.338+03:00  WARN 4604 --- [order-service] [org.springframework.kafka.KafkaListenerEndpointContainer#3-0-C-1] org.apache.kafka.clients.NetworkClient   : [Consumer clientId=consumer-order-service-2, groupId=order-service] Bootstrap broker localhost:9092 (id: -1 rack: null) disconnected
2026-01-09T20:07:26.699+03:00  INFO 4604 --- [order-service] [org.springframework.kafka.KafkaListenerEndpointContainer#0-0-C-1] org.apache.kafka.clients.NetworkClient   : [Consumer clientId=consumer-order-service-3, groupId=order-service] Node -1 disconnected.
2026-01-09T20:07:26.699+03:00  WARN 4604 --- [order-service] [org.springframework.kafka.KafkaListenerEndpointContainer#0-0-C-1] org.apache.kafka.clients.NetworkClient   : [Consumer clientId=consumer-order-service-3, groupId=order-service] Connection to node -1 (localhost/127.0.0.1:9092) could not be established. Broker may not be available.
2026-01-09T20:07:26.699+03:00  WARN 4604 --- [order-service] [org.springframework.kafka.KafkaListenerEndpointContainer#0-0-C-1] org.apache.kafka.clients.NetworkClient   : [Consumer clientId=consumer-order-service-3, groupId=order-service] Bootstrap broker localhost:9092 (id: -1 rack: null) disconnected
2026-01-09T20:07:26.761+03:00  INFO 4604 --- [order-service] [org.springframework.kafka.KafkaListenerEndpointContainer#1-0-C-1] org.apache.kafka.clients.NetworkClient   : [Consumer clientId=consumer-order-service-4, groupId=order-service] Node -1 disconnected.
2026-01-09T20:07:26.762+03:00  WARN 4604 --- [order-service] [org.springframework.kafka.KafkaListenerEndpointContainer#1-0-C-1] org.apache.kafka.clients.NetworkClient   : [Consumer clientId=consumer-order-service-4, groupId=order-service] Connection to node -1 (localhost/127.0.0.1:9092) could not be established. Broker may not be available.
2026-01-09T20:07:26.763+03:00  WARN 4604 --- [order-service] [org.springframework.kafka.KafkaListenerEndpointContainer#1-0-C-1] org.apache.kafka.clients.NetworkClient   : [Consumer clientId=consumer-order-service-4, groupId=order-service] Bootstrap broker localhost:9092 (id: -1 rack: null) disconnected
2026-01-09T20:07:26.949+03:00  INFO 4604 --- [order-service] [org.springframework.kafka.KafkaListenerEndpointContainer#2-0-C-1] org.apache.kafka.clients.NetworkClient   : [Consumer clientId=consumer-order-service-1, groupId=order-service] Node -1 disconnected.
2026-01-09T20:07:26.949+03:00  WARN 4604 --- [order-service] [org.springframework.kafka.KafkaListenerEndpointContainer#2-0-C-1] org.apache.kafka.clients.NetworkClient   : [Consumer clientId=consumer-order-service-1, groupId=order-service] Connection to node -1 (localhost/127.0.0.1:9092) could not be established. Broker may not be available.
2026-01-09T20:07:26.949+03:00  WARN 4604 --- [order-service] [org.springframework.kafka.KafkaListenerEndpointContainer#2-0-C-1] org.apache.kafka.clients.NetworkClient   : [Consumer clientId=consumer-order-service-1, groupId=order-service] Bootstrap broker localhost:9092 (id: -1 rack: null) disconnected
2026-01-09T20:07:27.200+03:00  INFO 4604 --- [order-service] [org.springframework.kafka.KafkaListenerEndpointContainer#3-0-C-1] org.apache.kafka.clients.NetworkClient   : [Consumer clientId=consumer-order-service-2, groupId=order-service] Node -1 disconnected.
2026-01-09T20:07:27.201+03:00  WARN 4604 --- [order-service] [org.springframework.kafka.KafkaListenerEndpointContainer#3-0-C-1] org.apache.kafka.clients.NetworkClient   : [Consumer clientId=consumer-order-service-2, groupId=order-service] Connection to node -1 (localhost/127.0.0.1:9092) could not be established. Broker may not be available.
2026-01-09T20:07:27.201+03:00  WARN 4604 --- [order-service] [org.springframework.kafka.KafkaListenerEndpointContainer#3-0-C-1] org.apache.kafka.clients.NetworkClient   : [Consumer clientId=consumer-order-service-2, groupId=order-service] Bootstrap broker localhost:9092 (id: -1 rack: null) disconnected
2026-01-09T20:07:27.745+03:00  INFO 4604 --- [order-service] [org.springframework.kafka.KafkaListenerEndpointContainer#0-0-C-1] org.apache.kafka.clients.NetworkClient   : [Consumer clientId=consumer-order-service-3, groupId=order-service] Node -1 disconnected.
2026-01-09T20:07:27.745+03:00  WARN 4604 --- [order-service] [org.springframework.kafka.KafkaListenerEndpointContainer#0-0-C-1] org.apache.kafka.clients.NetworkClient   : [Consumer clientId=consumer-order-service-3, groupId=order-service] Connection to node -1 (localhost/127.0.0.1:9092) could not be established. Broker may not be available.
2026-01-09T20:07:27.745+03:00  WARN 4604 --- [order-service] [org.springframework.kafka.KafkaListenerEndpointContainer#0-0-C-1] org.apache.kafka.clients.NetworkClient   : [Consumer clientId=consumer-order-service-3, groupId=order-service] Bootstrap broker localhost:9092 (id: -1 rack: null) disconnected
2026-01-09T20:07:27.869+03:00  INFO 4604 --- [order-service] [org.springframework.kafka.KafkaListenerEndpointContainer#2-0-C-1] org.apache.kafka.clients.NetworkClient   : [Consumer clientId=consumer-order-service-1, groupId=order-service] Node -1 disconnected.
2026-01-09T20:07:27.869+03:00  WARN 4604 --- [order-service] [org.springframework.kafka.KafkaListenerEndpointContainer#2-0-C-1] org.apache.kafka.clients.NetworkClient   : [Consumer clientId=consumer-order-service-1, groupId=order-service] Connection to node -1 (localhost/127.0.0.1:9092) could not be established. Broker may not be available.
2026-01-09T20:07:27.869+03:00  WARN 4604 --- [order-service] [org.springframework.kafka.KafkaListenerEndpointContainer#2-0-C-1] org.apache.kafka.clients.NetworkClient   : [Consumer clientId=consumer-order-service-1, groupId=order-service] Bootstrap broker localhost:9092 (id: -1 rack: null) disconnected
2026-01-09T20:07:27.932+03:00  INFO 4604 --- [order-service] [org.springframework.kafka.KafkaListenerEndpointContainer#1-0-C-1] org.apache.kafka.clients.NetworkClient   : [Consumer clientId=consumer-order-service-4, groupId=order-service] Node -1 disconnected.
2026-01-09T20:07:27.932+03:00  WARN 4604 --- [order-service] [org.springframework.kafka.KafkaListenerEndpointContainer#1-0-C-1] org.apache.kafka.clients.NetworkClient   : [Consumer clientId=consumer-order-service-4, groupId=order-service] Connection to node -1 (localhost/127.0.0.1:9092) could not be established. Broker may not be available.
2026-01-09T20:07:27.932+03:00  WARN 4604 --- [order-service] [org.springframework.kafka.KafkaListenerEndpointContainer#1-0-C-1] org.apache.kafka.clients.NetworkClient   : [Consumer clientId=consumer-order-service-4, groupId=order-service] Bootstrap broker localhost:9092 (id: -1 rack: null) disconnected
2026-01-09T20:07:28.181+03:00  INFO 4604 --- [order-service] [org.springframework.kafka.KafkaListenerEndpointContainer#3-0-C-1] org.apache.kafka.clients.NetworkClient   : [Consumer clientId=consumer-order-service-2, groupId=order-service] Node -1 disconnected.
2026-01-09T20:07:28.181+03:00  WARN 4604 --- [order-service] [org.springframework.kafka.KafkaListenerEndpointContainer#3-0-C-1] org.apache.kafka.clients.NetworkClient   : [Consumer clientId=consumer-order-service-2, groupId=order-service] Connection to node -1 (localhost/127.0.0.1:9092) could not be established. Broker may not be available.
2026-01-09T20:07:28.181+03:00  WARN 4604 --- [order-service] [org.springframework.kafka.KafkaListenerEndpointContainer#3-0-C-1] org.apache.kafka.clients.NetworkClient   : [Consumer clientId=consumer-order-service-2, groupId=order-service] Bootstrap broker localhost:9092 (id: -1 rack: null) disconnected
2026-01-09T20:07:28.604+03:00  INFO 4604 --- [order-service] [org.springframework.kafka.KafkaListenerEndpointContainer#0-0-C-1] org.apache.kafka.clients.NetworkClient   : [Consumer clientId=consumer-order-service-3, groupId=order-service] Node -1 disconnected.
2026-01-09T20:07:28.604+03:00  WARN 4604 --- [order-service] [org.springframework.kafka.KafkaListenerEndpointContainer#0-0-C-1] org.apache.kafka.clients.NetworkClient   : [Consumer clientId=consumer-order-service-3, groupId=order-service] Connection to node -1 (localhost/127.0.0.1:9092) could not be established. Broker may not be available.
2026-01-09T20:07:28.604+03:00  WARN 4604 --- [order-service] [org.springframework.kafka.KafkaListenerEndpointContainer#0-0-C-1] org.apache.kafka.clients.NetworkClient   : [Consumer clientId=consumer-order-service-3, groupId=order-service] Bootstrap broker localhost:9092 (id: -1 rack: null) disconnected
2026-01-09T20:07:28.790+03:00  INFO 4604 --- [order-service] [org.springframework.kafka.KafkaListenerEndpointContainer#2-0-C-1] org.apache.kafka.clients.NetworkClient   : [Consumer clientId=consumer-order-service-1, groupId=order-service] Node -1 disconnected.
2026-01-09T20:07:28.790+03:00  INFO 4604 --- [order-service] [org.springframework.kafka.KafkaListenerEndpointContainer#1-0-C-1] org.apache.kafka.clients.NetworkClient   : [Consumer clientId=consumer-order-service-4, groupId=order-service] Node -1 disconnected.
2026-01-09T20:07:28.790+03:00  WARN 4604 --- [order-service] [org.springframework.kafka.KafkaListenerEndpointContainer#2-0-C-1] org.apache.kafka.clients.NetworkClient   : [Consumer clientId=consumer-order-service-1, groupId=order-service] Connection to node -1 (localhost/127.0.0.1:9092) could not be established. Broker may not be available.
2026-01-09T20:07:28.790+03:00  WARN 4604 --- [order-service] [org.springframework.kafka.KafkaListenerEndpointContainer#2-0-C-1] org.apache.kafka.clients.NetworkClient   : [Consumer clientId=consumer-order-service-1, groupId=order-service] Bootstrap broker localhost:9092 (id: -1 rack: null) disconnected
2026-01-09T20:07:28.790+03:00  WARN 4604 --- [order-service] [org.springframework.kafka.KafkaListenerEndpointContainer#1-0-C-1] org.apache.kafka.clients.NetworkClient   : [Consumer clientId=consumer-order-service-4, groupId=order-service] Connection to node -1 (localhost/127.0.0.1:9092) could not be established. Broker may not be available.
2026-01-09T20:07:28.790+03:00  WARN 4604 --- [order-service] [org.springframework.kafka.KafkaListenerEndpointContainer#1-0-C-1] org.apache.kafka.clients.NetworkClient   : [Consumer clientId=consumer-order-service-4, groupId=order-service] Bootstrap broker localhost:9092 (id: -1 rack: null) disconnected
2026-01-09T20:07:29.040+03:00  INFO 4604 --- [order-service] [org.springframework.kafka.KafkaListenerEndpointContainer#3-0-C-1] org.apache.kafka.clients.NetworkClient   : [Consumer clientId=consumer-order-service-2, groupId=order-service] Node -1 disconnected.
2026-01-09T20:07:29.040+03:00  WARN 4604 --- [order-service] [org.springframework.kafka.KafkaListenerEndpointContainer#3-0-C-1] org.apache.kafka.clients.NetworkClient   : [Consumer clientId=consumer-order-service-2, groupId=order-service] Connection to node -1 (localhost/127.0.0.1:9092) could not be established. Broker may not be available.
2026-01-09T20:07:29.040+03:00  WARN 4604 --- [order-service] [org.springframework.kafka.KafkaListenerEndpointContainer#3-0-C-1] org.apache.kafka.clients.NetworkClient   : [Consumer clientId=consumer-order-service-2, groupId=order-service] Bootstrap broker localhost:9092 (id: -1 rack: null) disconnected
2026-01-09T20:07:29.703+03:00  INFO 4604 --- [order-service] [org.springframework.kafka.KafkaListenerEndpointContainer#0-0-C-1] org.apache.kafka.clients.NetworkClient   : [Consumer clientId=consumer-order-service-3, groupId=order-service] Node -1 disconnected.
2026-01-09T20:07:29.703+03:00  WARN 4604 --- [order-service] [org.springframework.kafka.KafkaListenerEndpointContainer#0-0-C-1] org.apache.kafka.clients.NetworkClient   : [Consumer clientId=consumer-order-service-3, groupId=order-service] Connection to node -1 (localhost/127.0.0.1:9092) could not be established. Broker may not be available.
2026-01-09T20:07:29.703+03:00  WARN 4604 --- [order-service] [org.springframework.kafka.KafkaListenerEndpointContainer#0-0-C-1] org.apache.kafka.clients.NetworkClient   : [Consumer clientId=consumer-order-service-3, groupId=order-service] Bootstrap broker localhost:9092 (id: -1 rack: null) disconnected
2026-01-09T20:07:29.889+03:00  INFO 4604 --- [order-service] [org.springframework.kafka.KafkaListenerEndpointContainer#1-0-C-1] org.apache.kafka.clients.NetworkClient   : [Consumer clientId=consumer-order-service-4, groupId=order-service] Node -1 disconnected.
2026-01-09T20:07:29.889+03:00  WARN 4604 --- [order-service] [org.springframework.kafka.KafkaListenerEndpointContainer#1-0-C-1] org.apache.kafka.clients.NetworkClient   : [Consumer clientId=consumer-order-service-4, groupId=order-service] Connection to node -1 (localhost/127.0.0.1:9092) could not be established. Broker may not be available.
2026-01-09T20:07:29.889+03:00  WARN 4604 --- [order-service] [org.springframework.kafka.KafkaListenerEndpointContainer#1-0-C-1] org.apache.kafka.clients.NetworkClient   : [Consumer clientId=consumer-order-service-4, groupId=order-service] Bootstrap broker localhost:9092 (id: -1 rack: null) disconnected
2026-01-09T20:07:30.011+03:00  INFO 4604 --- [order-service] [org.springframework.kafka.KafkaListenerEndpointContainer#2-0-C-1] org.apache.kafka.clients.NetworkClient   : [Consumer clientId=consumer-order-service-1, groupId=order-service] Node -1 disconnected.
2026-01-09T20:07:30.011+03:00  WARN 4604 --- [order-service] [org.springframework.kafka.KafkaListenerEndpointContainer#2-0-C-1] org.apache.kafka.clients.NetworkClient   : [Consumer clientId=consumer-order-service-1, groupId=order-service] Connection to node -1 (localhost/127.0.0.1:9092) could not be established. Broker may not be available.
2026-01-09T20:07:30.011+03:00  WARN 4604 --- [order-service] [org.springframework.kafka.KafkaListenerEndpointContainer#2-0-C-1] org.apache.kafka.clients.NetworkClient   : [Consumer clientId=consumer-order-service-1, groupId=order-service] Bootstrap broker localhost:9092 (id: -1 rack: null) disconnected
2026-01-09T20:07:30.198+03:00  INFO 4604 --- [order-service] [org.springframework.kafka.KafkaListenerEndpointContainer#3-0-C-1] org.apache.kafka.clients.NetworkClient   : [Consumer clientId=consumer-order-service-2, groupId=order-service] Node -1 disconnected.
2026-01-09T20:07:30.198+03:00  WARN 4604 --- [order-service] [org.springframework.kafka.KafkaListenerEndpointContainer#3-0-C-1] org.apache.kafka.clients.NetworkClient   : [Consumer clientId=consumer-order-service-2, groupId=order-service] Connection to node -1 (localhost/127.0.0.1:9092) could not be established. Broker may not be available.
2026-01-09T20:07:30.198+03:00  WARN 4604 --- [order-service] [org.springframework.kafka.KafkaListenerEndpointContainer#3-0-C-1] org.apache.kafka.clients.NetworkClient   : [Consumer clientId=consumer-order-service-2, groupId=order-service] Bootstrap broker localhost:9092 (id: -1 rack: null) disconnected
2026-01-09T20:07:30.539+03:00  INFO 4604 --- [order-service] [org.springframework.kafka.KafkaListenerEndpointContainer#0-0-C-1] org.apache.kafka.clients.NetworkClient   : [Consumer clientId=consumer-order-service-3, groupId=order-service] Node -1 disconnected.
2026-01-09T20:07:30.539+03:00  WARN 4604 --- [order-service] [org.springframework.kafka.KafkaListenerEndpointContainer#0-0-C-1] org.apache.kafka.clients.NetworkClient   : [Consumer clientId=consumer-order-service-3, groupId=order-service] Connection to node -1 (localhost/127.0.0.1:9092) could not be established. Broker may not be available.
2026-01-09T20:07:30.539+03:00  WARN 4604 --- [order-service] [org.springframework.kafka.KafkaListenerEndpointContainer#0-0-C-1] org.apache.kafka.clients.NetworkClient   : [Consumer clientId=consumer-order-service-3, groupId=order-service] Bootstrap broker localhost:9092 (id: -1 rack: null) disconnected
2026-01-09T20:07:30.847+03:00  INFO 4604 --- [order-service] [org.springframework.kafka.KafkaListenerEndpointContainer#1-0-C-1] org.apache.kafka.clients.NetworkClient   : [Consumer clientId=consumer-order-service-4, groupId=order-service] Node -1 disconnected.
2026-01-09T20:07:30.847+03:00  WARN 4604 --- [order-service] [org.springframework.kafka.KafkaListenerEndpointContainer#1-0-C-1] org.apache.kafka.clients.NetworkClient   : [Consumer clientId=consumer-order-service-4, groupId=order-service] Connection to node -1 (localhost/127.0.0.1:9092) could not be established. Broker may not be available.
2026-01-09T20:07:30.847+03:00  WARN 4604 --- [order-service] [org.springframework.kafka.KafkaListenerEndpointContainer#1-0-C-1] org.apache.kafka.clients.NetworkClient   : [Consumer clientId=consumer-order-service-4, groupId=order-service] Bootstrap broker localhost:9092 (id: -1 rack: null) disconnected
2026-01-09T20:07:31.219+03:00  INFO 4604 --- [order-service] [org.springframework.kafka.KafkaListenerEndpointContainer#2-0-C-1] org.apache.kafka.clients.NetworkClient   : [Consumer clientId=consumer-order-service-1, groupId=order-service] Node -1 disconnected.
2026-01-09T20:07:31.219+03:00  WARN 4604 --- [order-service] [org.springframework.kafka.KafkaListenerEndpointContainer#2-0-C-1] org.apache.kafka.clients.NetworkClient   : [Consumer clientId=consumer-order-service-1, groupId=order-service] Connection to node -1 (localhost/127.0.0.1:9092) could not be established. Broker may not be available.
2026-01-09T20:07:31.219+03:00  WARN 4604 --- [order-service] [org.springframework.kafka.KafkaListenerEndpointContainer#2-0-C-1] org.apache.kafka.clients.NetworkClient   : [Consumer clientId=consumer-order-service-1, groupId=order-service] Bootstrap broker localhost:9092 (id: -1 rack: null) disconnected
2026-01-09T20:07:31.282+03:00  INFO 4604 --- [order-service] [org.springframework.kafka.KafkaListenerEndpointContainer#3-0-C-1] org.apache.kafka.clients.NetworkClient   : [Consumer clientId=consumer-order-service-2, groupId=order-service] Node -1 disconnected.
2026-01-09T20:07:31.282+03:00  WARN 4604 --- [order-service] [org.springframework.kafka.KafkaListenerEndpointContainer#3-0-C-1] org.apache.kafka.clients.NetworkClient   : [Consumer clientId=consumer-order-service-2, groupId=order-service] Connection to node -1 (localhost/127.0.0.1:9092) could not be established. Broker may not be available.
2026-01-09T20:07:31.282+03:00  WARN 4604 --- [order-service] [org.springframework.kafka.KafkaListenerEndpointContainer#3-0-C-1] org.apache.kafka.clients.NetworkClient   : [Consumer clientId=consumer-order-service-2, groupId=order-service] Bootstrap broker localhost:9092 (id: -1 rack: null) disconnected
2026-01-09T20:07:31.389+03:00  INFO 4604 --- [order-service] [org.springframework.kafka.KafkaListenerEndpointContainer#0-0-C-1] org.apache.kafka.clients.NetworkClient   : [Consumer clientId=consumer-order-service-3, groupId=order-service] Node -1 disconnected.
2026-01-09T20:07:31.390+03:00  WARN 4604 --- [order-service] [org.springframework.kafka.KafkaListenerEndpointContainer#0-0-C-1] org.apache.kafka.clients.NetworkClient   : [Consumer clientId=consumer-order-service-3, groupId=order-service] Connection to node -1 (localhost/127.0.0.1:9092) could not be established. Broker may not be available.
2026-01-09T20:07:31.390+03:00  WARN 4604 --- [order-service] [org.springframework.kafka.KafkaListenerEndpointContainer#0-0-C-1] org.apache.kafka.clients.NetworkClient   : [Consumer clientId=consumer-order-service-3, groupId=order-service] Bootstrap broker localhost:9092 (id: -1 rack: null) disconnected
2026-01-09T20:07:31.885+03:00  INFO 4604 --- [order-service] [org.springframework.kafka.KafkaListenerEndpointContainer#1-0-C-1] org.apache.kafka.clients.NetworkClient   : [Consumer clientId=consumer-order-service-4, groupId=order-service] Node -1 disconnected.
2026-01-09T20:07:31.885+03:00  WARN 4604 --- [order-service] [org.springframework.kafka.KafkaListenerEndpointContainer#1-0-C-1] org.apache.kafka.clients.NetworkClient   : [Consumer clientId=consumer-order-service-4, groupId=order-service] Connection to node -1 (localhost/127.0.0.1:9092) could not be established. Broker may not be available.
2026-01-09T20:07:31.885+03:00  WARN 4604 --- [order-service] [org.springframework.kafka.KafkaListenerEndpointContainer#1-0-C-1] org.apache.kafka.clients.NetworkClient   : [Consumer clientId=consumer-order-service-4, groupId=order-service] Bootstrap broker localhost:9092 (id: -1 rack: null) disconnected
2026-01-09T20:07:32.211+03:00  INFO 4604 --- [order-service] [org.springframework.kafka.KafkaListenerEndpointContainer#2-0-C-1] org.apache.kafka.clients.NetworkClient   : [Consumer clientId=consumer-order-service-1, groupId=order-service] Node -1 disconnected.
2026-01-09T20:07:32.211+03:00  WARN 4604 --- [order-service] [org.springframework.kafka.KafkaListenerEndpointContainer#2-0-C-1] org.apache.kafka.clients.NetworkClient   : [Consumer clientId=consumer-order-service-1, groupId=order-service] Connection to node -1 (localhost/127.0.0.1:9092) could not be established. Broker may not be available.
2026-01-09T20:07:32.211+03:00  WARN 4604 --- [order-service] [org.springframework.kafka.KafkaListenerEndpointContainer#2-0-C-1] org.apache.kafka.clients.NetworkClient   : [Consumer clientId=consumer-order-service-1, groupId=order-service] Bootstrap broker localhost:9092 (id: -1 rack: null) disconnected
2026-01-09T20:07:32.243+03:00  INFO 4604 --- [order-service] [org.springframework.kafka.KafkaListenerEndpointContainer#0-0-C-1] org.apache.kafka.clients.NetworkClient   : [Consumer clientId=consumer-order-service-3, groupId=order-service] Node -1 disconnected.
2026-01-09T20:07:32.243+03:00  WARN 4604 --- [order-service] [org.springframework.kafka.KafkaListenerEndpointContainer#0-0-C-1] org.apache.kafka.clients.NetworkClient   : [Consumer clientId=consumer-order-service-3, groupId=order-service] Connection to node -1 (localhost/127.0.0.1:9092) could not be established. Broker may not be available.
2026-01-09T20:07:32.243+03:00  WARN 4604 --- [order-service] [org.springframework.kafka.KafkaListenerEndpointContainer#0-0-C-1] org.apache.kafka.clients.NetworkClient   : [Consumer clientId=consumer-order-service-3, groupId=order-service] Bootstrap broker localhost:9092 (id: -1 rack: null) disconnected
2026-01-09T20:07:32.259+03:00  INFO 4604 --- [order-service] [org.springframework.kafka.KafkaListenerEndpointContainer#3-0-C-1] org.apache.kafka.clients.NetworkClient   : [Consumer clientId=consumer-order-service-2, groupId=order-service] Node -1 disconnected.
2026-01-09T20:07:32.259+03:00  WARN 4604 --- [order-service] [org.springframework.kafka.KafkaListenerEndpointContainer#3-0-C-1] org.apache.kafka.clients.NetworkClient   : [Consumer clientId=consumer-order-service-2, groupId=order-service] Connection to node -1 (localhost/127.0.0.1:9092) could not be established. Broker may not be available.
2026-01-09T20:07:32.259+03:00  WARN 4604 --- [order-service] [org.springframework.kafka.KafkaListenerEndpointContainer#3-0-C-1] org.apache.kafka.clients.NetworkClient   : [Consumer clientId=consumer-order-service-2, groupId=order-service] Bootstrap broker localhost:9092 (id: -1 rack: null) disconnected
2026-01-09T20:07:32.892+03:00  INFO 4604 --- [order-service] [org.springframework.kafka.KafkaListenerEndpointContainer#1-0-C-1] org.apache.kafka.clients.NetworkClient   : [Consumer clientId=consumer-order-service-4, groupId=order-service] Node -1 disconnected.
2026-01-09T20:07:32.892+03:00  WARN 4604 --- [order-service] [org.springframework.kafka.KafkaListenerEndpointContainer#1-0-C-1] org.apache.kafka.clients.NetworkClient   : [Consumer clientId=consumer-order-service-4, groupId=order-service] Connection to node -1 (localhost/127.0.0.1:9092) could not be established. Broker may not be available.
2026-01-09T20:07:32.892+03:00  WARN 4604 --- [order-service] [org.springframework.kafka.KafkaListenerEndpointContainer#1-0-C-1] org.apache.kafka.clients.NetworkClient   : [Consumer clientId=consumer-order-service-4, groupId=order-service] Bootstrap broker localhost:9092 (id: -1 rack: null) disconnected
2026-01-09T20:07:33.158+03:00  INFO 4604 --- [order-service] [org.springframework.kafka.KafkaListenerEndpointContainer#2-0-C-1] org.apache.kafka.clients.NetworkClient   : [Consumer clientId=consumer-order-service-1, groupId=order-service] Node -1 disconnected.
2026-01-09T20:07:33.158+03:00  WARN 4604 --- [order-service] [org.springframework.kafka.KafkaListenerEndpointContainer#2-0-C-1] org.apache.kafka.clients.NetworkClient   : [Consumer clientId=consumer-order-service-1, groupId=order-service] Connection to node -1 (localhost/127.0.0.1:9092) could not be established. Broker may not be available.
2026-01-09T20:07:33.158+03:00  WARN 4604 --- [order-service] [org.springframework.kafka.KafkaListenerEndpointContainer#2-0-C-1] org.apache.kafka.clients.NetworkClient   : [Consumer clientId=consumer-order-service-1, groupId=order-service] Bootstrap broker localhost:9092 (id: -1 rack: null) disconnected
2026-01-09T20:07:33.359+03:00  INFO 4604 --- [order-service] [org.springframework.kafka.KafkaListenerEndpointContainer#3-0-C-1] org.apache.kafka.clients.NetworkClient   : [Consumer clientId=consumer-order-service-2, groupId=order-service] Node -1 disconnected.
2026-01-09T20:07:33.360+03:00  WARN 4604 --- [order-service] [org.springframework.kafka.KafkaListenerEndpointContainer#3-0-C-1] org.apache.kafka.clients.NetworkClient   : [Consumer clientId=consumer-order-service-2, groupId=order-service] Connection to node -1 (localhost/127.0.0.1:9092) could not be established. Broker may not be available.
2026-01-09T20:07:33.360+03:00  WARN 4604 --- [order-service] [org.springframework.kafka.KafkaListenerEndpointContainer#3-0-C-1] org.apache.kafka.clients.NetworkClient   : [Consumer clientId=consumer-order-service-2, groupId=order-service] Bootstrap broker localhost:9092 (id: -1 rack: null) disconnected
2026-01-09T20:07:33.389+03:00  INFO 4604 --- [order-service] [org.springframework.kafka.KafkaListenerEndpointContainer#0-0-C-1] org.apache.kafka.clients.NetworkClient   : [Consumer clientId=consumer-order-service-3, groupId=order-service] Node -1 disconnected.
2026-01-09T20:07:33.389+03:00  WARN 4604 --- [order-service] [org.springframework.kafka.KafkaListenerEndpointContainer#0-0-C-1] org.apache.kafka.clients.NetworkClient   : [Consumer clientId=consumer-order-service-3, groupId=order-service] Connection to node -1 (localhost/127.0.0.1:9092) could not be established. Broker may not be available.
2026-01-09T20:07:33.389+03:00  WARN 4604 --- [order-service] [org.springframework.kafka.KafkaListenerEndpointContainer#0-0-C-1] org.apache.kafka.clients.NetworkClient   : [Consumer clientId=consumer-order-service-3, groupId=order-service] Bootstrap broker localhost:9092 (id: -1 rack: null) disconnected
2026-01-09T20:07:33.993+03:00  INFO 4604 --- [order-service] [org.springframework.kafka.KafkaListenerEndpointContainer#1-0-C-1] org.apache.kafka.clients.NetworkClient   : [Consumer clientId=consumer-order-service-4, groupId=order-service] Node -1 disconnected.
2026-01-09T20:07:33.993+03:00  WARN 4604 --- [order-service] [org.springframework.kafka.KafkaListenerEndpointContainer#1-0-C-1] org.apache.kafka.clients.NetworkClient   : [Consumer clientId=consumer-order-service-4, groupId=order-service] Connection to node -1 (localhost/127.0.0.1:9092) could not be established. Broker may not be available.
2026-01-09T20:07:33.993+03:00  WARN 4604 --- [order-service] [org.springframework.kafka.KafkaListenerEndpointContainer#1-0-C-1] org.apache.kafka.clients.NetworkClient   : [Consumer clientId=consumer-order-service-4, groupId=order-service] Bootstrap broker localhost:9092 (id: -1 rack: null) disconnected
2026-01-09T20:07:34.131+03:00  INFO 4604 --- [order-service] [org.springframework.kafka.KafkaListenerEndpointContainer#2-0-C-1] org.apache.kafka.clients.NetworkClient   : [Consumer clientId=consumer-order-service-1, groupId=order-service] Node -1 disconnected.
2026-01-09T20:07:34.133+03:00  WARN 4604 --- [order-service] [org.springframework.kafka.KafkaListenerEndpointContainer#2-0-C-1] org.apache.kafka.clients.NetworkClient   : [Consumer clientId=consumer-order-service-1, groupId=order-service] Connection to node -1 (localhost/127.0.0.1:9092) could not be established. Broker may not be available.
2026-01-09T20:07:34.134+03:00  WARN 4604 --- [order-service] [org.springframework.kafka.KafkaListenerEndpointContainer#2-0-C-1] org.apache.kafka.clients.NetworkClient   : [Consumer clientId=consumer-order-service-1, groupId=order-service] Bootstrap broker localhost:9092 (id: -1 rack: null) disconnected
2026-01-09T20:07:34.254+03:00  INFO 4604 --- [order-service] [org.springframework.kafka.KafkaListenerEndpointContainer#0-0-C-1] org.apache.kafka.clients.NetworkClient   : [Consumer clientId=consumer-order-service-3, groupId=order-service] Node -1 disconnected.
2026-01-09T20:07:34.255+03:00  WARN 4604 --- [order-service] [org.springframework.kafka.KafkaListenerEndpointContainer#0-0-C-1] org.apache.kafka.clients.NetworkClient   : [Consumer clientId=consumer-order-service-3, groupId=order-service] Connection to node -1 (localhost/127.0.0.1:9092) could not be established. Broker may not be available.
2026-01-09T20:07:34.255+03:00  WARN 4604 --- [order-service] [org.springframework.kafka.KafkaListenerEndpointContainer#0-0-C-1] org.apache.kafka.clients.NetworkClient   : [Consumer clientId=consumer-order-service-3, groupId=order-service] Bootstrap broker localhost:9092 (id: -1 rack: null) disconnected
2026-01-09T20:07:34.269+03:00  INFO 4604 --- [order-service] [org.springframework.kafka.KafkaListenerEndpointContainer#3-0-C-1] org.apache.kafka.clients.NetworkClient   : [Consumer clientId=consumer-order-service-2, groupId=order-service] Node -1 disconnected.
2026-01-09T20:07:34.269+03:00  WARN 4604 --- [order-service] [org.springframework.kafka.KafkaListenerEndpointContainer#3-0-C-1] org.apache.kafka.clients.NetworkClient   : [Consumer clientId=consumer-order-service-2, groupId=order-service] Connection to node -1 (localhost/127.0.0.1:9092) could not be established. Broker may not be available.
2026-01-09T20:07:34.269+03:00  WARN 4604 --- [order-service] [org.springframework.kafka.KafkaListenerEndpointContainer#3-0-C-1] org.apache.kafka.clients.NetworkClient   : [Consumer clientId=consumer-order-service-2, groupId=order-service] Bootstrap broker localhost:9092 (id: -1 rack: null) disconnected
2026-01-09T20:07:35.089+03:00  INFO 4604 --- [order-service] [org.springframework.kafka.KafkaListenerEndpointContainer#1-0-C-1] org.apache.kafka.clients.NetworkClient   : [Consumer clientId=consumer-order-service-4, groupId=order-service] Node -1 disconnected.
2026-01-09T20:07:35.089+03:00  WARN 4604 --- [order-service] [org.springframework.kafka.KafkaListenerEndpointContainer#1-0-C-1] org.apache.kafka.clients.NetworkClient   : [Consumer clientId=consumer-order-service-4, groupId=order-service] Connection to node -1 (localhost/127.0.0.1:9092) could not be established. Broker may not be available.
2026-01-09T20:07:35.089+03:00  WARN 4604 --- [order-service] [org.springframework.kafka.KafkaListenerEndpointContainer#1-0-C-1] org.apache.kafka.clients.NetworkClient   : [Consumer clientId=consumer-order-service-4, groupId=order-service] Bootstrap broker localhost:9092 (id: -1 rack: null) disconnected
2026-01-09T20:07:35.120+03:00  INFO 4604 --- [order-service] [org.springframework.kafka.KafkaListenerEndpointContainer#3-0-C-1] org.apache.kafka.clients.NetworkClient   : [Consumer clientId=consumer-order-service-2, groupId=order-service] Node -1 disconnected.
2026-01-09T20:07:35.120+03:00  WARN 4604 --- [order-service] [org.springframework.kafka.KafkaListenerEndpointContainer#3-0-C-1] org.apache.kafka.clients.NetworkClient   : [Consumer clientId=consumer-order-service-2, groupId=order-service] Connection to node -1 (localhost/127.0.0.1:9092) could not be established. Broker may not be available.
2026-01-09T20:07:35.120+03:00  WARN 4604 --- [order-service] [org.springframework.kafka.KafkaListenerEndpointContainer#3-0-C-1] org.apache.kafka.clients.NetworkClient   : [Consumer clientId=consumer-order-service-2, groupId=order-service] Bootstrap broker localhost:9092 (id: -1 rack: null) disconnected
2026-01-09T20:07:35.166+03:00  INFO 4604 --- [order-service] [org.springframework.kafka.KafkaListenerEndpointContainer#2-0-C-1] org.apache.kafka.clients.NetworkClient   : [Consumer clientId=consumer-order-service-1, groupId=order-service] Node -1 disconnected.
2026-01-09T20:07:35.167+03:00  WARN 4604 --- [order-service] [org.springframework.kafka.KafkaListenerEndpointContainer#2-0-C-1] org.apache.kafka.clients.NetworkClient   : [Consumer clientId=consumer-order-service-1, groupId=order-service] Connection to node -1 (localhost/127.0.0.1:9092) could not be established. Broker may not be available.
2026-01-09T20:07:35.167+03:00  WARN 4604 --- [order-service] [org.springframework.kafka.KafkaListenerEndpointContainer#2-0-C-1] org.apache.kafka.clients.NetworkClient   : [Consumer clientId=consumer-order-service-1, groupId=order-service] Bootstrap broker localhost:9092 (id: -1 rack: null) disconnected
2026-01-09T20:07:35.351+03:00  INFO 4604 --- [order-service] [org.springframework.kafka.KafkaListenerEndpointContainer#0-0-C-1] org.apache.kafka.clients.NetworkClient   : [Consumer clientId=consumer-order-service-3, groupId=order-service] Node -1 disconnected.
2026-01-09T20:07:35.351+03:00  WARN 4604 --- [order-service] [org.springframework.kafka.KafkaListenerEndpointContainer#0-0-C-1] org.apache.kafka.clients.NetworkClient   : [Consumer clientId=consumer-order-service-3, groupId=order-service] Connection to node -1 (localhost/127.0.0.1:9092) could not be established. Broker may not be available.
2026-01-09T20:07:35.351+03:00  WARN 4604 --- [order-service] [org.springframework.kafka.KafkaListenerEndpointContainer#0-0-C-1] org.apache.kafka.clients.NetworkClient   : [Consumer clientId=consumer-order-service-3, groupId=order-service] Bootstrap broker localhost:9092 (id: -1 rack: null) disconnected
2026-01-09T20:07:36.115+03:00  INFO 4604 --- [order-service] [org.springframework.kafka.KafkaListenerEndpointContainer#1-0-C-1] org.apache.kafka.clients.NetworkClient   : [Consumer clientId=consumer-order-service-4, groupId=order-service] Node -1 disconnected.
2026-01-09T20:07:36.116+03:00  WARN 4604 --- [order-service] [org.springframework.kafka.KafkaListenerEndpointContainer#1-0-C-1] org.apache.kafka.clients.NetworkClient   : [Consumer clientId=consumer-order-service-4, groupId=order-service] Connection to node -1 (localhost/127.0.0.1:9092) could not be established. Broker may not be available.
2026-01-09T20:07:36.116+03:00  WARN 4604 --- [order-service] [org.springframework.kafka.KafkaListenerEndpointContainer#1-0-C-1] org.apache.kafka.clients.NetworkClient   : [Consumer clientId=consumer-order-service-4, groupId=order-service] Bootstrap broker localhost:9092 (id: -1 rack: null) disconnected
2026-01-09T20:07:36.164+03:00  INFO 4604 --- [order-service] [org.springframework.kafka.KafkaListenerEndpointContainer#3-0-C-1] org.apache.kafka.clients.NetworkClient   : [Consumer clientId=consumer-order-service-2, groupId=order-service] Node -1 disconnected.
2026-01-09T20:07:36.164+03:00  WARN 4604 --- [order-service] [org.springframework.kafka.KafkaListenerEndpointContainer#3-0-C-1] org.apache.kafka.clients.NetworkClient   : [Consumer clientId=consumer-order-service-2, groupId=order-service] Connection to node -1 (localhost/127.0.0.1:9092) could not be established. Broker may not be available.
2026-01-09T20:07:36.164+03:00  WARN 4604 --- [order-service] [org.springframework.kafka.KafkaListenerEndpointContainer#3-0-C-1] org.apache.kafka.clients.NetworkClient   : [Consumer clientId=consumer-order-service-2, groupId=order-service] Bootstrap broker localhost:9092 (id: -1 rack: null) disconnected
2026-01-09T20:07:36.222+03:00  INFO 4604 --- [order-service] [org.springframework.kafka.KafkaListenerEndpointContainer#0-0-C-1] org.apache.kafka.clients.NetworkClient   : [Consumer clientId=consumer-order-service-3, groupId=order-service] Node -1 disconnected.
2026-01-09T20:07:36.223+03:00  WARN 4604 --- [order-service] [org.springframework.kafka.KafkaListenerEndpointContainer#0-0-C-1] org.apache.kafka.clients.NetworkClient   : [Consumer clientId=consumer-order-service-3, groupId=order-service] Connection to node -1 (localhost/127.0.0.1:9092) could not be established. Broker may not be available.
2026-01-09T20:07:36.223+03:00  WARN 4604 --- [order-service] [org.springframework.kafka.KafkaListenerEndpointContainer#0-0-C-1] org.apache.kafka.clients.NetworkClient   : [Consumer clientId=consumer-order-service-3, groupId=order-service] Bootstrap broker localhost:9092 (id: -1 rack: null) disconnected
2026-01-09T20:07:36.287+03:00  INFO 4604 --- [order-service] [org.springframework.kafka.KafkaListenerEndpointContainer#2-0-C-1] org.apache.kafka.clients.NetworkClient   : [Consumer clientId=consumer-order-service-1, groupId=order-service] Node -1 disconnected.
2026-01-09T20:07:36.287+03:00  WARN 4604 --- [order-service] [org.springframework.kafka.KafkaListenerEndpointContainer#2-0-C-1] org.apache.kafka.clients.NetworkClient   : [Consumer clientId=consumer-order-service-1, groupId=order-service] Connection to node -1 (localhost/127.0.0.1:9092) could not be established. Broker may not be available.
2026-01-09T20:07:36.287+03:00  WARN 4604 --- [order-service] [org.springframework.kafka.KafkaListenerEndpointContainer#2-0-C-1] org.apache.kafka.clients.NetworkClient   : [Consumer clientId=consumer-order-service-1, groupId=order-service] Bootstrap broker localhost:9092 (id: -1 rack: null) disconnected
2026-01-09T20:07:37.096+03:00  INFO 4604 --- [order-service] [org.springframework.kafka.KafkaListenerEndpointContainer#1-0-C-1] org.apache.kafka.clients.NetworkClient   : [Consumer clientId=consumer-order-service-4, groupId=order-service] Node -1 disconnected.
2026-01-09T20:07:37.097+03:00  WARN 4604 --- [order-service] [org.springframework.kafka.KafkaListenerEndpointContainer#1-0-C-1] org.apache.kafka.clients.NetworkClient   : [Consumer clientId=consumer-order-service-4, groupId=order-service] Connection to node -1 (localhost/127.0.0.1:9092) could not be established. Broker may not be available.
2026-01-09T20:07:37.097+03:00  WARN 4604 --- [order-service] [org.springframework.kafka.KafkaListenerEndpointContainer#1-0-C-1] org.apache.kafka.clients.NetworkClient   : [Consumer clientId=consumer-order-service-4, groupId=order-service] Bootstrap broker localhost:9092 (id: -1 rack: null) disconnected
2026-01-09T20:07:37.202+03:00  INFO 4604 --- [order-service] [org.springframework.kafka.KafkaListenerEndpointContainer#2-0-C-1] org.apache.kafka.clients.NetworkClient   : [Consumer clientId=consumer-order-service-1, groupId=order-service] Node -1 disconnected.
2026-01-09T20:07:37.203+03:00  WARN 4604 --- [order-service] [org.springframework.kafka.KafkaListenerEndpointContainer#2-0-C-1] org.apache.kafka.clients.NetworkClient   : [Consumer clientId=consumer-order-service-1, groupId=order-service] Connection to node -1 (localhost/127.0.0.1:9092) could not be established. Broker may not be available.
2026-01-09T20:07:37.203+03:00  WARN 4604 --- [order-service] [org.springframework.kafka.KafkaListenerEndpointContainer#2-0-C-1] org.apache.kafka.clients.NetworkClient   : [Consumer clientId=consumer-order-service-1, groupId=order-service] Bootstrap broker localhost:9092 (id: -1 rack: null) disconnected
2026-01-09T20:07:37.328+03:00  INFO 4604 --- [order-service] [org.springframework.kafka.KafkaListenerEndpointContainer#3-0-C-1] org.apache.kafka.clients.NetworkClient   : [Consumer clientId=consumer-order-service-2, groupId=order-service] Node -1 disconnected.
2026-01-09T20:07:37.329+03:00  WARN 4604 --- [order-service] [org.springframework.kafka.KafkaListenerEndpointContainer#3-0-C-1] org.apache.kafka.clients.NetworkClient   : [Consumer clientId=consumer-order-service-2, groupId=order-service] Connection to node -1 (localhost/127.0.0.1:9092) could not be established. Broker may not be available.
2026-01-09T20:07:37.329+03:00  WARN 4604 --- [order-service] [org.springframework.kafka.KafkaListenerEndpointContainer#3-0-C-1] org.apache.kafka.clients.NetworkClient   : [Consumer clientId=consumer-order-service-2, groupId=order-service] Bootstrap broker localhost:9092 (id: -1 rack: null) disconnected
2026-01-09T20:07:37.387+03:00  INFO 4604 --- [order-service] [org.springframework.kafka.KafkaListenerEndpointContainer#0-0-C-1] org.apache.kafka.clients.NetworkClient   : [Consumer clientId=consumer-order-service-3, groupId=order-service] Node -1 disconnected.
2026-01-09T20:07:37.387+03:00  WARN 4604 --- [order-service] [org.springframework.kafka.KafkaListenerEndpointContainer#0-0-C-1] org.apache.kafka.clients.NetworkClient   : [Consumer clientId=consumer-order-service-3, groupId=order-service] Connection to node -1 (localhost/127.0.0.1:9092) could not be established. Broker may not be available.
2026-01-09T20:07:37.387+03:00  WARN 4604 --- [order-service] [org.springframework.kafka.KafkaListenerEndpointContainer#0-0-C-1] org.apache.kafka.clients.NetworkClient   : [Consumer clientId=consumer-order-service-3, groupId=order-service] Bootstrap broker localhost:9092 (id: -1 rack: null) disconnected
2026-01-09T20:07:38.009+03:00  INFO 4604 --- [order-service] [org.springframework.kafka.KafkaListenerEndpointContainer#1-0-C-1] org.apache.kafka.clients.NetworkClient   : [Consumer clientId=consumer-order-service-4, groupId=order-service] Node -1 disconnected.
2026-01-09T20:07:38.009+03:00  WARN 4604 --- [order-service] [org.springframework.kafka.KafkaListenerEndpointContainer#1-0-C-1] org.apache.kafka.clients.NetworkClient   : [Consumer clientId=consumer-order-service-4, groupId=order-service] Connection to node -1 (localhost/127.0.0.1:9092) could not be established. Broker may not be available.
2026-01-09T20:07:38.009+03:00  WARN 4604 --- [order-service] [org.springframework.kafka.KafkaListenerEndpointContainer#1-0-C-1] org.apache.kafka.clients.NetworkClient   : [Consumer clientId=consumer-order-service-4, groupId=order-service] Bootstrap broker localhost:9092 (id: -1 rack: null) disconnected
2026-01-09T20:07:38.055+03:00  INFO 4604 --- [order-service] [org.springframework.kafka.KafkaListenerEndpointContainer#2-0-C-1] org.apache.kafka.clients.NetworkClient   : [Consumer clientId=consumer-order-service-1, groupId=order-service] Node -1 disconnected.
2026-01-09T20:07:38.055+03:00  WARN 4604 --- [order-service] [org.springframework.kafka.KafkaListenerEndpointContainer#2-0-C-1] org.apache.kafka.clients.NetworkClient   : [Consumer clientId=consumer-order-service-1, groupId=order-service] Connection to node -1 (localhost/127.0.0.1:9092) could not be established. Broker may not be available.
2026-01-09T20:07:38.055+03:00  WARN 4604 --- [order-service] [org.springframework.kafka.KafkaListenerEndpointContainer#2-0-C-1] org.apache.kafka.clients.NetworkClient   : [Consumer clientId=consumer-order-service-1, groupId=order-service] Bootstrap broker localhost:9092 (id: -1 rack: null) disconnected
2026-01-09T20:07:38.366+03:00  INFO 4604 --- [order-service] [org.springframework.kafka.KafkaListenerEndpointContainer#3-0-C-1] org.apache.kafka.clients.NetworkClient   : [Consumer clientId=consumer-order-service-2, groupId=order-service] Node -1 disconnected.
2026-01-09T20:07:38.366+03:00  WARN 4604 --- [order-service] [org.springframework.kafka.KafkaListenerEndpointContainer#3-0-C-1] org.apache.kafka.clients.NetworkClient   : [Consumer clientId=consumer-order-service-2, groupId=order-service] Connection to node -1 (localhost/127.0.0.1:9092) could not be established. Broker may not be available.
2026-01-09T20:07:38.366+03:00  WARN 4604 --- [order-service] [org.springframework.kafka.KafkaListenerEndpointContainer#3-0-C-1] org.apache.kafka.clients.NetworkClient   : [Consumer clientId=consumer-order-service-2, groupId=order-service] Bootstrap broker localhost:9092 (id: -1 rack: null) disconnected
2026-01-09T20:07:38.366+03:00  INFO 4604 --- [order-service] [org.springframework.kafka.KafkaListenerEndpointContainer#0-0-C-1] org.apache.kafka.clients.NetworkClient   : [Consumer clientId=consumer-order-service-3, groupId=order-service] Node -1 disconnected.
2026-01-09T20:07:38.367+03:00  WARN 4604 --- [order-service] [org.springframework.kafka.KafkaListenerEndpointContainer#0-0-C-1] org.apache.kafka.clients.NetworkClient   : [Consumer clientId=consumer-order-service-3, groupId=order-service] Connection to node -1 (localhost/127.0.0.1:9092) could not be established. Broker may not be available.
2026-01-09T20:07:38.367+03:00  WARN 4604 --- [order-service] [org.springframework.kafka.KafkaListenerEndpointContainer#0-0-C-1] org.apache.kafka.clients.NetworkClient   : [Consumer clientId=consumer-order-service-3, groupId=order-service] Bootstrap broker localhost:9092 (id: -1 rack: null) disconnected
2026-01-09T20:07:39.115+03:00  INFO 4604 --- [order-service] [org.springframework.kafka.KafkaListenerEndpointContainer#1-0-C-1] org.apache.kafka.clients.NetworkClient   : [Consumer clientId=consumer-order-service-4, groupId=order-service] Node -1 disconnected.
2026-01-09T20:07:39.115+03:00  WARN 4604 --- [order-service] [org.springframework.kafka.KafkaListenerEndpointContainer#1-0-C-1] org.apache.kafka.clients.NetworkClient   : [Consumer clientId=consumer-order-service-4, groupId=order-service] Connection to node -1 (localhost/127.0.0.1:9092) could not be established. Broker may not be available.
2026-01-09T20:07:39.115+03:00  WARN 4604 --- [order-service] [org.springframework.kafka.KafkaListenerEndpointContainer#1-0-C-1] org.apache.kafka.clients.NetworkClient   : [Consumer clientId=consumer-order-service-4, groupId=order-service] Bootstrap broker localhost:9092 (id: -1 rack: null) disconnected
2026-01-09T20:07:39.160+03:00  INFO 4604 --- [order-service] [org.springframework.kafka.KafkaListenerEndpointContainer#2-0-C-1] org.apache.kafka.clients.NetworkClient   : [Consumer clientId=consumer-order-service-1, groupId=order-service] Node -1 disconnected.
2026-01-09T20:07:39.160+03:00  WARN 4604 --- [order-service] [org.springframework.kafka.KafkaListenerEndpointContainer#2-0-C-1] org.apache.kafka.clients.NetworkClient   : [Consumer clientId=consumer-order-service-1, groupId=order-service] Connection to node -1 (localhost/127.0.0.1:9092) could not be established. Broker may not be available.
2026-01-09T20:07:39.160+03:00  WARN 4604 --- [order-service] [org.springframework.kafka.KafkaListenerEndpointContainer#2-0-C-1] org.apache.kafka.clients.NetworkClient   : [Consumer clientId=consumer-order-service-1, groupId=order-service] Bootstrap broker localhost:9092 (id: -1 rack: null) disconnected
2026-01-09T20:07:39.347+03:00  INFO 4604 --- [order-service] [org.springframework.kafka.KafkaListenerEndpointContainer#0-0-C-1] org.apache.kafka.clients.NetworkClient   : [Consumer clientId=consumer-order-service-3, groupId=order-service] Node -1 disconnected.
2026-01-09T20:07:39.347+03:00  WARN 4604 --- [order-service] [org.springframework.kafka.KafkaListenerEndpointContainer#0-0-C-1] org.apache.kafka.clients.NetworkClient   : [Consumer clientId=consumer-order-service-3, groupId=order-service] Connection to node -1 (localhost/127.0.0.1:9092) could not be established. Broker may not be available.
2026-01-09T20:07:39.347+03:00  WARN 4604 --- [order-service] [org.springframework.kafka.KafkaListenerEndpointContainer#0-0-C-1] org.apache.kafka.clients.NetworkClient   : [Consumer clientId=consumer-order-service-3, groupId=order-service] Bootstrap broker localhost:9092 (id: -1 rack: null) disconnected
2026-01-09T20:07:39.487+03:00  INFO 4604 --- [order-service] [org.springframework.kafka.KafkaListenerEndpointContainer#3-0-C-1] org.apache.kafka.clients.NetworkClient   : [Consumer clientId=consumer-order-service-2, groupId=order-service] Node -1 disconnected.
2026-01-09T20:07:39.487+03:00  WARN 4604 --- [order-service] [org.springframework.kafka.KafkaListenerEndpointContainer#3-0-C-1] org.apache.kafka.clients.NetworkClient   : [Consumer clientId=consumer-order-service-2, groupId=order-service] Connection to node -1 (localhost/127.0.0.1:9092) could not be established. Broker may not be available.
2026-01-09T20:07:39.487+03:00  WARN 4604 --- [order-service] [org.springframework.kafka.KafkaListenerEndpointContainer#3-0-C-1] org.apache.kafka.clients.NetworkClient   : [Consumer clientId=consumer-order-service-2, groupId=order-service] Bootstrap broker localhost:9092 (id: -1 rack: null) disconnected
2026-01-09T20:07:40.094+03:00  INFO 4604 --- [order-service] [org.springframework.kafka.KafkaListenerEndpointContainer#1-0-C-1] org.apache.kafka.clients.NetworkClient   : [Consumer clientId=consumer-order-service-4, groupId=order-service] Node -1 disconnected.
2026-01-09T20:07:40.095+03:00  WARN 4604 --- [order-service] [org.springframework.kafka.KafkaListenerEndpointContainer#1-0-C-1] org.apache.kafka.clients.NetworkClient   : [Consumer clientId=consumer-order-service-4, groupId=order-service] Connection to node -1 (localhost/127.0.0.1:9092) could not be established. Broker may not be available.
2026-01-09T20:07:40.095+03:00  WARN 4604 --- [order-service] [org.springframework.kafka.KafkaListenerEndpointContainer#1-0-C-1] org.apache.kafka.clients.NetworkClient   : [Consumer clientId=consumer-order-service-4, groupId=order-service] Bootstrap broker localhost:9092 (id: -1 rack: null) disconnected
2026-01-09T20:07:40.204+03:00  INFO 4604 --- [order-service] [org.springframework.kafka.KafkaListenerEndpointContainer#0-0-C-1] org.apache.kafka.clients.NetworkClient   : [Consumer clientId=consumer-order-service-3, groupId=order-service] Node -1 disconnected.
2026-01-09T20:07:40.204+03:00  WARN 4604 --- [order-service] [org.springframework.kafka.KafkaListenerEndpointContainer#0-0-C-1] org.apache.kafka.clients.NetworkClient   : [Consumer clientId=consumer-order-service-3, groupId=order-service] Connection to node -1 (localhost/127.0.0.1:9092) could not be established. Broker may not be available.
2026-01-09T20:07:40.204+03:00  WARN 4604 --- [order-service] [org.springframework.kafka.KafkaListenerEndpointContainer#0-0-C-1] org.apache.kafka.clients.NetworkClient   : [Consumer clientId=consumer-order-service-3, groupId=order-service] Bootstrap broker localhost:9092 (id: -1 rack: null) disconnected
2026-01-09T20:07:40.329+03:00  INFO 4604 --- [order-service] [org.springframework.kafka.KafkaListenerEndpointContainer#2-0-C-1] org.apache.kafka.clients.NetworkClient   : [Consumer clientId=consumer-order-service-1, groupId=order-service] Node -1 disconnected.
2026-01-09T20:07:40.330+03:00  WARN 4604 --- [order-service] [org.springframework.kafka.KafkaListenerEndpointContainer#2-0-C-1] org.apache.kafka.clients.NetworkClient   : [Consumer clientId=consumer-order-service-1, groupId=order-service] Connection to node -1 (localhost/127.0.0.1:9092) could not be established. Broker may not be available.
2026-01-09T20:07:40.330+03:00  WARN 4604 --- [order-service] [org.springframework.kafka.KafkaListenerEndpointContainer#2-0-C-1] org.apache.kafka.clients.NetworkClient   : [Consumer clientId=consumer-order-service-1, groupId=order-service] Bootstrap broker localhost:9092 (id: -1 rack: null) disconnected
2026-01-09T20:07:40.344+03:00  INFO 4604 --- [order-service] [org.springframework.kafka.KafkaListenerEndpointContainer#3-0-C-1] org.apache.kafka.clients.NetworkClient   : [Consumer clientId=consumer-order-service-2, groupId=order-service] Node -1 disconnected.
2026-01-09T20:07:40.345+03:00  WARN 4604 --- [order-service] [org.springframework.kafka.KafkaListenerEndpointContainer#3-0-C-1] org.apache.kafka.clients.NetworkClient   : [Consumer clientId=consumer-order-service-2, groupId=order-service] Connection to node -1 (localhost/127.0.0.1:9092) could not be established. Broker may not be available.
2026-01-09T20:07:40.345+03:00  WARN 4604 --- [order-service] [org.springframework.kafka.KafkaListenerEndpointContainer#3-0-C-1] org.apache.kafka.clients.NetworkClient   : [Consumer clientId=consumer-order-service-2, groupId=order-service] Bootstrap broker localhost:9092 (id: -1 rack: null) disconnected
2026-01-09T20:07:41.119+03:00  INFO 4604 --- [order-service] [org.springframework.kafka.KafkaListenerEndpointContainer#0-0-C-1] org.apache.kafka.clients.NetworkClient   : [Consumer clientId=consumer-order-service-3, groupId=order-service] Node -1 disconnected.
2026-01-09T20:07:41.119+03:00  WARN 4604 --- [order-service] [org.springframework.kafka.KafkaListenerEndpointContainer#0-0-C-1] org.apache.kafka.clients.NetworkClient   : [Consumer clientId=consumer-order-service-3, groupId=order-service] Connection to node -1 (localhost/127.0.0.1:9092) could not be established. Broker may not be available.
2026-01-09T20:07:41.119+03:00  WARN 4604 --- [order-service] [org.springframework.kafka.KafkaListenerEndpointContainer#0-0-C-1] org.apache.kafka.clients.NetworkClient   : [Consumer clientId=consumer-order-service-3, groupId=order-service] Bootstrap broker localhost:9092 (id: -1 rack: null) disconnected
2026-01-09T20:07:41.135+03:00  INFO 4604 --- [order-service] [org.springframework.kafka.KafkaListenerEndpointContainer#1-0-C-1] org.apache.kafka.clients.NetworkClient   : [Consumer clientId=consumer-order-service-4, groupId=order-service] Node -1 disconnected.
2026-01-09T20:07:41.136+03:00  WARN 4604 --- [order-service] [org.springframework.kafka.KafkaListenerEndpointContainer#1-0-C-1] org.apache.kafka.clients.NetworkClient   : [Consumer clientId=consumer-order-service-4, groupId=order-service] Connection to node -1 (localhost/127.0.0.1:9092) could not be established. Broker may not be available.
2026-01-09T20:07:41.136+03:00  WARN 4604 --- [order-service] [org.springframework.kafka.KafkaListenerEndpointContainer#1-0-C-1] org.apache.kafka.clients.NetworkClient   : [Consumer clientId=consumer-order-service-4, groupId=order-service] Bootstrap broker localhost:9092 (id: -1 rack: null) disconnected
2026-01-09T20:07:41.228+03:00  INFO 4604 --- [order-service] [org.springframework.kafka.KafkaListenerEndpointContainer#3-0-C-1] org.apache.kafka.clients.NetworkClient   : [Consumer clientId=consumer-order-service-2, groupId=order-service] Node -1 disconnected.
2026-01-09T20:07:41.228+03:00  WARN 4604 --- [order-service] [org.springframework.kafka.KafkaListenerEndpointContainer#3-0-C-1] org.apache.kafka.clients.NetworkClient   : [Consumer clientId=consumer-order-service-2, groupId=order-service] Connection to node -1 (localhost/127.0.0.1:9092) could not be established. Broker may not be available.
2026-01-09T20:07:41.228+03:00  WARN 4604 --- [order-service] [org.springframework.kafka.KafkaListenerEndpointContainer#3-0-C-1] org.apache.kafka.clients.NetworkClient   : [Consumer clientId=consumer-order-service-2, groupId=order-service] Bootstrap broker localhost:9092 (id: -1 rack: null) disconnected
2026-01-09T20:07:41.416+03:00  INFO 4604 --- [order-service] [org.springframework.kafka.KafkaListenerEndpointContainer#2-0-C-1] org.apache.kafka.clients.NetworkClient   : [Consumer clientId=consumer-order-service-1, groupId=order-service] Node -1 disconnected.
2026-01-09T20:07:41.416+03:00  WARN 4604 --- [order-service] [org.springframework.kafka.KafkaListenerEndpointContainer#2-0-C-1] org.apache.kafka.clients.NetworkClient   : [Consumer clientId=consumer-order-service-1, groupId=order-service] Connection to node -1 (localhost/127.0.0.1:9092) could not be established. Broker may not be available.
2026-01-09T20:07:41.416+03:00  WARN 4604 --- [order-service] [org.springframework.kafka.KafkaListenerEndpointContainer#2-0-C-1] org.apache.kafka.clients.NetworkClient   : [Consumer clientId=consumer-order-service-1, groupId=order-service] Bootstrap broker localhost:9092 (id: -1 rack: null) disconnected
2026-01-09T20:07:42.237+03:00  INFO 4604 --- [order-service] [org.springframework.kafka.KafkaListenerEndpointContainer#0-0-C-1] org.apache.kafka.clients.NetworkClient   : [Consumer clientId=consumer-order-service-3, groupId=order-service] Node -1 disconnected.
2026-01-09T20:07:42.237+03:00  WARN 4604 --- [order-service] [org.springframework.kafka.KafkaListenerEndpointContainer#0-0-C-1] org.apache.kafka.clients.NetworkClient   : [Consumer clientId=consumer-order-service-3, groupId=order-service] Connection to node -1 (localhost/127.0.0.1:9092) could not be established. Broker may not be available.
2026-01-09T20:07:42.237+03:00  WARN 4604 --- [order-service] [org.springframework.kafka.KafkaListenerEndpointContainer#0-0-C-1] org.apache.kafka.clients.NetworkClient   : [Consumer clientId=consumer-order-service-3, groupId=order-service] Bootstrap broker localhost:9092 (id: -1 rack: null) disconnected
2026-01-09T20:07:42.300+03:00  INFO 4604 --- [order-service] [org.springframework.kafka.KafkaListenerEndpointContainer#1-0-C-1] org.apache.kafka.clients.NetworkClient   : [Consumer clientId=consumer-order-service-4, groupId=order-service] Node -1 disconnected.
2026-01-09T20:07:42.300+03:00  WARN 4604 --- [order-service] [org.springframework.kafka.KafkaListenerEndpointContainer#1-0-C-1] org.apache.kafka.clients.NetworkClient   : [Consumer clientId=consumer-order-service-4, groupId=order-service] Connection to node -1 (localhost/127.0.0.1:9092) could not be established. Broker may not be available.
2026-01-09T20:07:42.300+03:00  WARN 4604 --- [order-service] [org.springframework.kafka.KafkaListenerEndpointContainer#1-0-C-1] org.apache.kafka.clients.NetworkClient   : [Consumer clientId=consumer-order-service-4, groupId=order-service] Bootstrap broker localhost:9092 (id: -1 rack: null) disconnected
2026-01-09T20:07:42.455+03:00  INFO 4604 --- [order-service] [org.springframework.kafka.KafkaListenerEndpointContainer#3-0-C-1] org.apache.kafka.clients.NetworkClient   : [Consumer clientId=consumer-order-service-2, groupId=order-service] Node -1 disconnected.
2026-01-09T20:07:42.455+03:00  WARN 4604 --- [order-service] [org.springframework.kafka.KafkaListenerEndpointContainer#3-0-C-1] org.apache.kafka.clients.NetworkClient   : [Consumer clientId=consumer-order-service-2, groupId=order-service] Connection to node -1 (localhost/127.0.0.1:9092) could not be established. Broker may not be available.
2026-01-09T20:07:42.455+03:00  WARN 4604 --- [order-service] [org.springframework.kafka.KafkaListenerEndpointContainer#3-0-C-1] org.apache.kafka.clients.NetworkClient   : [Consumer clientId=consumer-order-service-2, groupId=order-service] Bootstrap broker localhost:9092 (id: -1 rack: null) disconnected
2026-01-09T20:07:42.657+03:00  INFO 4604 --- [order-service] [org.springframework.kafka.KafkaListenerEndpointContainer#2-0-C-1] org.apache.kafka.clients.NetworkClient   : [Consumer clientId=consumer-order-service-1, groupId=order-service] Node -1 disconnected.
2026-01-09T20:07:42.657+03:00  WARN 4604 --- [order-service] [org.springframework.kafka.KafkaListenerEndpointContainer#2-0-C-1] org.apache.kafka.clients.NetworkClient   : [Consumer clientId=consumer-order-service-1, groupId=order-service] Connection to node -1 (localhost/127.0.0.1:9092) could not be established. Broker may not be available.
2026-01-09T20:07:42.657+03:00  WARN 4604 --- [order-service] [org.springframework.kafka.KafkaListenerEndpointContainer#2-0-C-1] org.apache.kafka.clients.NetworkClient   : [Consumer clientId=consumer-order-service-1, groupId=order-service] Bootstrap broker localhost:9092 (id: -1 rack: null) disconnected
2026-01-09T20:07:43.106+03:00  INFO 4604 --- [order-service] [org.springframework.kafka.KafkaListenerEndpointContainer#0-0-C-1] org.apache.kafka.clients.NetworkClient   : [Consumer clientId=consumer-order-service-3, groupId=order-service] Node -1 disconnected.
2026-01-09T20:07:43.107+03:00  WARN 4604 --- [order-service] [org.springframework.kafka.KafkaListenerEndpointContainer#0-0-C-1] org.apache.kafka.clients.NetworkClient   : [Consumer clientId=consumer-order-service-3, groupId=order-service] Connection to node -1 (localhost/127.0.0.1:9092) could not be established. Broker may not be available.
2026-01-09T20:07:43.107+03:00  WARN 4604 --- [order-service] [org.springframework.kafka.KafkaListenerEndpointContainer#0-0-C-1] org.apache.kafka.clients.NetworkClient   : [Consumer clientId=consumer-order-service-3, groupId=order-service] Bootstrap broker localhost:9092 (id: -1 rack: null) disconnected
2026-01-09T20:07:43.218+03:00  INFO 4604 --- [order-service] [org.springframework.kafka.KafkaListenerEndpointContainer#1-0-C-1] org.apache.kafka.clients.NetworkClient   : [Consumer clientId=consumer-order-service-4, groupId=order-service] Node -1 disconnected.
2026-01-09T20:07:43.218+03:00  WARN 4604 --- [order-service] [org.springframework.kafka.KafkaListenerEndpointContainer#1-0-C-1] org.apache.kafka.clients.NetworkClient   : [Consumer clientId=consumer-order-service-4, groupId=order-service] Connection to node -1 (localhost/127.0.0.1:9092) could not be established. Broker may not be available.
2026-01-09T20:07:43.219+03:00  WARN 4604 --- [order-service] [org.springframework.kafka.KafkaListenerEndpointContainer#1-0-C-1] org.apache.kafka.clients.NetworkClient   : [Consumer clientId=consumer-order-service-4, groupId=order-service] Bootstrap broker localhost:9092 (id: -1 rack: null) disconnected
2026-01-09T20:07:43.560+03:00  INFO 4604 --- [order-service] [org.springframework.kafka.KafkaListenerEndpointContainer#3-0-C-1] org.apache.kafka.clients.NetworkClient   : [Consumer clientId=consumer-order-service-2, groupId=order-service] Node -1 disconnected.
2026-01-09T20:07:43.561+03:00  WARN 4604 --- [order-service] [org.springframework.kafka.KafkaListenerEndpointContainer#3-0-C-1] org.apache.kafka.clients.NetworkClient   : [Consumer clientId=consumer-order-service-2, groupId=order-service] Connection to node -1 (localhost/127.0.0.1:9092) could not be established. Broker may not be available.
2026-01-09T20:07:43.561+03:00  WARN 4604 --- [order-service] [org.springframework.kafka.KafkaListenerEndpointContainer#3-0-C-1] org.apache.kafka.clients.NetworkClient   : [Consumer clientId=consumer-order-service-2, groupId=order-service] Bootstrap broker localhost:9092 (id: -1 rack: null) disconnected
2026-01-09T20:07:43.762+03:00  INFO 4604 --- [order-service] [org.springframework.kafka.KafkaListenerEndpointContainer#2-0-C-1] org.apache.kafka.clients.NetworkClient   : [Consumer clientId=consumer-order-service-1, groupId=order-service] Node -1 disconnected.
2026-01-09T20:07:43.762+03:00  WARN 4604 --- [order-service] [org.springframework.kafka.KafkaListenerEndpointContainer#2-0-C-1] org.apache.kafka.clients.NetworkClient   : [Consumer clientId=consumer-order-service-1, groupId=order-service] Connection to node -1 (localhost/127.0.0.1:9092) could not be established. Broker may not be available.
2026-01-09T20:07:43.762+03:00  WARN 4604 --- [order-service] [org.springframework.kafka.KafkaListenerEndpointContainer#2-0-C-1] org.apache.kafka.clients.NetworkClient   : [Consumer clientId=consumer-order-service-1, groupId=order-service] Bootstrap broker localhost:9092 (id: -1 rack: null) disconnected
2026-01-09T20:07:44.073+03:00  INFO 4604 --- [order-service] [org.springframework.kafka.KafkaListenerEndpointContainer#1-0-C-1] org.apache.kafka.clients.NetworkClient   : [Consumer clientId=consumer-order-service-4, groupId=order-service] Node -1 disconnected.
2026-01-09T20:07:44.073+03:00  WARN 4604 --- [order-service] [org.springframework.kafka.KafkaListenerEndpointContainer#1-0-C-1] org.apache.kafka.clients.NetworkClient   : [Consumer clientId=consumer-order-service-4, groupId=order-service] Connection to node -1 (localhost/127.0.0.1:9092) could not be established. Broker may not be available.
2026-01-09T20:07:44.073+03:00  WARN 4604 --- [order-service] [org.springframework.kafka.KafkaListenerEndpointContainer#1-0-C-1] org.apache.kafka.clients.NetworkClient   : [Consumer clientId=consumer-order-service-4, groupId=order-service] Bootstrap broker localhost:9092 (id: -1 rack: null) disconnected
2026-01-09T20:07:44.278+03:00  INFO 4604 --- [order-service] [org.springframework.kafka.KafkaListenerEndpointContainer#0-0-C-1] org.apache.kafka.clients.NetworkClient   : [Consumer clientId=consumer-order-service-3, groupId=order-service] Node -1 disconnected.
2026-01-09T20:07:44.279+03:00  WARN 4604 --- [order-service] [org.springframework.kafka.KafkaListenerEndpointContainer#0-0-C-1] org.apache.kafka.clients.NetworkClient   : [Consumer clientId=consumer-order-service-3, groupId=order-service] Connection to node -1 (localhost/127.0.0.1:9092) could not be established. Broker may not be available.
2026-01-09T20:07:44.279+03:00  WARN 4604 --- [order-service] [org.springframework.kafka.KafkaListenerEndpointContainer#0-0-C-1] org.apache.kafka.clients.NetworkClient   : [Consumer clientId=consumer-order-service-3, groupId=order-service] Bootstrap broker localhost:9092 (id: -1 rack: null) disconnected
2026-01-09T20:07:44.683+03:00  INFO 4604 --- [order-service] [org.springframework.kafka.KafkaListenerEndpointContainer#3-0-C-1] org.apache.kafka.clients.NetworkClient   : [Consumer clientId=consumer-order-service-2, groupId=order-service] Node -1 disconnected.
2026-01-09T20:07:44.683+03:00  WARN 4604 --- [order-service] [org.springframework.kafka.KafkaListenerEndpointContainer#3-0-C-1] org.apache.kafka.clients.NetworkClient   : [Consumer clientId=consumer-order-service-2, groupId=order-service] Connection to node -1 (localhost/127.0.0.1:9092) could not be established. Broker may not be available.
2026-01-09T20:07:44.684+03:00  WARN 4604 --- [order-service] [org.springframework.kafka.KafkaListenerEndpointContainer#3-0-C-1] org.apache.kafka.clients.NetworkClient   : [Consumer clientId=consumer-order-service-2, groupId=order-service] Bootstrap broker localhost:9092 (id: -1 rack: null) disconnected
2026-01-09T20:07:44.746+03:00  INFO 4604 --- [order-service] [org.springframework.kafka.KafkaListenerEndpointContainer#2-0-C-1] org.apache.kafka.clients.NetworkClient   : [Consumer clientId=consumer-order-service-1, groupId=order-service] Node -1 disconnected.
2026-01-09T20:07:44.746+03:00  WARN 4604 --- [order-service] [org.springframework.kafka.KafkaListenerEndpointContainer#2-0-C-1] org.apache.kafka.clients.NetworkClient   : [Consumer clientId=consumer-order-service-1, groupId=order-service] Connection to node -1 (localhost/127.0.0.1:9092) could not be established. Broker may not be available.
2026-01-09T20:07:44.746+03:00  WARN 4604 --- [order-service] [org.springframework.kafka.KafkaListenerEndpointContainer#2-0-C-1] org.apache.kafka.clients.NetworkClient   : [Consumer clientId=consumer-order-service-1, groupId=order-service] Bootstrap broker localhost:9092 (id: -1 rack: null) disconnected
2026-01-09T20:07:44.997+03:00  INFO 4604 --- [order-service] [org.springframework.kafka.KafkaListenerEndpointContainer#1-0-C-1] org.apache.kafka.clients.NetworkClient   : [Consumer clientId=consumer-order-service-4, groupId=order-service] Node -1 disconnected.
2026-01-09T20:07:44.997+03:00  WARN 4604 --- [order-service] [org.springframework.kafka.KafkaListenerEndpointContainer#1-0-C-1] org.apache.kafka.clients.NetworkClient   : [Consumer clientId=consumer-order-service-4, groupId=order-service] Connection to node -1 (localhost/127.0.0.1:9092) could not be established. Broker may not be available.
2026-01-09T20:07:44.997+03:00  WARN 4604 --- [order-service] [org.springframework.kafka.KafkaListenerEndpointContainer#1-0-C-1] org.apache.kafka.clients.NetworkClient   : [Consumer clientId=consumer-order-service-4, groupId=order-service] Bootstrap broker localhost:9092 (id: -1 rack: null) disconnected
2026-01-09T20:07:45.403+03:00  INFO 4604 --- [order-service] [org.springframework.kafka.KafkaListenerEndpointContainer#0-0-C-1] org.apache.kafka.clients.NetworkClient   : [Consumer clientId=consumer-order-service-3, groupId=order-service] Node -1 disconnected.
2026-01-09T20:07:45.403+03:00  WARN 4604 --- [order-service] [org.springframework.kafka.KafkaListenerEndpointContainer#0-0-C-1] org.apache.kafka.clients.NetworkClient   : [Consumer clientId=consumer-order-service-3, groupId=order-service] Connection to node -1 (localhost/127.0.0.1:9092) could not be established. Broker may not be available.
2026-01-09T20:07:45.403+03:00  WARN 4604 --- [order-service] [org.springframework.kafka.KafkaListenerEndpointContainer#0-0-C-1] org.apache.kafka.clients.NetworkClient   : [Consumer clientId=consumer-order-service-3, groupId=order-service] Bootstrap broker localhost:9092 (id: -1 rack: null) disconnected
2026-01-09T20:07:45.498+03:00  INFO 4604 --- [order-service] [org.springframework.kafka.KafkaListenerEndpointContainer#3-0-C-1] org.apache.kafka.clients.NetworkClient   : [Consumer clientId=consumer-order-service-2, groupId=order-service] Node -1 disconnected.
2026-01-09T20:07:45.499+03:00  WARN 4604 --- [order-service] [org.springframework.kafka.KafkaListenerEndpointContainer#3-0-C-1] org.apache.kafka.clients.NetworkClient   : [Consumer clientId=consumer-order-service-2, groupId=order-service] Connection to node -1 (localhost/127.0.0.1:9092) could not be established. Broker may not be available.
2026-01-09T20:07:45.499+03:00  WARN 4604 --- [order-service] [org.springframework.kafka.KafkaListenerEndpointContainer#3-0-C-1] org.apache.kafka.clients.NetworkClient   : [Consumer clientId=consumer-order-service-2, groupId=order-service] Bootstrap broker localhost:9092 (id: -1 rack: null) disconnected
2026-01-09T20:07:45.749+03:00  INFO 4604 --- [order-service] [org.springframework.kafka.KafkaListenerEndpointContainer#2-0-C-1] org.apache.kafka.clients.NetworkClient   : [Consumer clientId=consumer-order-service-1, groupId=order-service] Node -1 disconnected.
2026-01-09T20:07:45.749+03:00  WARN 4604 --- [order-service] [org.springframework.kafka.KafkaListenerEndpointContainer#2-0-C-1] org.apache.kafka.clients.NetworkClient   : [Consumer clientId=consumer-order-service-1, groupId=order-service] Connection to node -1 (localhost/127.0.0.1:9092) could not be established. Broker may not be available.
2026-01-09T20:07:45.749+03:00  WARN 4604 --- [order-service] [org.springframework.kafka.KafkaListenerEndpointContainer#2-0-C-1] org.apache.kafka.clients.NetworkClient   : [Consumer clientId=consumer-order-service-1, groupId=order-service] Bootstrap broker localhost:9092 (id: -1 rack: null) disconnected
2026-01-09T20:07:45.903+03:00  INFO 4604 --- [order-service] [org.springframework.kafka.KafkaListenerEndpointContainer#1-0-C-1] org.apache.kafka.clients.NetworkClient   : [Consumer clientId=consumer-order-service-4, groupId=order-service] Node -1 disconnected.
2026-01-09T20:07:45.903+03:00  WARN 4604 --- [order-service] [org.springframework.kafka.KafkaListenerEndpointContainer#1-0-C-1] org.apache.kafka.clients.NetworkClient   : [Consumer clientId=consumer-order-service-4, groupId=order-service] Connection to node -1 (localhost/127.0.0.1:9092) could not be established. Broker may not be available.
2026-01-09T20:07:45.904+03:00  WARN 4604 --- [order-service] [org.springframework.kafka.KafkaListenerEndpointContainer#1-0-C-1] org.apache.kafka.clients.NetworkClient   : [Consumer clientId=consumer-order-service-4, groupId=order-service] Bootstrap broker localhost:9092 (id: -1 rack: null) disconnected
2026-01-09T20:07:46.433+03:00  INFO 4604 --- [order-service] [org.springframework.kafka.KafkaListenerEndpointContainer#3-0-C-1] org.apache.kafka.clients.NetworkClient   : [Consumer clientId=consumer-order-service-2, groupId=order-service] Node -1 disconnected.
2026-01-09T20:07:46.434+03:00  WARN 4604 --- [order-service] [org.springframework.kafka.KafkaListenerEndpointContainer#3-0-C-1] org.apache.kafka.clients.NetworkClient   : [Consumer clientId=consumer-order-service-2, groupId=order-service] Connection to node -1 (localhost/127.0.0.1:9092) could not be established. Broker may not be available.
2026-01-09T20:07:46.434+03:00  WARN 4604 --- [order-service] [org.springframework.kafka.KafkaListenerEndpointContainer#3-0-C-1] org.apache.kafka.clients.NetworkClient   : [Consumer clientId=consumer-order-service-2, groupId=order-service] Bootstrap broker localhost:9092 (id: -1 rack: null) disconnected
2026-01-09T20:07:46.572+03:00  INFO 4604 --- [order-service] [org.springframework.kafka.KafkaListenerEndpointContainer#0-0-C-1] org.apache.kafka.clients.NetworkClient   : [Consumer clientId=consumer-order-service-3, groupId=order-service] Node -1 disconnected.
2026-01-09T20:07:46.572+03:00  WARN 4604 --- [order-service] [org.springframework.kafka.KafkaListenerEndpointContainer#0-0-C-1] org.apache.kafka.clients.NetworkClient   : [Consumer clientId=consumer-order-service-3, groupId=order-service] Connection to node -1 (localhost/127.0.0.1:9092) could not be established. Broker may not be available.
2026-01-09T20:07:46.572+03:00  WARN 4604 --- [order-service] [org.springframework.kafka.KafkaListenerEndpointContainer#0-0-C-1] org.apache.kafka.clients.NetworkClient   : [Consumer clientId=consumer-order-service-3, groupId=order-service] Bootstrap broker localhost:9092 (id: -1 rack: null) disconnected
2026-01-09T20:07:46.619+03:00  INFO 4604 --- [order-service] [org.springframework.kafka.KafkaListenerEndpointContainer#2-0-C-1] org.apache.kafka.clients.NetworkClient   : [Consumer clientId=consumer-order-service-1, groupId=order-service] Node -1 disconnected.
2026-01-09T20:07:46.619+03:00  WARN 4604 --- [order-service] [org.springframework.kafka.KafkaListenerEndpointContainer#2-0-C-1] org.apache.kafka.clients.NetworkClient   : [Consumer clientId=consumer-order-service-1, groupId=order-service] Connection to node -1 (localhost/127.0.0.1:9092) could not be established. Broker may not be available.
2026-01-09T20:07:46.619+03:00  WARN 4604 --- [order-service] [org.springframework.kafka.KafkaListenerEndpointContainer#2-0-C-1] org.apache.kafka.clients.NetworkClient   : [Consumer clientId=consumer-order-service-1, groupId=order-service] Bootstrap broker localhost:9092 (id: -1 rack: null) disconnected
2026-01-09T20:07:46.760+03:00  INFO 4604 --- [order-service] [org.springframework.kafka.KafkaListenerEndpointContainer#1-0-C-1] org.apache.kafka.clients.NetworkClient   : [Consumer clientId=consumer-order-service-4, groupId=order-service] Node -1 disconnected.
2026-01-09T20:07:46.760+03:00  WARN 4604 --- [order-service] [org.springframework.kafka.KafkaListenerEndpointContainer#1-0-C-1] org.apache.kafka.clients.NetworkClient   : [Consumer clientId=consumer-order-service-4, groupId=order-service] Connection to node -1 (localhost/127.0.0.1:9092) could not be established. Broker may not be available.
2026-01-09T20:07:46.760+03:00  WARN 4604 --- [order-service] [org.springframework.kafka.KafkaListenerEndpointContainer#1-0-C-1] org.apache.kafka.clients.NetworkClient   : [Consumer clientId=consumer-order-service-4, groupId=order-service] Bootstrap broker localhost:9092 (id: -1 rack: null) disconnected
2026-01-09T20:07:47.411+03:00  INFO 4604 --- [order-service] [org.springframework.kafka.KafkaListenerEndpointContainer#3-0-C-1] org.apache.kafka.clients.NetworkClient   : [Consumer clientId=consumer-order-service-2, groupId=order-service] Node -1 disconnected.
2026-01-09T20:07:47.411+03:00  WARN 4604 --- [order-service] [org.springframework.kafka.KafkaListenerEndpointContainer#3-0-C-1] org.apache.kafka.clients.NetworkClient   : [Consumer clientId=consumer-order-service-2, groupId=order-service] Connection to node -1 (localhost/127.0.0.1:9092) could not be established. Broker may not be available.
2026-01-09T20:07:47.411+03:00  WARN 4604 --- [order-service] [org.springframework.kafka.KafkaListenerEndpointContainer#3-0-C-1] org.apache.kafka.clients.NetworkClient   : [Consumer clientId=consumer-order-service-2, groupId=order-service] Bootstrap broker localhost:9092 (id: -1 rack: null) disconnected
2026-01-09T20:07:47.488+03:00  INFO 4604 --- [order-service] [org.springframework.kafka.KafkaListenerEndpointContainer#0-0-C-1] org.apache.kafka.clients.NetworkClient   : [Consumer clientId=consumer-order-service-3, groupId=order-service] Node -1 disconnected.
2026-01-09T20:07:47.490+03:00  WARN 4604 --- [order-service] [org.springframework.kafka.KafkaListenerEndpointContainer#0-0-C-1] org.apache.kafka.clients.NetworkClient   : [Consumer clientId=consumer-order-service-3, groupId=order-service] Connection to node -1 (localhost/127.0.0.1:9092) could not be established. Broker may not be available.
2026-01-09T20:07:47.490+03:00  WARN 4604 --- [order-service] [org.springframework.kafka.KafkaListenerEndpointContainer#0-0-C-1] org.apache.kafka.clients.NetworkClient   : [Consumer clientId=consumer-order-service-3, groupId=order-service] Bootstrap broker localhost:9092 (id: -1 rack: null) disconnected
2026-01-09T20:07:47.782+03:00  INFO 4604 --- [order-service] [org.springframework.kafka.KafkaListenerEndpointContainer#2-0-C-1] org.apache.kafka.clients.NetworkClient   : [Consumer clientId=consumer-order-service-1, groupId=order-service] Node -1 disconnected.
2026-01-09T20:07:47.782+03:00  WARN 4604 --- [order-service] [org.springframework.kafka.KafkaListenerEndpointContainer#2-0-C-1] org.apache.kafka.clients.NetworkClient   : [Consumer clientId=consumer-order-service-1, groupId=order-service] Connection to node -1 (localhost/127.0.0.1:9092) could not be established. Broker may not be available.
2026-01-09T20:07:47.782+03:00  WARN 4604 --- [order-service] [org.springframework.kafka.KafkaListenerEndpointContainer#2-0-C-1] org.apache.kafka.clients.NetworkClient   : [Consumer clientId=consumer-order-service-1, groupId=order-service] Bootstrap broker localhost:9092 (id: -1 rack: null) disconnected
2026-01-09T20:07:47.859+03:00  INFO 4604 --- [order-service] [org.springframework.kafka.KafkaListenerEndpointContainer#1-0-C-1] org.apache.kafka.clients.NetworkClient   : [Consumer clientId=consumer-order-service-4, groupId=order-service] Node -1 disconnected.
2026-01-09T20:07:47.861+03:00  WARN 4604 --- [order-service] [org.springframework.kafka.KafkaListenerEndpointContainer#1-0-C-1] org.apache.kafka.clients.NetworkClient   : [Consumer clientId=consumer-order-service-4, groupId=order-service] Connection to node -1 (localhost/127.0.0.1:9092) could not be established. Broker may not be available.
2026-01-09T20:07:47.861+03:00  WARN 4604 --- [order-service] [org.springframework.kafka.KafkaListenerEndpointContainer#1-0-C-1] org.apache.kafka.clients.NetworkClient   : [Consumer clientId=consumer-order-service-4, groupId=order-service] Bootstrap broker localhost:9092 (id: -1 rack: null) disconnected
2026-01-09T20:07:48.265+03:00  INFO 4604 --- [order-service] [org.springframework.kafka.KafkaListenerEndpointContainer#3-0-C-1] org.apache.kafka.clients.NetworkClient   : [Consumer clientId=consumer-order-service-2, groupId=order-service] Node -1 disconnected.
2026-01-09T20:07:48.265+03:00  WARN 4604 --- [order-service] [org.springframework.kafka.KafkaListenerEndpointContainer#3-0-C-1] org.apache.kafka.clients.NetworkClient   : [Consumer clientId=consumer-order-service-2, groupId=order-service] Connection to node -1 (localhost/127.0.0.1:9092) could not be established. Broker may not be available.
2026-01-09T20:07:48.265+03:00  WARN 4604 --- [order-service] [org.springframework.kafka.KafkaListenerEndpointContainer#3-0-C-1] org.apache.kafka.clients.NetworkClient   : [Consumer clientId=consumer-order-service-2, groupId=order-service] Bootstrap broker localhost:9092 (id: -1 rack: null) disconnected
2026-01-09T20:07:48.658+03:00  INFO 4604 --- [order-service] [org.springframework.kafka.KafkaListenerEndpointContainer#0-0-C-1] org.apache.kafka.clients.NetworkClient   : [Consumer clientId=consumer-order-service-3, groupId=order-service] Node -1 disconnected.
2026-01-09T20:07:48.658+03:00  WARN 4604 --- [order-service] [org.springframework.kafka.KafkaListenerEndpointContainer#0-0-C-1] org.apache.kafka.clients.NetworkClient   : [Consumer clientId=consumer-order-service-3, groupId=order-service] Connection to node -1 (localhost/127.0.0.1:9092) could not be established. Broker may not be available.
2026-01-09T20:07:48.658+03:00  WARN 4604 --- [order-service] [org.springframework.kafka.KafkaListenerEndpointContainer#0-0-C-1] org.apache.kafka.clients.NetworkClient   : [Consumer clientId=consumer-order-service-3, groupId=order-service] Bootstrap broker localhost:9092 (id: -1 rack: null) disconnected
2026-01-09T20:07:48.706+03:00  INFO 4604 --- [order-service] [org.springframework.kafka.KafkaListenerEndpointContainer#2-0-C-1] org.apache.kafka.clients.NetworkClient   : [Consumer clientId=consumer-order-service-1, groupId=order-service] Node -1 disconnected.
2026-01-09T20:07:48.706+03:00  WARN 4604 --- [order-service] [org.springframework.kafka.KafkaListenerEndpointContainer#2-0-C-1] org.apache.kafka.clients.NetworkClient   : [Consumer clientId=consumer-order-service-1, groupId=order-service] Connection to node -1 (localhost/127.0.0.1:9092) could not be established. Broker may not be available.
2026-01-09T20:07:48.706+03:00  WARN 4604 --- [order-service] [org.springframework.kafka.KafkaListenerEndpointContainer#2-0-C-1] org.apache.kafka.clients.NetworkClient   : [Consumer clientId=consumer-order-service-1, groupId=order-service] Bootstrap broker localhost:9092 (id: -1 rack: null) disconnected
2026-01-09T20:07:48.984+03:00  INFO 4604 --- [order-service] [org.springframework.kafka.KafkaListenerEndpointContainer#1-0-C-1] org.apache.kafka.clients.NetworkClient   : [Consumer clientId=consumer-order-service-4, groupId=order-service] Node -1 disconnected.
2026-01-09T20:07:48.984+03:00  WARN 4604 --- [order-service] [org.springframework.kafka.KafkaListenerEndpointContainer#1-0-C-1] org.apache.kafka.clients.NetworkClient   : [Consumer clientId=consumer-order-service-4, groupId=order-service] Connection to node -1 (localhost/127.0.0.1:9092) could not be established. Broker may not be available.
2026-01-09T20:07:48.984+03:00  WARN 4604 --- [order-service] [org.springframework.kafka.KafkaListenerEndpointContainer#1-0-C-1] org.apache.kafka.clients.NetworkClient   : [Consumer clientId=consumer-order-service-4, groupId=order-service] Bootstrap broker localhost:9092 (id: -1 rack: null) disconnected
2026-01-09T20:07:49.436+03:00  INFO 4604 --- [order-service] [org.springframework.kafka.KafkaListenerEndpointContainer#3-0-C-1] org.apache.kafka.clients.NetworkClient   : [Consumer clientId=consumer-order-service-2, groupId=order-service] Node -1 disconnected.
2026-01-09T20:07:49.436+03:00  WARN 4604 --- [order-service] [org.springframework.kafka.KafkaListenerEndpointContainer#3-0-C-1] org.apache.kafka.clients.NetworkClient   : [Consumer clientId=consumer-order-service-2, groupId=order-service] Connection to node -1 (localhost/127.0.0.1:9092) could not be established. Broker may not be available.
2026-01-09T20:07:49.436+03:00  WARN 4604 --- [order-service] [org.springframework.kafka.KafkaListenerEndpointContainer#3-0-C-1] org.apache.kafka.clients.NetworkClient   : [Consumer clientId=consumer-order-service-2, groupId=order-service] Bootstrap broker localhost:9092 (id: -1 rack: null) disconnected
2026-01-09T20:07:49.701+03:00  INFO 4604 --- [order-service] [org.springframework.kafka.KafkaListenerEndpointContainer#0-0-C-1] org.apache.kafka.clients.NetworkClient   : [Consumer clientId=consumer-order-service-3, groupId=order-service] Node -1 disconnected.
2026-01-09T20:07:49.702+03:00  WARN 4604 --- [order-service] [org.springframework.kafka.KafkaListenerEndpointContainer#0-0-C-1] org.apache.kafka.clients.NetworkClient   : [Consumer clientId=consumer-order-service-3, groupId=order-service] Connection to node -1 (localhost/127.0.0.1:9092) could not be established. Broker may not be available.
2026-01-09T20:07:49.702+03:00  WARN 4604 --- [order-service] [org.springframework.kafka.KafkaListenerEndpointContainer#0-0-C-1] org.apache.kafka.clients.NetworkClient   : [Consumer clientId=consumer-order-service-3, groupId=order-service] Bootstrap broker localhost:9092 (id: -1 rack: null) disconnected
2026-01-09T20:07:49.763+03:00  INFO 4604 --- [order-service] [org.springframework.kafka.KafkaListenerEndpointContainer#2-0-C-1] org.apache.kafka.clients.NetworkClient   : [Consumer clientId=consumer-order-service-1, groupId=order-service] Node -1 disconnected.
2026-01-09T20:07:49.764+03:00  WARN 4604 --- [order-service] [org.springframework.kafka.KafkaListenerEndpointContainer#2-0-C-1] org.apache.kafka.clients.NetworkClient   : [Consumer clientId=consumer-order-service-1, groupId=order-service] Connection to node -1 (localhost/127.0.0.1:9092) could not be established. Broker may not be available.
2026-01-09T20:07:49.764+03:00  WARN 4604 --- [order-service] [org.springframework.kafka.KafkaListenerEndpointContainer#2-0-C-1] org.apache.kafka.clients.NetworkClient   : [Consumer clientId=consumer-order-service-1, groupId=order-service] Bootstrap broker localhost:9092 (id: -1 rack: null) disconnected
2026-01-09T20:07:50.164+03:00  INFO 4604 --- [order-service] [org.springframework.kafka.KafkaListenerEndpointContainer#1-0-C-1] org.apache.kafka.clients.NetworkClient   : [Consumer clientId=consumer-order-service-4, groupId=order-service] Node -1 disconnected.
2026-01-09T20:07:50.164+03:00  WARN 4604 --- [order-service] [org.springframework.kafka.KafkaListenerEndpointContainer#1-0-C-1] org.apache.kafka.clients.NetworkClient   : [Consumer clientId=consumer-order-service-4, groupId=order-service] Connection to node -1 (localhost/127.0.0.1:9092) could not be established. Broker may not be available.
2026-01-09T20:07:50.164+03:00  WARN 4604 --- [order-service] [org.springframework.kafka.KafkaListenerEndpointContainer#1-0-C-1] org.apache.kafka.clients.NetworkClient   : [Consumer clientId=consumer-order-service-4, groupId=order-service] Bootstrap broker localhost:9092 (id: -1 rack: null) disconnected
2026-01-09T20:07:50.570+03:00  INFO 4604 --- [order-service] [org.springframework.kafka.KafkaListenerEndpointContainer#3-0-C-1] org.apache.kafka.clients.NetworkClient   : [Consumer clientId=consumer-order-service-2, groupId=order-service] Node -1 disconnected.
2026-01-09T20:07:50.570+03:00  WARN 4604 --- [order-service] [org.springframework.kafka.KafkaListenerEndpointContainer#3-0-C-1] org.apache.kafka.clients.NetworkClient   : [Consumer clientId=consumer-order-service-2, groupId=order-service] Connection to node -1 (localhost/127.0.0.1:9092) could not be established. Broker may not be available.
2026-01-09T20:07:50.570+03:00  WARN 4604 --- [order-service] [org.springframework.kafka.KafkaListenerEndpointContainer#3-0-C-1] org.apache.kafka.clients.NetworkClient   : [Consumer clientId=consumer-order-service-2, groupId=order-service] Bootstrap broker localhost:9092 (id: -1 rack: null) disconnected
2026-01-09T20:07:50.696+03:00  INFO 4604 --- [order-service] [org.springframework.kafka.KafkaListenerEndpointContainer#0-0-C-1] org.apache.kafka.clients.NetworkClient   : [Consumer clientId=consumer-order-service-3, groupId=order-service] Node -1 disconnected.
2026-01-09T20:07:50.696+03:00  WARN 4604 --- [order-service] [org.springframework.kafka.KafkaListenerEndpointContainer#0-0-C-1] org.apache.kafka.clients.NetworkClient   : [Consumer clientId=consumer-order-service-3, groupId=order-service] Connection to node -1 (localhost/127.0.0.1:9092) could not be established. Broker may not be available.
2026-01-09T20:07:50.696+03:00  WARN 4604 --- [order-service] [org.springframework.kafka.KafkaListenerEndpointContainer#0-0-C-1] org.apache.kafka.clients.NetworkClient   : [Consumer clientId=consumer-order-service-3, groupId=order-service] Bootstrap broker localhost:9092 (id: -1 rack: null) disconnected
2026-01-09T20:07:50.835+03:00  INFO 4604 --- [order-service] [org.springframework.kafka.KafkaListenerEndpointContainer#2-0-C-1] org.apache.kafka.clients.NetworkClient   : [Consumer clientId=consumer-order-service-1, groupId=order-service] Node -1 disconnected.
2026-01-09T20:07:50.836+03:00  WARN 4604 --- [order-service] [org.springframework.kafka.KafkaListenerEndpointContainer#2-0-C-1] org.apache.kafka.clients.NetworkClient   : [Consumer clientId=consumer-order-service-1, groupId=order-service] Connection to node -1 (localhost/127.0.0.1:9092) could not be established. Broker may not be available.
2026-01-09T20:07:50.836+03:00  WARN 4604 --- [order-service] [org.springframework.kafka.KafkaListenerEndpointContainer#2-0-C-1] org.apache.kafka.clients.NetworkClient   : [Consumer clientId=consumer-order-service-1, groupId=order-service] Bootstrap broker localhost:9092 (id: -1 rack: null) disconnected
2026-01-09T20:07:51.209+03:00  INFO 4604 --- [order-service] [org.springframework.kafka.KafkaListenerEndpointContainer#1-0-C-1] org.apache.kafka.clients.NetworkClient   : [Consumer clientId=consumer-order-service-4, groupId=order-service] Node -1 disconnected.
2026-01-09T20:07:51.209+03:00  WARN 4604 --- [order-service] [org.springframework.kafka.KafkaListenerEndpointContainer#1-0-C-1] org.apache.kafka.clients.NetworkClient   : [Consumer clientId=consumer-order-service-4, groupId=order-service] Connection to node -1 (localhost/127.0.0.1:9092) could not be established. Broker may not be available.
2026-01-09T20:07:51.209+03:00  WARN 4604 --- [order-service] [org.springframework.kafka.KafkaListenerEndpointContainer#1-0-C-1] org.apache.kafka.clients.NetworkClient   : [Consumer clientId=consumer-order-service-4, groupId=order-service] Bootstrap broker localhost:9092 (id: -1 rack: null) disconnected
2026-01-09T20:07:51.426+03:00  INFO 4604 --- [order-service] [org.springframework.kafka.KafkaListenerEndpointContainer#3-0-C-1] org.apache.kafka.clients.NetworkClient   : [Consumer clientId=consumer-order-service-2, groupId=order-service] Node -1 disconnected.
2026-01-09T20:07:51.427+03:00  WARN 4604 --- [order-service] [org.springframework.kafka.KafkaListenerEndpointContainer#3-0-C-1] org.apache.kafka.clients.NetworkClient   : [Consumer clientId=consumer-order-service-2, groupId=order-service] Connection to node -1 (localhost/127.0.0.1:9092) could not be established. Broker may not be available.
2026-01-09T20:07:51.427+03:00  WARN 4604 --- [order-service] [org.springframework.kafka.KafkaListenerEndpointContainer#3-0-C-1] org.apache.kafka.clients.NetworkClient   : [Consumer clientId=consumer-order-service-2, groupId=order-service] Bootstrap broker localhost:9092 (id: -1 rack: null) disconnected
2026-01-09T20:07:51.830+03:00  INFO 4604 --- [order-service] [org.springframework.kafka.KafkaListenerEndpointContainer#2-0-C-1] org.apache.kafka.clients.NetworkClient   : [Consumer clientId=consumer-order-service-1, groupId=order-service] Node -1 disconnected.
2026-01-09T20:07:51.830+03:00  WARN 4604 --- [order-service] [org.springframework.kafka.KafkaListenerEndpointContainer#2-0-C-1] org.apache.kafka.clients.NetworkClient   : [Consumer clientId=consumer-order-service-1, groupId=order-service] Connection to node -1 (localhost/127.0.0.1:9092) could not be established. Broker may not be available.
2026-01-09T20:07:51.830+03:00  WARN 4604 --- [order-service] [org.springframework.kafka.KafkaListenerEndpointContainer#2-0-C-1] org.apache.kafka.clients.NetworkClient   : [Consumer clientId=consumer-order-service-1, groupId=order-service] Bootstrap broker localhost:9092 (id: -1 rack: null) disconnected
2026-01-09T20:07:51.925+03:00  INFO 4604 --- [order-service] [org.springframework.kafka.KafkaListenerEndpointContainer#0-0-C-1] org.apache.kafka.clients.NetworkClient   : [Consumer clientId=consumer-order-service-3, groupId=order-service] Node -1 disconnected.
2026-01-09T20:07:51.925+03:00  WARN 4604 --- [order-service] [org.springframework.kafka.KafkaListenerEndpointContainer#0-0-C-1] org.apache.kafka.clients.NetworkClient   : [Consumer clientId=consumer-order-service-3, groupId=order-service] Connection to node -1 (localhost/127.0.0.1:9092) could not be established. Broker may not be available.
2026-01-09T20:07:51.925+03:00  WARN 4604 --- [order-service] [org.springframework.kafka.KafkaListenerEndpointContainer#0-0-C-1] org.apache.kafka.clients.NetworkClient   : [Consumer clientId=consumer-order-service-3, groupId=order-service] Bootstrap broker localhost:9092 (id: -1 rack: null) disconnected
2026-01-09T20:07:52.126+03:00  INFO 4604 --- [order-service] [org.springframework.kafka.KafkaListenerEndpointContainer#1-0-C-1] org.apache.kafka.clients.NetworkClient   : [Consumer clientId=consumer-order-service-4, groupId=order-service] Node -1 disconnected.
2026-01-09T20:07:52.126+03:00  WARN 4604 --- [order-service] [org.springframework.kafka.KafkaListenerEndpointContainer#1-0-C-1] org.apache.kafka.clients.NetworkClient   : [Consumer clientId=consumer-order-service-4, groupId=order-service] Connection to node -1 (localhost/127.0.0.1:9092) could not be established. Broker may not be available.
2026-01-09T20:07:52.126+03:00  WARN 4604 --- [order-service] [org.springframework.kafka.KafkaListenerEndpointContainer#1-0-C-1] org.apache.kafka.clients.NetworkClient   : [Consumer clientId=consumer-order-service-4, groupId=order-service] Bootstrap broker localhost:9092 (id: -1 rack: null) disconnected
2026-01-09T20:07:52.360+03:00  INFO 4604 --- [order-service] [org.springframework.kafka.KafkaListenerEndpointContainer#3-0-C-1] org.apache.kafka.clients.NetworkClient   : [Consumer clientId=consumer-order-service-2, groupId=order-service] Node -1 disconnected.
2026-01-09T20:07:52.360+03:00  WARN 4604 --- [order-service] [org.springframework.kafka.KafkaListenerEndpointContainer#3-0-C-1] org.apache.kafka.clients.NetworkClient   : [Consumer clientId=consumer-order-service-2, groupId=order-service] Connection to node -1 (localhost/127.0.0.1:9092) could not be established. Broker may not be available.
2026-01-09T20:07:52.360+03:00  WARN 4604 --- [order-service] [org.springframework.kafka.KafkaListenerEndpointContainer#3-0-C-1] org.apache.kafka.clients.NetworkClient   : [Consumer clientId=consumer-order-service-2, groupId=order-service] Bootstrap broker localhost:9092 (id: -1 rack: null) disconnected
2026-01-09T20:07:52.752+03:00  INFO 4604 --- [order-service] [org.springframework.kafka.KafkaListenerEndpointContainer#2-0-C-1] org.apache.kafka.clients.NetworkClient   : [Consumer clientId=consumer-order-service-1, groupId=order-service] Node -1 disconnected.
2026-01-09T20:07:52.753+03:00  WARN 4604 --- [order-service] [org.springframework.kafka.KafkaListenerEndpointContainer#2-0-C-1] org.apache.kafka.clients.NetworkClient   : [Consumer clientId=consumer-order-service-1, groupId=order-service] Connection to node -1 (localhost/127.0.0.1:9092) could not be established. Broker may not be available.
2026-01-09T20:07:52.753+03:00  WARN 4604 --- [order-service] [org.springframework.kafka.KafkaListenerEndpointContainer#2-0-C-1] org.apache.kafka.clients.NetworkClient   : [Consumer clientId=consumer-order-service-1, groupId=order-service] Bootstrap broker localhost:9092 (id: -1 rack: null) disconnected
2026-01-09T20:07:52.922+03:00  INFO 4604 --- [order-service] [org.springframework.kafka.KafkaListenerEndpointContainer#0-0-C-1] org.apache.kafka.clients.NetworkClient   : [Consumer clientId=consumer-order-service-3, groupId=order-service] Node -1 disconnected.
2026-01-09T20:07:52.922+03:00  WARN 4604 --- [order-service] [org.springframework.kafka.KafkaListenerEndpointContainer#0-0-C-1] org.apache.kafka.clients.NetworkClient   : [Consumer clientId=consumer-order-service-3, groupId=order-service] Connection to node -1 (localhost/127.0.0.1:9092) could not be established. Broker may not be available.
2026-01-09T20:07:52.922+03:00  WARN 4604 --- [order-service] [org.springframework.kafka.KafkaListenerEndpointContainer#0-0-C-1] org.apache.kafka.clients.NetworkClient   : [Consumer clientId=consumer-order-service-3, groupId=order-service] Bootstrap broker localhost:9092 (id: -1 rack: null) disconnected
2026-01-09T20:07:52.985+03:00  INFO 4604 --- [order-service] [org.springframework.kafka.KafkaListenerEndpointContainer#1-0-C-1] org.apache.kafka.clients.NetworkClient   : [Consumer clientId=consumer-order-service-4, groupId=order-service] Node -1 disconnected.
2026-01-09T20:07:52.985+03:00  WARN 4604 --- [order-service] [org.springframework.kafka.KafkaListenerEndpointContainer#1-0-C-1] org.apache.kafka.clients.NetworkClient   : [Consumer clientId=consumer-order-service-4, groupId=order-service] Connection to node -1 (localhost/127.0.0.1:9092) could not be established. Broker may not be available.
2026-01-09T20:07:52.985+03:00  WARN 4604 --- [order-service] [org.springframework.kafka.KafkaListenerEndpointContainer#1-0-C-1] org.apache.kafka.clients.NetworkClient   : [Consumer clientId=consumer-order-service-4, groupId=order-service] Bootstrap broker localhost:9092 (id: -1 rack: null) disconnected
2026-01-09T20:07:53.590+03:00  INFO 4604 --- [order-service] [org.springframework.kafka.KafkaListenerEndpointContainer#3-0-C-1] org.apache.kafka.clients.NetworkClient   : [Consumer clientId=consumer-order-service-2, groupId=order-service] Node -1 disconnected.
2026-01-09T20:07:53.590+03:00  WARN 4604 --- [order-service] [org.springframework.kafka.KafkaListenerEndpointContainer#3-0-C-1] org.apache.kafka.clients.NetworkClient   : [Consumer clientId=consumer-order-service-2, groupId=order-service] Connection to node -1 (localhost/127.0.0.1:9092) could not be established. Broker may not be available.
2026-01-09T20:07:53.590+03:00  WARN 4604 --- [order-service] [org.springframework.kafka.KafkaListenerEndpointContainer#3-0-C-1] org.apache.kafka.clients.NetworkClient   : [Consumer clientId=consumer-order-service-2, groupId=order-service] Bootstrap broker localhost:9092 (id: -1 rack: null) disconnected
2026-01-09T20:07:53.621+03:00  INFO 4604 --- [order-service] [org.springframework.kafka.KafkaListenerEndpointContainer#2-0-C-1] org.apache.kafka.clients.NetworkClient   : [Consumer clientId=consumer-order-service-1, groupId=order-service] Node -1 disconnected.
2026-01-09T20:07:53.621+03:00  WARN 4604 --- [order-service] [org.springframework.kafka.KafkaListenerEndpointContainer#2-0-C-1] org.apache.kafka.clients.NetworkClient   : [Consumer clientId=consumer-order-service-1, groupId=order-service] Connection to node -1 (localhost/127.0.0.1:9092) could not be established. Broker may not be available.
2026-01-09T20:07:53.621+03:00  WARN 4604 --- [order-service] [org.springframework.kafka.KafkaListenerEndpointContainer#2-0-C-1] org.apache.kafka.clients.NetworkClient   : [Consumer clientId=consumer-order-service-1, groupId=order-service] Bootstrap broker localhost:9092 (id: -1 rack: null) disconnected
2026-01-09T20:07:53.964+03:00  INFO 4604 --- [order-service] [org.springframework.kafka.KafkaListenerEndpointContainer#0-0-C-1] org.apache.kafka.clients.NetworkClient   : [Consumer clientId=consumer-order-service-3, groupId=order-service] Node -1 disconnected.
2026-01-09T20:07:53.964+03:00  WARN 4604 --- [order-service] [org.springframework.kafka.KafkaListenerEndpointContainer#0-0-C-1] org.apache.kafka.clients.NetworkClient   : [Consumer clientId=consumer-order-service-3, groupId=order-service] Connection to node -1 (localhost/127.0.0.1:9092) could not be established. Broker may not be available.
2026-01-09T20:07:53.964+03:00  WARN 4604 --- [order-service] [org.springframework.kafka.KafkaListenerEndpointContainer#0-0-C-1] org.apache.kafka.clients.NetworkClient   : [Consumer clientId=consumer-order-service-3, groupId=order-service] Bootstrap broker localhost:9092 (id: -1 rack: null) disconnected
2026-01-09T20:07:53.964+03:00  INFO 4604 --- [order-service] [org.springframework.kafka.KafkaListenerEndpointContainer#1-0-C-1] org.apache.kafka.clients.NetworkClient   : [Consumer clientId=consumer-order-service-4, groupId=order-service] Node -1 disconnected.
2026-01-09T20:07:53.964+03:00  WARN 4604 --- [order-service] [org.springframework.kafka.KafkaListenerEndpointContainer#1-0-C-1] org.apache.kafka.clients.NetworkClient   : [Consumer clientId=consumer-order-service-4, groupId=order-service] Connection to node -1 (localhost/127.0.0.1:9092) could not be established. Broker may not be available.
2026-01-09T20:07:53.964+03:00  WARN 4604 --- [order-service] [org.springframework.kafka.KafkaListenerEndpointContainer#1-0-C-1] org.apache.kafka.clients.NetworkClient   : [Consumer clientId=consumer-order-service-4, groupId=order-service] Bootstrap broker localhost:9092 (id: -1 rack: null) disconnected
2026-01-09T20:07:54.540+03:00  INFO 4604 --- [order-service] [org.springframework.kafka.KafkaListenerEndpointContainer#2-0-C-1] org.apache.kafka.clients.NetworkClient   : [Consumer clientId=consumer-order-service-1, groupId=order-service] Node -1 disconnected.
2026-01-09T20:07:54.540+03:00  WARN 4604 --- [order-service] [org.springframework.kafka.KafkaListenerEndpointContainer#2-0-C-1] org.apache.kafka.clients.NetworkClient   : [Consumer clientId=consumer-order-service-1, groupId=order-service] Connection to node -1 (localhost/127.0.0.1:9092) could not be established. Broker may not be available.
2026-01-09T20:07:54.540+03:00  WARN 4604 --- [order-service] [org.springframework.kafka.KafkaListenerEndpointContainer#2-0-C-1] org.apache.kafka.clients.NetworkClient   : [Consumer clientId=consumer-order-service-1, groupId=order-service] Bootstrap broker localhost:9092 (id: -1 rack: null) disconnected
2026-01-09T20:07:54.697+03:00  INFO 4604 --- [order-service] [org.springframework.kafka.KafkaListenerEndpointContainer#3-0-C-1] org.apache.kafka.clients.NetworkClient   : [Consumer clientId=consumer-order-service-2, groupId=order-service] Node -1 disconnected.
2026-01-09T20:07:54.697+03:00  WARN 4604 --- [order-service] [org.springframework.kafka.KafkaListenerEndpointContainer#3-0-C-1] org.apache.kafka.clients.NetworkClient   : [Consumer clientId=consumer-order-service-2, groupId=order-service] Connection to node -1 (localhost/127.0.0.1:9092) could not be established. Broker may not be available.
2026-01-09T20:07:54.697+03:00  WARN 4604 --- [order-service] [org.springframework.kafka.KafkaListenerEndpointContainer#3-0-C-1] org.apache.kafka.clients.NetworkClient   : [Consumer clientId=consumer-order-service-2, groupId=order-service] Bootstrap broker localhost:9092 (id: -1 rack: null) disconnected
2026-01-09T20:07:55.005+03:00  INFO 4604 --- [order-service] [org.springframework.kafka.KafkaListenerEndpointContainer#0-0-C-1] org.apache.kafka.clients.NetworkClient   : [Consumer clientId=consumer-order-service-3, groupId=order-service] Node -1 disconnected.
2026-01-09T20:07:55.005+03:00  INFO 4604 --- [order-service] [org.springframework.kafka.KafkaListenerEndpointContainer#1-0-C-1] org.apache.kafka.clients.NetworkClient   : [Consumer clientId=consumer-order-service-4, groupId=order-service] Node -1 disconnected.
2026-01-09T20:07:55.005+03:00  WARN 4604 --- [order-service] [org.springframework.kafka.KafkaListenerEndpointContainer#0-0-C-1] org.apache.kafka.clients.NetworkClient   : [Consumer clientId=consumer-order-service-3, groupId=order-service] Connection to node -1 (localhost/127.0.0.1:9092) could not be established. Broker may not be available.
2026-01-09T20:07:55.005+03:00  WARN 4604 --- [order-service] [org.springframework.kafka.KafkaListenerEndpointContainer#1-0-C-1] org.apache.kafka.clients.NetworkClient   : [Consumer clientId=consumer-order-service-4, groupId=order-service] Connection to node -1 (localhost/127.0.0.1:9092) could not be established. Broker may not be available.
2026-01-09T20:07:55.005+03:00  WARN 4604 --- [order-service] [org.springframework.kafka.KafkaListenerEndpointContainer#0-0-C-1] org.apache.kafka.clients.NetworkClient   : [Consumer clientId=consumer-order-service-3, groupId=order-service] Bootstrap broker localhost:9092 (id: -1 rack: null) disconnected
2026-01-09T20:07:55.006+03:00  WARN 4604 --- [order-service] [org.springframework.kafka.KafkaListenerEndpointContainer#1-0-C-1] org.apache.kafka.clients.NetworkClient   : [Consumer clientId=consumer-order-service-4, groupId=order-service] Bootstrap broker localhost:9092 (id: -1 rack: null) disconnected
2026-01-09T20:07:55.646+03:00  INFO 4604 --- [order-service] [org.springframework.kafka.KafkaListenerEndpointContainer#2-0-C-1] org.apache.kafka.clients.NetworkClient   : [Consumer clientId=consumer-order-service-1, groupId=order-service] Node -1 disconnected.
2026-01-09T20:07:55.646+03:00  INFO 4604 --- [order-service] [org.springframework.kafka.KafkaListenerEndpointContainer#3-0-C-1] org.apache.kafka.clients.NetworkClient   : [Consumer clientId=consumer-order-service-2, groupId=order-service] Node -1 disconnected.
2026-01-09T20:07:55.646+03:00  WARN 4604 --- [order-service] [org.springframework.kafka.KafkaListenerEndpointContainer#3-0-C-1] org.apache.kafka.clients.NetworkClient   : [Consumer clientId=consumer-order-service-2, groupId=order-service] Connection to node -1 (localhost/127.0.0.1:9092) could not be established. Broker may not be available.
2026-01-09T20:07:55.646+03:00  WARN 4604 --- [order-service] [org.springframework.kafka.KafkaListenerEndpointContainer#3-0-C-1] org.apache.kafka.clients.NetworkClient   : [Consumer clientId=consumer-order-service-2, groupId=order-service] Bootstrap broker localhost:9092 (id: -1 rack: null) disconnected
2026-01-09T20:07:55.646+03:00  WARN 4604 --- [order-service] [org.springframework.kafka.KafkaListenerEndpointContainer#2-0-C-1] org.apache.kafka.clients.NetworkClient   : [Consumer clientId=consumer-order-service-1, groupId=order-service] Connection to node -1 (localhost/127.0.0.1:9092) could not be established. Broker may not be available.
2026-01-09T20:07:55.647+03:00  WARN 4604 --- [order-service] [org.springframework.kafka.KafkaListenerEndpointContainer#2-0-C-1] org.apache.kafka.clients.NetworkClient   : [Consumer clientId=consumer-order-service-1, groupId=order-service] Bootstrap broker localhost:9092 (id: -1 rack: null) disconnected
2026-01-09T20:07:56.033+03:00  INFO 4604 --- [order-service] [org.springframework.kafka.KafkaListenerEndpointContainer#1-0-C-1] org.apache.kafka.clients.NetworkClient   : [Consumer clientId=consumer-order-service-4, groupId=order-service] Node -1 disconnected.
2026-01-09T20:07:56.033+03:00  WARN 4604 --- [order-service] [org.springframework.kafka.KafkaListenerEndpointContainer#1-0-C-1] org.apache.kafka.clients.NetworkClient   : [Consumer clientId=consumer-order-service-4, groupId=order-service] Connection to node -1 (localhost/127.0.0.1:9092) could not be established. Broker may not be available.
2026-01-09T20:07:56.033+03:00  WARN 4604 --- [order-service] [org.springframework.kafka.KafkaListenerEndpointContainer#1-0-C-1] org.apache.kafka.clients.NetworkClient   : [Consumer clientId=consumer-order-service-4, groupId=order-service] Bootstrap broker localhost:9092 (id: -1 rack: null) disconnected
2026-01-09T20:07:56.079+03:00  INFO 4604 --- [order-service] [org.springframework.kafka.KafkaListenerEndpointContainer#0-0-C-1] org.apache.kafka.clients.NetworkClient   : [Consumer clientId=consumer-order-service-3, groupId=order-service] Node -1 disconnected.
2026-01-09T20:07:56.079+03:00  WARN 4604 --- [order-service] [org.springframework.kafka.KafkaListenerEndpointContainer#0-0-C-1] org.apache.kafka.clients.NetworkClient   : [Consumer clientId=consumer-order-service-3, groupId=order-service] Connection to node -1 (localhost/127.0.0.1:9092) could not be established. Broker may not be available.
2026-01-09T20:07:56.079+03:00  WARN 4604 --- [order-service] [org.springframework.kafka.KafkaListenerEndpointContainer#0-0-C-1] org.apache.kafka.clients.NetworkClient   : [Consumer clientId=consumer-order-service-3, groupId=order-service] Bootstrap broker localhost:9092 (id: -1 rack: null) disconnected
2026-01-09T20:07:56.685+03:00  INFO 4604 --- [order-service] [org.springframework.kafka.KafkaListenerEndpointContainer#2-0-C-1] org.apache.kafka.clients.NetworkClient   : [Consumer clientId=consumer-order-service-1, groupId=order-service] Node -1 disconnected.
2026-01-09T20:07:56.685+03:00  WARN 4604 --- [order-service] [org.springframework.kafka.KafkaListenerEndpointContainer#2-0-C-1] org.apache.kafka.clients.NetworkClient   : [Consumer clientId=consumer-order-service-1, groupId=order-service] Connection to node -1 (localhost/127.0.0.1:9092) could not be established. Broker may not be available.
2026-01-09T20:07:56.685+03:00  WARN 4604 --- [order-service] [org.springframework.kafka.KafkaListenerEndpointContainer#2-0-C-1] org.apache.kafka.clients.NetworkClient   : [Consumer clientId=consumer-order-service-1, groupId=order-service] Bootstrap broker localhost:9092 (id: -1 rack: null) disconnected
2026-01-09T20:07:56.808+03:00  INFO 4604 --- [order-service] [org.springframework.kafka.KafkaListenerEndpointContainer#3-0-C-1] org.apache.kafka.clients.NetworkClient   : [Consumer clientId=consumer-order-service-2, groupId=order-service] Node -1 disconnected.
2026-01-09T20:07:56.809+03:00  WARN 4604 --- [order-service] [org.springframework.kafka.KafkaListenerEndpointContainer#3-0-C-1] org.apache.kafka.clients.NetworkClient   : [Consumer clientId=consumer-order-service-2, groupId=order-service] Connection to node -1 (localhost/127.0.0.1:9092) could not be established. Broker may not be available.
2026-01-09T20:07:56.809+03:00  WARN 4604 --- [order-service] [org.springframework.kafka.KafkaListenerEndpointContainer#3-0-C-1] org.apache.kafka.clients.NetworkClient   : [Consumer clientId=consumer-order-service-2, groupId=order-service] Bootstrap broker localhost:9092 (id: -1 rack: null) disconnected
2026-01-09T20:07:57.059+03:00  INFO 4604 --- [order-service] [org.springframework.kafka.KafkaListenerEndpointContainer#0-0-C-1] org.apache.kafka.clients.NetworkClient   : [Consumer clientId=consumer-order-service-3, groupId=order-service] Node -1 disconnected.
2026-01-09T20:07:57.059+03:00  WARN 4604 --- [order-service] [org.springframework.kafka.KafkaListenerEndpointContainer#0-0-C-1] org.apache.kafka.clients.NetworkClient   : [Consumer clientId=consumer-order-service-3, groupId=order-service] Connection to node -1 (localhost/127.0.0.1:9092) could not be established. Broker may not be available.
2026-01-09T20:07:57.059+03:00  WARN 4604 --- [order-service] [org.springframework.kafka.KafkaListenerEndpointContainer#0-0-C-1] org.apache.kafka.clients.NetworkClient   : [Consumer clientId=consumer-order-service-3, groupId=order-service] Bootstrap broker localhost:9092 (id: -1 rack: null) disconnected
2026-01-09T20:07:57.214+03:00  INFO 4604 --- [order-service] [org.springframework.kafka.KafkaListenerEndpointContainer#1-0-C-1] org.apache.kafka.clients.NetworkClient   : [Consumer clientId=consumer-order-service-4, groupId=order-service] Node -1 disconnected.
2026-01-09T20:07:57.214+03:00  WARN 4604 --- [order-service] [org.springframework.kafka.KafkaListenerEndpointContainer#1-0-C-1] org.apache.kafka.clients.NetworkClient   : [Consumer clientId=consumer-order-service-4, groupId=order-service] Connection to node -1 (localhost/127.0.0.1:9092) could not be established. Broker may not be available.
2026-01-09T20:07:57.214+03:00  WARN 4604 --- [order-service] [org.springframework.kafka.KafkaListenerEndpointContainer#1-0-C-1] org.apache.kafka.clients.NetworkClient   : [Consumer clientId=consumer-order-service-4, groupId=order-service] Bootstrap broker localhost:9092 (id: -1 rack: null) disconnected
2026-01-09T20:07:57.666+03:00  INFO 4604 --- [order-service] [org.springframework.kafka.KafkaListenerEndpointContainer#2-0-C-1] org.apache.kafka.clients.NetworkClient   : [Consumer clientId=consumer-order-service-1, groupId=order-service] Node -1 disconnected.
2026-01-09T20:07:57.666+03:00  WARN 4604 --- [order-service] [org.springframework.kafka.KafkaListenerEndpointContainer#2-0-C-1] org.apache.kafka.clients.NetworkClient   : [Consumer clientId=consumer-order-service-1, groupId=order-service] Connection to node -1 (localhost/127.0.0.1:9092) could not be established. Broker may not be available.
2026-01-09T20:07:57.666+03:00  WARN 4604 --- [order-service] [org.springframework.kafka.KafkaListenerEndpointContainer#2-0-C-1] org.apache.kafka.clients.NetworkClient   : [Consumer clientId=consumer-order-service-1, groupId=order-service] Bootstrap broker localhost:9092 (id: -1 rack: null) disconnected
2026-01-09T20:07:57.790+03:00  INFO 4604 --- [order-service] [org.springframework.kafka.KafkaListenerEndpointContainer#3-0-C-1] org.apache.kafka.clients.NetworkClient   : [Consumer clientId=consumer-order-service-2, groupId=order-service] Node -1 disconnected.
2026-01-09T20:07:57.790+03:00  WARN 4604 --- [order-service] [org.springframework.kafka.KafkaListenerEndpointContainer#3-0-C-1] org.apache.kafka.clients.NetworkClient   : [Consumer clientId=consumer-order-service-2, groupId=order-service] Connection to node -1 (localhost/127.0.0.1:9092) could not be established. Broker may not be available.
2026-01-09T20:07:57.790+03:00  WARN 4604 --- [order-service] [org.springframework.kafka.KafkaListenerEndpointContainer#3-0-C-1] org.apache.kafka.clients.NetworkClient   : [Consumer clientId=consumer-order-service-2, groupId=order-service] Bootstrap broker localhost:9092 (id: -1 rack: null) disconnected
2026-01-09T20:07:58.147+03:00  INFO 4604 --- [order-service] [org.springframework.kafka.KafkaListenerEndpointContainer#1-0-C-1] org.apache.kafka.clients.NetworkClient   : [Consumer clientId=consumer-order-service-4, groupId=order-service] Node -1 disconnected.
2026-01-09T20:07:58.147+03:00  WARN 4604 --- [order-service] [org.springframework.kafka.KafkaListenerEndpointContainer#1-0-C-1] org.apache.kafka.clients.NetworkClient   : [Consumer clientId=consumer-order-service-4, groupId=order-service] Connection to node -1 (localhost/127.0.0.1:9092) could not be established. Broker may not be available.
2026-01-09T20:07:58.147+03:00  WARN 4604 --- [order-service] [org.springframework.kafka.KafkaListenerEndpointContainer#1-0-C-1] org.apache.kafka.clients.NetworkClient   : [Consumer clientId=consumer-order-service-4, groupId=order-service] Bootstrap broker localhost:9092 (id: -1 rack: null) disconnected
2026-01-09T20:07:58.240+03:00  INFO 4604 --- [order-service] [org.springframework.kafka.KafkaListenerEndpointContainer#0-0-C-1] org.apache.kafka.clients.NetworkClient   : [Consumer clientId=consumer-order-service-3, groupId=order-service] Node -1 disconnected.
2026-01-09T20:07:58.240+03:00  WARN 4604 --- [order-service] [org.springframework.kafka.KafkaListenerEndpointContainer#0-0-C-1] org.apache.kafka.clients.NetworkClient   : [Consumer clientId=consumer-order-service-3, groupId=order-service] Connection to node -1 (localhost/127.0.0.1:9092) could not be established. Broker may not be available.
2026-01-09T20:07:58.240+03:00  WARN 4604 --- [order-service] [org.springframework.kafka.KafkaListenerEndpointContainer#0-0-C-1] org.apache.kafka.clients.NetworkClient   : [Consumer clientId=consumer-order-service-3, groupId=order-service] Bootstrap broker localhost:9092 (id: -1 rack: null) disconnected
2026-01-09T20:07:58.723+03:00  INFO 4604 --- [order-service] [org.springframework.kafka.KafkaListenerEndpointContainer#2-0-C-1] org.apache.kafka.clients.NetworkClient   : [Consumer clientId=consumer-order-service-1, groupId=order-service] Node -1 disconnected.
2026-01-09T20:07:58.723+03:00  WARN 4604 --- [order-service] [org.springframework.kafka.KafkaListenerEndpointContainer#2-0-C-1] org.apache.kafka.clients.NetworkClient   : [Consumer clientId=consumer-order-service-1, groupId=order-service] Connection to node -1 (localhost/127.0.0.1:9092) could not be established. Broker may not be available.
2026-01-09T20:07:58.723+03:00  WARN 4604 --- [order-service] [org.springframework.kafka.KafkaListenerEndpointContainer#2-0-C-1] org.apache.kafka.clients.NetworkClient   : [Consumer clientId=consumer-order-service-1, groupId=order-service] Bootstrap broker localhost:9092 (id: -1 rack: null) disconnected
2026-01-09T20:07:58.957+03:00  INFO 4604 --- [order-service] [org.springframework.kafka.KafkaListenerEndpointContainer#3-0-C-1] org.apache.kafka.clients.NetworkClient   : [Consumer clientId=consumer-order-service-2, groupId=order-service] Node -1 disconnected.
2026-01-09T20:07:58.957+03:00  WARN 4604 --- [order-service] [org.springframework.kafka.KafkaListenerEndpointContainer#3-0-C-1] org.apache.kafka.clients.NetworkClient   : [Consumer clientId=consumer-order-service-2, groupId=order-service] Connection to node -1 (localhost/127.0.0.1:9092) could not be established. Broker may not be available.
2026-01-09T20:07:58.957+03:00  WARN 4604 --- [order-service] [org.springframework.kafka.KafkaListenerEndpointContainer#3-0-C-1] org.apache.kafka.clients.NetworkClient   : [Consumer clientId=consumer-order-service-2, groupId=order-service] Bootstrap broker localhost:9092 (id: -1 rack: null) disconnected
2026-01-09T20:07:59.330+03:00  INFO 4604 --- [order-service] [org.springframework.kafka.KafkaListenerEndpointContainer#1-0-C-1] org.apache.kafka.clients.NetworkClient   : [Consumer clientId=consumer-order-service-4, groupId=order-service] Node -1 disconnected.
2026-01-09T20:07:59.331+03:00  WARN 4604 --- [order-service] [org.springframework.kafka.KafkaListenerEndpointContainer#1-0-C-1] org.apache.kafka.clients.NetworkClient   : [Consumer clientId=consumer-order-service-4, groupId=order-service] Connection to node -1 (localhost/127.0.0.1:9092) could not be established. Broker may not be available.
2026-01-09T20:07:59.331+03:00  WARN 4604 --- [order-service] [org.springframework.kafka.KafkaListenerEndpointContainer#1-0-C-1] org.apache.kafka.clients.NetworkClient   : [Consumer clientId=consumer-order-service-4, groupId=order-service] Bootstrap broker localhost:9092 (id: -1 rack: null) disconnected
2026-01-09T20:07:59.471+03:00  INFO 4604 --- [order-service] [org.springframework.kafka.KafkaListenerEndpointContainer#0-0-C-1] org.apache.kafka.clients.NetworkClient   : [Consumer clientId=consumer-order-service-3, groupId=order-service] Node -1 disconnected.
2026-01-09T20:07:59.471+03:00  WARN 4604 --- [order-service] [org.springframework.kafka.KafkaListenerEndpointContainer#0-0-C-1] org.apache.kafka.clients.NetworkClient   : [Consumer clientId=consumer-order-service-3, groupId=order-service] Connection to node -1 (localhost/127.0.0.1:9092) could not be established. Broker may not be available.
2026-01-09T20:07:59.471+03:00  WARN 4604 --- [order-service] [org.springframework.kafka.KafkaListenerEndpointContainer#0-0-C-1] org.apache.kafka.clients.NetworkClient   : [Consumer clientId=consumer-order-service-3, groupId=order-service] Bootstrap broker localhost:9092 (id: -1 rack: null) disconnected
2026-01-09T20:07:59.704+03:00  INFO 4604 --- [order-service] [org.springframework.kafka.KafkaListenerEndpointContainer#2-0-C-1] org.apache.kafka.clients.NetworkClient   : [Consumer clientId=consumer-order-service-1, groupId=order-service] Node -1 disconnected.
2026-01-09T20:07:59.704+03:00  WARN 4604 --- [order-service] [org.springframework.kafka.KafkaListenerEndpointContainer#2-0-C-1] org.apache.kafka.clients.NetworkClient   : [Consumer clientId=consumer-order-service-1, groupId=order-service] Connection to node -1 (localhost/127.0.0.1:9092) could not be established. Broker may not be available.
2026-01-09T20:07:59.705+03:00  WARN 4604 --- [order-service] [org.springframework.kafka.KafkaListenerEndpointContainer#2-0-C-1] org.apache.kafka.clients.NetworkClient   : [Consumer clientId=consumer-order-service-1, groupId=order-service] Bootstrap broker localhost:9092 (id: -1 rack: null) disconnected
2026-01-09T20:07:59.997+03:00  INFO 4604 --- [order-service] [org.springframework.kafka.KafkaListenerEndpointContainer#3-0-C-1] org.apache.kafka.clients.NetworkClient   : [Consumer clientId=consumer-order-service-2, groupId=order-service] Node -1 disconnected.
2026-01-09T20:07:59.997+03:00  WARN 4604 --- [order-service] [org.springframework.kafka.KafkaListenerEndpointContainer#3-0-C-1] org.apache.kafka.clients.NetworkClient   : [Consumer clientId=consumer-order-service-2, groupId=order-service] Connection to node -1 (localhost/127.0.0.1:9092) could not be established. Broker may not be available.
2026-01-09T20:07:59.997+03:00  WARN 4604 --- [order-service] [org.springframework.kafka.KafkaListenerEndpointContainer#3-0-C-1] org.apache.kafka.clients.NetworkClient   : [Consumer clientId=consumer-order-service-2, groupId=order-service] Bootstrap broker localhost:9092 (id: -1 rack: null) disconnected
2026-01-09T20:08:00.371+03:00  INFO 4604 --- [order-service] [org.springframework.kafka.KafkaListenerEndpointContainer#1-0-C-1] org.apache.kafka.clients.NetworkClient   : [Consumer clientId=consumer-order-service-4, groupId=order-service] Node -1 disconnected.
2026-01-09T20:08:00.372+03:00  WARN 4604 --- [order-service] [org.springframework.kafka.KafkaListenerEndpointContainer#1-0-C-1] org.apache.kafka.clients.NetworkClient   : [Consumer clientId=consumer-order-service-4, groupId=order-service] Connection to node -1 (localhost/127.0.0.1:9092) could not be established. Broker may not be available.
2026-01-09T20:08:00.372+03:00  WARN 4604 --- [order-service] [org.springframework.kafka.KafkaListenerEndpointContainer#1-0-C-1] org.apache.kafka.clients.NetworkClient   : [Consumer clientId=consumer-order-service-4, groupId=order-service] Bootstrap broker localhost:9092 (id: -1 rack: null) disconnected
2026-01-09T20:08:00.591+03:00  INFO 4604 --- [order-service] [org.springframework.kafka.KafkaListenerEndpointContainer#0-0-C-1] org.apache.kafka.clients.NetworkClient   : [Consumer clientId=consumer-order-service-3, groupId=order-service] Node -1 disconnected.
2026-01-09T20:08:00.591+03:00  WARN 4604 --- [order-service] [org.springframework.kafka.KafkaListenerEndpointContainer#0-0-C-1] org.apache.kafka.clients.NetworkClient   : [Consumer clientId=consumer-order-service-3, groupId=order-service] Connection to node -1 (localhost/127.0.0.1:9092) could not be established. Broker may not be available.
2026-01-09T20:08:00.591+03:00  WARN 4604 --- [order-service] [org.springframework.kafka.KafkaListenerEndpointContainer#0-0-C-1] org.apache.kafka.clients.NetworkClient   : [Consumer clientId=consumer-order-service-3, groupId=order-service] Bootstrap broker localhost:9092 (id: -1 rack: null) disconnected
2026-01-09T20:08:00.652+03:00  INFO 4604 --- [order-service] [org.springframework.kafka.KafkaListenerEndpointContainer#2-0-C-1] org.apache.kafka.clients.NetworkClient   : [Consumer clientId=consumer-order-service-1, groupId=order-service] Node -1 disconnected.
2026-01-09T20:08:00.652+03:00  WARN 4604 --- [order-service] [org.springframework.kafka.KafkaListenerEndpointContainer#2-0-C-1] org.apache.kafka.clients.NetworkClient   : [Consumer clientId=consumer-order-service-1, groupId=order-service] Connection to node -1 (localhost/127.0.0.1:9092) could not be established. Broker may not be available.
2026-01-09T20:08:00.652+03:00  WARN 4604 --- [order-service] [org.springframework.kafka.KafkaListenerEndpointContainer#2-0-C-1] org.apache.kafka.clients.NetworkClient   : [Consumer clientId=consumer-order-service-1, groupId=order-service] Bootstrap broker localhost:9092 (id: -1 rack: null) disconnected
2026-01-09T20:08:00.838+03:00  INFO 4604 --- [order-service] [org.springframework.kafka.KafkaListenerEndpointContainer#3-0-C-1] org.apache.kafka.clients.NetworkClient   : [Consumer clientId=consumer-order-service-2, groupId=order-service] Node -1 disconnected.
2026-01-09T20:08:00.838+03:00  WARN 4604 --- [order-service] [org.springframework.kafka.KafkaListenerEndpointContainer#3-0-C-1] org.apache.kafka.clients.NetworkClient   : [Consumer clientId=consumer-order-service-2, groupId=order-service] Connection to node -1 (localhost/127.0.0.1:9092) could not be established. Broker may not be available.
2026-01-09T20:08:00.838+03:00  WARN 4604 --- [order-service] [org.springframework.kafka.KafkaListenerEndpointContainer#3-0-C-1] org.apache.kafka.clients.NetworkClient   : [Consumer clientId=consumer-order-service-2, groupId=order-service] Bootstrap broker localhost:9092 (id: -1 rack: null) disconnected
2026-01-09T20:08:01.292+03:00  INFO 4604 --- [order-service] [org.springframework.kafka.KafkaListenerEndpointContainer#1-0-C-1] org.apache.kafka.clients.NetworkClient   : [Consumer clientId=consumer-order-service-4, groupId=order-service] Node -1 disconnected.
2026-01-09T20:08:01.292+03:00  WARN 4604 --- [order-service] [org.springframework.kafka.KafkaListenerEndpointContainer#1-0-C-1] org.apache.kafka.clients.NetworkClient   : [Consumer clientId=consumer-order-service-4, groupId=order-service] Connection to node -1 (localhost/127.0.0.1:9092) could not be established. Broker may not be available.
2026-01-09T20:08:01.292+03:00  WARN 4604 --- [order-service] [org.springframework.kafka.KafkaListenerEndpointContainer#1-0-C-1] org.apache.kafka.clients.NetworkClient   : [Consumer clientId=consumer-order-service-4, groupId=order-service] Bootstrap broker localhost:9092 (id: -1 rack: null) disconnected
2026-01-09T20:08:01.572+03:00  INFO 4604 --- [order-service] [org.springframework.kafka.KafkaListenerEndpointContainer#0-0-C-1] org.apache.kafka.clients.NetworkClient   : [Consumer clientId=consumer-order-service-3, groupId=order-service] Node -1 disconnected.
2026-01-09T20:08:01.572+03:00  WARN 4604 --- [order-service] [org.springframework.kafka.KafkaListenerEndpointContainer#0-0-C-1] org.apache.kafka.clients.NetworkClient   : [Consumer clientId=consumer-order-service-3, groupId=order-service] Connection to node -1 (localhost/127.0.0.1:9092) could not be established. Broker may not be available.
2026-01-09T20:08:01.572+03:00  WARN 4604 --- [order-service] [org.springframework.kafka.KafkaListenerEndpointContainer#0-0-C-1] org.apache.kafka.clients.NetworkClient   : [Consumer clientId=consumer-order-service-3, groupId=order-service] Bootstrap broker localhost:9092 (id: -1 rack: null) disconnected
2026-01-09T20:08:01.572+03:00  INFO 4604 --- [order-service] [org.springframework.kafka.KafkaListenerEndpointContainer#2-0-C-1] org.apache.kafka.clients.NetworkClient   : [Consumer clientId=consumer-order-service-1, groupId=order-service] Node -1 disconnected.
2026-01-09T20:08:01.572+03:00  WARN 4604 --- [order-service] [org.springframework.kafka.KafkaListenerEndpointContainer#2-0-C-1] org.apache.kafka.clients.NetworkClient   : [Consumer clientId=consumer-order-service-1, groupId=order-service] Connection to node -1 (localhost/127.0.0.1:9092) could not be established. Broker may not be available.
2026-01-09T20:08:01.572+03:00  WARN 4604 --- [order-service] [org.springframework.kafka.KafkaListenerEndpointContainer#2-0-C-1] org.apache.kafka.clients.NetworkClient   : [Consumer clientId=consumer-order-service-1, groupId=order-service] Bootstrap broker localhost:9092 (id: -1 rack: null) disconnected
2026-01-09T20:08:02.023+03:00  INFO 4604 --- [order-service] [org.springframework.kafka.KafkaListenerEndpointContainer#3-0-C-1] org.apache.kafka.clients.NetworkClient   : [Consumer clientId=consumer-order-service-2, groupId=order-service] Node -1 disconnected.
2026-01-09T20:08:02.023+03:00  WARN 4604 --- [order-service] [org.springframework.kafka.KafkaListenerEndpointContainer#3-0-C-1] org.apache.kafka.clients.NetworkClient   : [Consumer clientId=consumer-order-service-2, groupId=order-service] Connection to node -1 (localhost/127.0.0.1:9092) could not be established. Broker may not be available.
2026-01-09T20:08:02.023+03:00  WARN 4604 --- [order-service] [org.springframework.kafka.KafkaListenerEndpointContainer#3-0-C-1] org.apache.kafka.clients.NetworkClient   : [Consumer clientId=consumer-order-service-2, groupId=order-service] Bootstrap broker localhost:9092 (id: -1 rack: null) disconnected
2026-01-09T20:08:02.285+03:00  INFO 4604 --- [order-service] [org.springframework.kafka.KafkaListenerEndpointContainer#1-0-C-1] org.apache.kafka.clients.NetworkClient   : [Consumer clientId=consumer-order-service-4, groupId=order-service] Node -1 disconnected.
2026-01-09T20:08:02.286+03:00  WARN 4604 --- [order-service] [org.springframework.kafka.KafkaListenerEndpointContainer#1-0-C-1] org.apache.kafka.clients.NetworkClient   : [Consumer clientId=consumer-order-service-4, groupId=order-service] Connection to node -1 (localhost/127.0.0.1:9092) could not be established. Broker may not be available.
2026-01-09T20:08:02.286+03:00  WARN 4604 --- [order-service] [org.springframework.kafka.KafkaListenerEndpointContainer#1-0-C-1] org.apache.kafka.clients.NetworkClient   : [Consumer clientId=consumer-order-service-4, groupId=order-service] Bootstrap broker localhost:9092 (id: -1 rack: null) disconnected
2026-01-09T20:08:02.611+03:00  INFO 4604 --- [order-service] [org.springframework.kafka.KafkaListenerEndpointContainer#2-0-C-1] org.apache.kafka.clients.NetworkClient   : [Consumer clientId=consumer-order-service-1, groupId=order-service] Node -1 disconnected.
2026-01-09T20:08:02.611+03:00  WARN 4604 --- [order-service] [org.springframework.kafka.KafkaListenerEndpointContainer#2-0-C-1] org.apache.kafka.clients.NetworkClient   : [Consumer clientId=consumer-order-service-1, groupId=order-service] Connection to node -1 (localhost/127.0.0.1:9092) could not be established. Broker may not be available.
2026-01-09T20:08:02.611+03:00  WARN 4604 --- [order-service] [org.springframework.kafka.KafkaListenerEndpointContainer#2-0-C-1] org.apache.kafka.clients.NetworkClient   : [Consumer clientId=consumer-order-service-1, groupId=order-service] Bootstrap broker localhost:9092 (id: -1 rack: null) disconnected
2026-01-09T20:08:02.676+03:00  INFO 4604 --- [order-service] [org.springframework.kafka.KafkaListenerEndpointContainer#0-0-C-1] org.apache.kafka.clients.NetworkClient   : [Consumer clientId=consumer-order-service-3, groupId=order-service] Node -1 disconnected.
2026-01-09T20:08:02.676+03:00  WARN 4604 --- [order-service] [org.springframework.kafka.KafkaListenerEndpointContainer#0-0-C-1] org.apache.kafka.clients.NetworkClient   : [Consumer clientId=consumer-order-service-3, groupId=order-service] Connection to node -1 (localhost/127.0.0.1:9092) could not be established. Broker may not be available.
2026-01-09T20:08:02.677+03:00  WARN 4604 --- [order-service] [org.springframework.kafka.KafkaListenerEndpointContainer#0-0-C-1] org.apache.kafka.clients.NetworkClient   : [Consumer clientId=consumer-order-service-3, groupId=order-service] Bootstrap broker localhost:9092 (id: -1 rack: null) disconnected
2026-01-09T20:08:03.141+03:00  INFO 4604 --- [order-service] [org.springframework.kafka.KafkaListenerEndpointContainer#3-0-C-1] org.apache.kafka.clients.NetworkClient   : [Consumer clientId=consumer-order-service-2, groupId=order-service] Node -1 disconnected.
2026-01-09T20:08:03.141+03:00  WARN 4604 --- [order-service] [org.springframework.kafka.KafkaListenerEndpointContainer#3-0-C-1] org.apache.kafka.clients.NetworkClient   : [Consumer clientId=consumer-order-service-2, groupId=order-service] Connection to node -1 (localhost/127.0.0.1:9092) could not be established. Broker may not be available.
2026-01-09T20:08:03.141+03:00  WARN 4604 --- [order-service] [org.springframework.kafka.KafkaListenerEndpointContainer#3-0-C-1] org.apache.kafka.clients.NetworkClient   : [Consumer clientId=consumer-order-service-2, groupId=order-service] Bootstrap broker localhost:9092 (id: -1 rack: null) disconnected
2026-01-09T20:08:03.327+03:00  INFO 4604 --- [order-service] [org.springframework.kafka.KafkaListenerEndpointContainer#1-0-C-1] org.apache.kafka.clients.NetworkClient   : [Consumer clientId=consumer-order-service-4, groupId=order-service] Node -1 disconnected.
2026-01-09T20:08:03.328+03:00  WARN 4604 --- [order-service] [org.springframework.kafka.KafkaListenerEndpointContainer#1-0-C-1] org.apache.kafka.clients.NetworkClient   : [Consumer clientId=consumer-order-service-4, groupId=order-service] Connection to node -1 (localhost/127.0.0.1:9092) could not be established. Broker may not be available.
2026-01-09T20:08:03.328+03:00  WARN 4604 --- [order-service] [org.springframework.kafka.KafkaListenerEndpointContainer#1-0-C-1] org.apache.kafka.clients.NetworkClient   : [Consumer clientId=consumer-order-service-4, groupId=order-service] Bootstrap broker localhost:9092 (id: -1 rack: null) disconnected
2026-01-09T20:08:03.469+03:00  INFO 4604 --- [order-service] [org.springframework.kafka.KafkaListenerEndpointContainer#2-0-C-1] org.apache.kafka.clients.NetworkClient   : [Consumer clientId=consumer-order-service-1, groupId=order-service] Node -1 disconnected.
2026-01-09T20:08:03.469+03:00  WARN 4604 --- [order-service] [org.springframework.kafka.KafkaListenerEndpointContainer#2-0-C-1] org.apache.kafka.clients.NetworkClient   : [Consumer clientId=consumer-order-service-1, groupId=order-service] Connection to node -1 (localhost/127.0.0.1:9092) could not be established. Broker may not be available.
2026-01-09T20:08:03.469+03:00  WARN 4604 --- [order-service] [org.springframework.kafka.KafkaListenerEndpointContainer#2-0-C-1] org.apache.kafka.clients.NetworkClient   : [Consumer clientId=consumer-order-service-1, groupId=order-service] Bootstrap broker localhost:9092 (id: -1 rack: null) disconnected
2026-01-09T20:08:03.593+03:00  INFO 4604 --- [order-service] [org.springframework.kafka.KafkaListenerEndpointContainer#0-0-C-1] org.apache.kafka.clients.NetworkClient   : [Consumer clientId=consumer-order-service-3, groupId=order-service] Node -1 disconnected.
2026-01-09T20:08:03.593+03:00  WARN 4604 --- [order-service] [org.springframework.kafka.KafkaListenerEndpointContainer#0-0-C-1] org.apache.kafka.clients.NetworkClient   : [Consumer clientId=consumer-order-service-3, groupId=order-service] Connection to node -1 (localhost/127.0.0.1:9092) could not be established. Broker may not be available.
2026-01-09T20:08:03.593+03:00  WARN 4604 --- [order-service] [org.springframework.kafka.KafkaListenerEndpointContainer#0-0-C-1] org.apache.kafka.clients.NetworkClient   : [Consumer clientId=consumer-order-service-3, groupId=order-service] Bootstrap broker localhost:9092 (id: -1 rack: null) disconnected
2026-01-09T20:08:04.014+03:00  INFO 4604 --- [order-service] [org.springframework.kafka.KafkaListenerEndpointContainer#3-0-C-1] org.apache.kafka.clients.NetworkClient   : [Consumer clientId=consumer-order-service-2, groupId=order-service] Node -1 disconnected.
2026-01-09T20:08:04.015+03:00  WARN 4604 --- [order-service] [org.springframework.kafka.KafkaListenerEndpointContainer#3-0-C-1] org.apache.kafka.clients.NetworkClient   : [Consumer clientId=consumer-order-service-2, groupId=order-service] Connection to node -1 (localhost/127.0.0.1:9092) could not be established. Broker may not be available.
2026-01-09T20:08:04.015+03:00  WARN 4604 --- [order-service] [org.springframework.kafka.KafkaListenerEndpointContainer#3-0-C-1] org.apache.kafka.clients.NetworkClient   : [Consumer clientId=consumer-order-service-2, groupId=order-service] Bootstrap broker localhost:9092 (id: -1 rack: null) disconnected
2026-01-09T20:08:04.187+03:00  INFO 4604 --- [order-service] [org.springframework.kafka.KafkaListenerEndpointContainer#1-0-C-1] org.apache.kafka.clients.NetworkClient   : [Consumer clientId=consumer-order-service-4, groupId=order-service] Node -1 disconnected.
2026-01-09T20:08:04.187+03:00  WARN 4604 --- [order-service] [org.springframework.kafka.KafkaListenerEndpointContainer#1-0-C-1] org.apache.kafka.clients.NetworkClient   : [Consumer clientId=consumer-order-service-4, groupId=order-service] Connection to node -1 (localhost/127.0.0.1:9092) could not be established. Broker may not be available.
2026-01-09T20:08:04.187+03:00  WARN 4604 --- [order-service] [org.springframework.kafka.KafkaListenerEndpointContainer#1-0-C-1] org.apache.kafka.clients.NetworkClient   : [Consumer clientId=consumer-order-service-4, groupId=order-service] Bootstrap broker localhost:9092 (id: -1 rack: null) disconnected
2026-01-09T20:08:04.341+03:00  INFO 4604 --- [order-service] [org.springframework.kafka.KafkaListenerEndpointContainer#2-0-C-1] org.apache.kafka.clients.NetworkClient   : [Consumer clientId=consumer-order-service-1, groupId=order-service] Node -1 disconnected.
2026-01-09T20:08:04.341+03:00  WARN 4604 --- [order-service] [org.springframework.kafka.KafkaListenerEndpointContainer#2-0-C-1] org.apache.kafka.clients.NetworkClient   : [Consumer clientId=consumer-order-service-1, groupId=order-service] Connection to node -1 (localhost/127.0.0.1:9092) could not be established. Broker may not be available.
2026-01-09T20:08:04.341+03:00  WARN 4604 --- [order-service] [org.springframework.kafka.KafkaListenerEndpointContainer#2-0-C-1] org.apache.kafka.clients.NetworkClient   : [Consumer clientId=consumer-order-service-1, groupId=order-service] Bootstrap broker localhost:9092 (id: -1 rack: null) disconnected
2026-01-09T20:08:04.511+03:00  INFO 4604 --- [order-service] [org.springframework.kafka.KafkaListenerEndpointContainer#0-0-C-1] org.apache.kafka.clients.NetworkClient   : [Consumer clientId=consumer-order-service-3, groupId=order-service] Node -1 disconnected.
2026-01-09T20:08:04.511+03:00  WARN 4604 --- [order-service] [org.springframework.kafka.KafkaListenerEndpointContainer#0-0-C-1] org.apache.kafka.clients.NetworkClient   : [Consumer clientId=consumer-order-service-3, groupId=order-service] Connection to node -1 (localhost/127.0.0.1:9092) could not be established. Broker may not be available.
2026-01-09T20:08:04.511+03:00  WARN 4604 --- [order-service] [org.springframework.kafka.KafkaListenerEndpointContainer#0-0-C-1] org.apache.kafka.clients.NetworkClient   : [Consumer clientId=consumer-order-service-3, groupId=order-service] Bootstrap broker localhost:9092 (id: -1 rack: null) disconnected
2026-01-09T20:08:04.871+03:00  INFO 4604 --- [order-service] [org.springframework.kafka.KafkaListenerEndpointContainer#3-0-C-1] org.apache.kafka.clients.NetworkClient   : [Consumer clientId=consumer-order-service-2, groupId=order-service] Node -1 disconnected.
2026-01-09T20:08:04.871+03:00  WARN 4604 --- [order-service] [org.springframework.kafka.KafkaListenerEndpointContainer#3-0-C-1] org.apache.kafka.clients.NetworkClient   : [Consumer clientId=consumer-order-service-2, groupId=order-service] Connection to node -1 (localhost/127.0.0.1:9092) could not be established. Broker may not be available.
2026-01-09T20:08:04.871+03:00  WARN 4604 --- [order-service] [org.springframework.kafka.KafkaListenerEndpointContainer#3-0-C-1] org.apache.kafka.clients.NetworkClient   : [Consumer clientId=consumer-order-service-2, groupId=order-service] Bootstrap broker localhost:9092 (id: -1 rack: null) disconnected
2026-01-09T20:08:05.040+03:00  INFO 4604 --- [order-service] [org.springframework.kafka.KafkaListenerEndpointContainer#1-0-C-1] org.apache.kafka.clients.NetworkClient   : [Consumer clientId=consumer-order-service-4, groupId=order-service] Node -1 disconnected.
2026-01-09T20:08:05.040+03:00  WARN 4604 --- [order-service] [org.springframework.kafka.KafkaListenerEndpointContainer#1-0-C-1] org.apache.kafka.clients.NetworkClient   : [Consumer clientId=consumer-order-service-4, groupId=order-service] Connection to node -1 (localhost/127.0.0.1:9092) could not be established. Broker may not be available.
2026-01-09T20:08:05.040+03:00  WARN 4604 --- [order-service] [org.springframework.kafka.KafkaListenerEndpointContainer#1-0-C-1] org.apache.kafka.clients.NetworkClient   : [Consumer clientId=consumer-order-service-4, groupId=order-service] Bootstrap broker localhost:9092 (id: -1 rack: null) disconnected
2026-01-09T20:08:05.386+03:00  INFO 4604 --- [order-service] [org.springframework.kafka.KafkaListenerEndpointContainer#2-0-C-1] org.apache.kafka.clients.NetworkClient   : [Consumer clientId=consumer-order-service-1, groupId=order-service] Node -1 disconnected.
2026-01-09T20:08:05.387+03:00  WARN 4604 --- [order-service] [org.springframework.kafka.KafkaListenerEndpointContainer#2-0-C-1] org.apache.kafka.clients.NetworkClient   : [Consumer clientId=consumer-order-service-1, groupId=order-service] Connection to node -1 (localhost/127.0.0.1:9092) could not be established. Broker may not be available.
2026-01-09T20:08:05.387+03:00  WARN 4604 --- [order-service] [org.springframework.kafka.KafkaListenerEndpointContainer#2-0-C-1] org.apache.kafka.clients.NetworkClient   : [Consumer clientId=consumer-order-service-1, groupId=order-service] Bootstrap broker localhost:9092 (id: -1 rack: null) disconnected
2026-01-09T20:08:05.541+03:00  INFO 4604 --- [order-service] [org.springframework.kafka.KafkaListenerEndpointContainer#0-0-C-1] org.apache.kafka.clients.NetworkClient   : [Consumer clientId=consumer-order-service-3, groupId=order-service] Node -1 disconnected.
2026-01-09T20:08:05.541+03:00  WARN 4604 --- [order-service] [org.springframework.kafka.KafkaListenerEndpointContainer#0-0-C-1] org.apache.kafka.clients.NetworkClient   : [Consumer clientId=consumer-order-service-3, groupId=order-service] Connection to node -1 (localhost/127.0.0.1:9092) could not be established. Broker may not be available.
2026-01-09T20:08:05.541+03:00  WARN 4604 --- [order-service] [org.springframework.kafka.KafkaListenerEndpointContainer#0-0-C-1] org.apache.kafka.clients.NetworkClient   : [Consumer clientId=consumer-order-service-3, groupId=order-service] Bootstrap broker localhost:9092 (id: -1 rack: null) disconnected
2026-01-09T20:08:05.929+03:00  INFO 4604 --- [order-service] [org.springframework.kafka.KafkaListenerEndpointContainer#1-0-C-1] org.apache.kafka.clients.NetworkClient   : [Consumer clientId=consumer-order-service-4, groupId=order-service] Node -1 disconnected.
2026-01-09T20:08:05.929+03:00  WARN 4604 --- [order-service] [org.springframework.kafka.KafkaListenerEndpointContainer#1-0-C-1] org.apache.kafka.clients.NetworkClient   : [Consumer clientId=consumer-order-service-4, groupId=order-service] Connection to node -1 (localhost/127.0.0.1:9092) could not be established. Broker may not be available.
2026-01-09T20:08:05.929+03:00  WARN 4604 --- [order-service] [org.springframework.kafka.KafkaListenerEndpointContainer#1-0-C-1] org.apache.kafka.clients.NetworkClient   : [Consumer clientId=consumer-order-service-4, groupId=order-service] Bootstrap broker localhost:9092 (id: -1 rack: null) disconnected
2026-01-09T20:08:05.976+03:00  INFO 4604 --- [order-service] [org.springframework.kafka.KafkaListenerEndpointContainer#3-0-C-1] org.apache.kafka.clients.NetworkClient   : [Consumer clientId=consumer-order-service-2, groupId=order-service] Node -1 disconnected.
2026-01-09T20:08:05.976+03:00  WARN 4604 --- [order-service] [org.springframework.kafka.KafkaListenerEndpointContainer#3-0-C-1] org.apache.kafka.clients.NetworkClient   : [Consumer clientId=consumer-order-service-2, groupId=order-service] Connection to node -1 (localhost/127.0.0.1:9092) could not be established. Broker may not be available.
2026-01-09T20:08:05.976+03:00  WARN 4604 --- [order-service] [org.springframework.kafka.KafkaListenerEndpointContainer#3-0-C-1] org.apache.kafka.clients.NetworkClient   : [Consumer clientId=consumer-order-service-2, groupId=order-service] Bootstrap broker localhost:9092 (id: -1 rack: null) disconnected
2026-01-09T20:08:06.351+03:00  INFO 4604 --- [order-service] [org.springframework.kafka.KafkaListenerEndpointContainer#2-0-C-1] org.apache.kafka.clients.NetworkClient   : [Consumer clientId=consumer-order-service-1, groupId=order-service] Node -1 disconnected.
2026-01-09T20:08:06.352+03:00  WARN 4604 --- [order-service] [org.springframework.kafka.KafkaListenerEndpointContainer#2-0-C-1] org.apache.kafka.clients.NetworkClient   : [Consumer clientId=consumer-order-service-1, groupId=order-service] Connection to node -1 (localhost/127.0.0.1:9092) could not be established. Broker may not be available.
2026-01-09T20:08:06.352+03:00  WARN 4604 --- [order-service] [org.springframework.kafka.KafkaListenerEndpointContainer#2-0-C-1] org.apache.kafka.clients.NetworkClient   : [Consumer clientId=consumer-order-service-1, groupId=order-service] Bootstrap broker localhost:9092 (id: -1 rack: null) disconnected
2026-01-09T20:08:06.649+03:00  INFO 4604 --- [order-service] [org.springframework.kafka.KafkaListenerEndpointContainer#0-0-C-1] org.apache.kafka.clients.NetworkClient   : [Consumer clientId=consumer-order-service-3, groupId=order-service] Node -1 disconnected.
2026-01-09T20:08:06.649+03:00  WARN 4604 --- [order-service] [org.springframework.kafka.KafkaListenerEndpointContainer#0-0-C-1] org.apache.kafka.clients.NetworkClient   : [Consumer clientId=consumer-order-service-3, groupId=order-service] Connection to node -1 (localhost/127.0.0.1:9092) could not be established. Broker may not be available.
2026-01-09T20:08:06.649+03:00  WARN 4604 --- [order-service] [org.springframework.kafka.KafkaListenerEndpointContainer#0-0-C-1] org.apache.kafka.clients.NetworkClient   : [Consumer clientId=consumer-order-service-3, groupId=order-service] Bootstrap broker localhost:9092 (id: -1 rack: null) disconnected
2026-01-09T20:08:06.790+03:00  INFO 4604 --- [order-service] [org.springframework.kafka.KafkaListenerEndpointContainer#1-0-C-1] org.apache.kafka.clients.NetworkClient   : [Consumer clientId=consumer-order-service-4, groupId=order-service] Node -1 disconnected.
2026-01-09T20:08:06.790+03:00  WARN 4604 --- [order-service] [org.springframework.kafka.KafkaListenerEndpointContainer#1-0-C-1] org.apache.kafka.clients.NetworkClient   : [Consumer clientId=consumer-order-service-4, groupId=order-service] Connection to node -1 (localhost/127.0.0.1:9092) could not be established. Broker may not be available.
2026-01-09T20:08:06.790+03:00  WARN 4604 --- [order-service] [org.springframework.kafka.KafkaListenerEndpointContainer#1-0-C-1] org.apache.kafka.clients.NetworkClient   : [Consumer clientId=consumer-order-service-4, groupId=order-service] Bootstrap broker localhost:9092 (id: -1 rack: null) disconnected
2026-01-09T20:08:06.978+03:00  INFO 4604 --- [order-service] [org.springframework.kafka.KafkaListenerEndpointContainer#3-0-C-1] org.apache.kafka.clients.NetworkClient   : [Consumer clientId=consumer-order-service-2, groupId=order-service] Node -1 disconnected.
2026-01-09T20:08:06.978+03:00  WARN 4604 --- [order-service] [org.springframework.kafka.KafkaListenerEndpointContainer#3-0-C-1] org.apache.kafka.clients.NetworkClient   : [Consumer clientId=consumer-order-service-2, groupId=order-service] Connection to node -1 (localhost/127.0.0.1:9092) could not be established. Broker may not be available.
2026-01-09T20:08:06.978+03:00  WARN 4604 --- [order-service] [org.springframework.kafka.KafkaListenerEndpointContainer#3-0-C-1] org.apache.kafka.clients.NetworkClient   : [Consumer clientId=consumer-order-service-2, groupId=order-service] Bootstrap broker localhost:9092 (id: -1 rack: null) disconnected
2026-01-09T20:08:07.509+03:00  INFO 4604 --- [order-service] [org.springframework.kafka.KafkaListenerEndpointContainer#0-0-C-1] org.apache.kafka.clients.NetworkClient   : [Consumer clientId=consumer-order-service-3, groupId=order-service] Node -1 disconnected.
2026-01-09T20:08:07.509+03:00  WARN 4604 --- [order-service] [org.springframework.kafka.KafkaListenerEndpointContainer#0-0-C-1] org.apache.kafka.clients.NetworkClient   : [Consumer clientId=consumer-order-service-3, groupId=order-service] Connection to node -1 (localhost/127.0.0.1:9092) could not be established. Broker may not be available.
2026-01-09T20:08:07.509+03:00  WARN 4604 --- [order-service] [org.springframework.kafka.KafkaListenerEndpointContainer#0-0-C-1] org.apache.kafka.clients.NetworkClient   : [Consumer clientId=consumer-order-service-3, groupId=order-service] Bootstrap broker localhost:9092 (id: -1 rack: null) disconnected
2026-01-09T20:08:07.524+03:00  INFO 4604 --- [order-service] [org.springframework.kafka.KafkaListenerEndpointContainer#2-0-C-1] org.apache.kafka.clients.NetworkClient   : [Consumer clientId=consumer-order-service-1, groupId=order-service] Node -1 disconnected.
2026-01-09T20:08:07.524+03:00  WARN 4604 --- [order-service] [org.springframework.kafka.KafkaListenerEndpointContainer#2-0-C-1] org.apache.kafka.clients.NetworkClient   : [Consumer clientId=consumer-order-service-1, groupId=order-service] Connection to node -1 (localhost/127.0.0.1:9092) could not be established. Broker may not be available.
2026-01-09T20:08:07.524+03:00  WARN 4604 --- [order-service] [org.springframework.kafka.KafkaListenerEndpointContainer#2-0-C-1] org.apache.kafka.clients.NetworkClient   : [Consumer clientId=consumer-order-service-1, groupId=order-service] Bootstrap broker localhost:9092 (id: -1 rack: null) disconnected
2026-01-09T20:08:07.709+03:00  INFO 4604 --- [order-service] [org.springframework.kafka.KafkaListenerEndpointContainer#1-0-C-1] org.apache.kafka.clients.NetworkClient   : [Consumer clientId=consumer-order-service-4, groupId=order-service] Node -1 disconnected.
2026-01-09T20:08:07.709+03:00  WARN 4604 --- [order-service] [org.springframework.kafka.KafkaListenerEndpointContainer#1-0-C-1] org.apache.kafka.clients.NetworkClient   : [Consumer clientId=consumer-order-service-4, groupId=order-service] Connection to node -1 (localhost/127.0.0.1:9092) could not be established. Broker may not be available.
2026-01-09T20:08:07.709+03:00  WARN 4604 --- [order-service] [org.springframework.kafka.KafkaListenerEndpointContainer#1-0-C-1] org.apache.kafka.clients.NetworkClient   : [Consumer clientId=consumer-order-service-4, groupId=order-service] Bootstrap broker localhost:9092 (id: -1 rack: null) disconnected
2026-01-09T20:08:08.144+03:00  INFO 4604 --- [order-service] [org.springframework.kafka.KafkaListenerEndpointContainer#3-0-C-1] org.apache.kafka.clients.NetworkClient   : [Consumer clientId=consumer-order-service-2, groupId=order-service] Node -1 disconnected.
2026-01-09T20:08:08.144+03:00  WARN 4604 --- [order-service] [org.springframework.kafka.KafkaListenerEndpointContainer#3-0-C-1] org.apache.kafka.clients.NetworkClient   : [Consumer clientId=consumer-order-service-2, groupId=order-service] Connection to node -1 (localhost/127.0.0.1:9092) could not be established. Broker may not be available.
2026-01-09T20:08:08.144+03:00  WARN 4604 --- [order-service] [org.springframework.kafka.KafkaListenerEndpointContainer#3-0-C-1] org.apache.kafka.clients.NetworkClient   : [Consumer clientId=consumer-order-service-2, groupId=order-service] Bootstrap broker localhost:9092 (id: -1 rack: null) disconnected
2026-01-09T20:08:08.550+03:00  INFO 4604 --- [order-service] [org.springframework.kafka.KafkaListenerEndpointContainer#0-0-C-1] org.apache.kafka.clients.NetworkClient   : [Consumer clientId=consumer-order-service-3, groupId=order-service] Node -1 disconnected.
2026-01-09T20:08:08.550+03:00  WARN 4604 --- [order-service] [org.springframework.kafka.KafkaListenerEndpointContainer#0-0-C-1] org.apache.kafka.clients.NetworkClient   : [Consumer clientId=consumer-order-service-3, groupId=order-service] Connection to node -1 (localhost/127.0.0.1:9092) could not be established. Broker may not be available.
2026-01-09T20:08:08.550+03:00  WARN 4604 --- [order-service] [org.springframework.kafka.KafkaListenerEndpointContainer#0-0-C-1] org.apache.kafka.clients.NetworkClient   : [Consumer clientId=consumer-order-service-3, groupId=order-service] Bootstrap broker localhost:9092 (id: -1 rack: null) disconnected
2026-01-09T20:08:08.627+03:00  INFO 4604 --- [order-service] [org.springframework.kafka.KafkaListenerEndpointContainer#2-0-C-1] org.apache.kafka.clients.NetworkClient   : [Consumer clientId=consumer-order-service-1, groupId=order-service] Node -1 disconnected.
2026-01-09T20:08:08.627+03:00  WARN 4604 --- [order-service] [org.springframework.kafka.KafkaListenerEndpointContainer#2-0-C-1] org.apache.kafka.clients.NetworkClient   : [Consumer clientId=consumer-order-service-1, groupId=order-service] Connection to node -1 (localhost/127.0.0.1:9092) could not be established. Broker may not be available.
2026-01-09T20:08:08.627+03:00  WARN 4604 --- [order-service] [org.springframework.kafka.KafkaListenerEndpointContainer#2-0-C-1] org.apache.kafka.clients.NetworkClient   : [Consumer clientId=consumer-order-service-1, groupId=order-service] Bootstrap broker localhost:9092 (id: -1 rack: null) disconnected
2026-01-09T20:08:08.702+03:00  INFO 4604 --- [order-service] [org.springframework.kafka.KafkaListenerEndpointContainer#1-0-C-1] org.apache.kafka.clients.NetworkClient   : [Consumer clientId=consumer-order-service-4, groupId=order-service] Node -1 disconnected.
2026-01-09T20:08:08.702+03:00  WARN 4604 --- [order-service] [org.springframework.kafka.KafkaListenerEndpointContainer#1-0-C-1] org.apache.kafka.clients.NetworkClient   : [Consumer clientId=consumer-order-service-4, groupId=order-service] Connection to node -1 (localhost/127.0.0.1:9092) could not be established. Broker may not be available.
2026-01-09T20:08:08.703+03:00  WARN 4604 --- [order-service] [org.springframework.kafka.KafkaListenerEndpointContainer#1-0-C-1] org.apache.kafka.clients.NetworkClient   : [Consumer clientId=consumer-order-service-4, groupId=order-service] Bootstrap broker localhost:9092 (id: -1 rack: null) disconnected
2026-01-09T20:08:09.014+03:00  INFO 4604 --- [order-service] [org.springframework.kafka.KafkaListenerEndpointContainer#3-0-C-1] org.apache.kafka.clients.NetworkClient   : [Consumer clientId=consumer-order-service-2, groupId=order-service] Node -1 disconnected.
2026-01-09T20:08:09.014+03:00  WARN 4604 --- [order-service] [org.springframework.kafka.KafkaListenerEndpointContainer#3-0-C-1] org.apache.kafka.clients.NetworkClient   : [Consumer clientId=consumer-order-service-2, groupId=order-service] Connection to node -1 (localhost/127.0.0.1:9092) could not be established. Broker may not be available.
2026-01-09T20:08:09.014+03:00  WARN 4604 --- [order-service] [org.springframework.kafka.KafkaListenerEndpointContainer#3-0-C-1] org.apache.kafka.clients.NetworkClient   : [Consumer clientId=consumer-order-service-2, groupId=order-service] Bootstrap broker localhost:9092 (id: -1 rack: null) disconnected
2026-01-09T20:08:09.494+03:00  INFO 4604 --- [order-service] [org.springframework.kafka.KafkaListenerEndpointContainer#2-0-C-1] org.apache.kafka.clients.NetworkClient   : [Consumer clientId=consumer-order-service-1, groupId=order-service] Node -1 disconnected.
2026-01-09T20:08:09.494+03:00  WARN 4604 --- [order-service] [org.springframework.kafka.KafkaListenerEndpointContainer#2-0-C-1] org.apache.kafka.clients.NetworkClient   : [Consumer clientId=consumer-order-service-1, groupId=order-service] Connection to node -1 (localhost/127.0.0.1:9092) could not be established. Broker may not be available.
2026-01-09T20:08:09.494+03:00  WARN 4604 --- [order-service] [org.springframework.kafka.KafkaListenerEndpointContainer#2-0-C-1] org.apache.kafka.clients.NetworkClient   : [Consumer clientId=consumer-order-service-1, groupId=order-service] Bootstrap broker localhost:9092 (id: -1 rack: null) disconnected
2026-01-09T20:08:09.589+03:00  INFO 4604 --- [order-service] [org.springframework.kafka.KafkaListenerEndpointContainer#0-0-C-1] org.apache.kafka.clients.NetworkClient   : [Consumer clientId=consumer-order-service-3, groupId=order-service] Node -1 disconnected.
2026-01-09T20:08:09.589+03:00  WARN 4604 --- [order-service] [org.springframework.kafka.KafkaListenerEndpointContainer#0-0-C-1] org.apache.kafka.clients.NetworkClient   : [Consumer clientId=consumer-order-service-3, groupId=order-service] Connection to node -1 (localhost/127.0.0.1:9092) could not be established. Broker may not be available.
2026-01-09T20:08:09.589+03:00  WARN 4604 --- [order-service] [org.springframework.kafka.KafkaListenerEndpointContainer#0-0-C-1] org.apache.kafka.clients.NetworkClient   : [Consumer clientId=consumer-order-service-3, groupId=order-service] Bootstrap broker localhost:9092 (id: -1 rack: null) disconnected
2026-01-09T20:08:09.927+03:00  INFO 4604 --- [order-service] [org.springframework.kafka.KafkaListenerEndpointContainer#1-0-C-1] org.apache.kafka.clients.NetworkClient   : [Consumer clientId=consumer-order-service-4, groupId=order-service] Node -1 disconnected.
2026-01-09T20:08:09.927+03:00  WARN 4604 --- [order-service] [org.springframework.kafka.KafkaListenerEndpointContainer#1-0-C-1] org.apache.kafka.clients.NetworkClient   : [Consumer clientId=consumer-order-service-4, groupId=order-service] Connection to node -1 (localhost/127.0.0.1:9092) could not be established. Broker may not be available.
2026-01-09T20:08:09.927+03:00  WARN 4604 --- [order-service] [org.springframework.kafka.KafkaListenerEndpointContainer#1-0-C-1] org.apache.kafka.clients.NetworkClient   : [Consumer clientId=consumer-order-service-4, groupId=order-service] Bootstrap broker localhost:9092 (id: -1 rack: null) disconnected
2026-01-09T20:08:09.987+03:00  INFO 4604 --- [order-service] [org.springframework.kafka.KafkaListenerEndpointContainer#3-0-C-1] org.apache.kafka.clients.NetworkClient   : [Consumer clientId=consumer-order-service-2, groupId=order-service] Node -1 disconnected.
2026-01-09T20:08:09.987+03:00  WARN 4604 --- [order-service] [org.springframework.kafka.KafkaListenerEndpointContainer#3-0-C-1] org.apache.kafka.clients.NetworkClient   : [Consumer clientId=consumer-order-service-2, groupId=order-service] Connection to node -1 (localhost/127.0.0.1:9092) could not be established. Broker may not be available.
2026-01-09T20:08:09.988+03:00  WARN 4604 --- [order-service] [org.springframework.kafka.KafkaListenerEndpointContainer#3-0-C-1] org.apache.kafka.clients.NetworkClient   : [Consumer clientId=consumer-order-service-2, groupId=order-service] Bootstrap broker localhost:9092 (id: -1 rack: null) disconnected
2026-01-09T20:08:10.669+03:00  INFO 4604 --- [order-service] [org.springframework.kafka.KafkaListenerEndpointContainer#2-0-C-1] org.apache.kafka.clients.NetworkClient   : [Consumer clientId=consumer-order-service-1, groupId=order-service] Node -1 disconnected.
2026-01-09T20:08:10.669+03:00  WARN 4604 --- [order-service] [org.springframework.kafka.KafkaListenerEndpointContainer#2-0-C-1] org.apache.kafka.clients.NetworkClient   : [Consumer clientId=consumer-order-service-1, groupId=order-service] Connection to node -1 (localhost/127.0.0.1:9092) could not be established. Broker may not be available.
2026-01-09T20:08:10.670+03:00  WARN 4604 --- [order-service] [org.springframework.kafka.KafkaListenerEndpointContainer#2-0-C-1] org.apache.kafka.clients.NetworkClient   : [Consumer clientId=consumer-order-service-1, groupId=order-service] Bootstrap broker localhost:9092 (id: -1 rack: null) disconnected
2026-01-09T20:08:10.731+03:00  INFO 4604 --- [order-service] [org.springframework.kafka.KafkaListenerEndpointContainer#0-0-C-1] org.apache.kafka.clients.NetworkClient   : [Consumer clientId=consumer-order-service-3, groupId=order-service] Node -1 disconnected.
2026-01-09T20:08:10.731+03:00  WARN 4604 --- [order-service] [org.springframework.kafka.KafkaListenerEndpointContainer#0-0-C-1] org.apache.kafka.clients.NetworkClient   : [Consumer clientId=consumer-order-service-3, groupId=order-service] Connection to node -1 (localhost/127.0.0.1:9092) could not be established. Broker may not be available.
2026-01-09T20:08:10.731+03:00  WARN 4604 --- [order-service] [org.springframework.kafka.KafkaListenerEndpointContainer#0-0-C-1] org.apache.kafka.clients.NetworkClient   : [Consumer clientId=consumer-order-service-3, groupId=order-service] Bootstrap broker localhost:9092 (id: -1 rack: null) disconnected
2026-01-09T20:08:11.119+03:00  INFO 4604 --- [order-service] [org.springframework.kafka.KafkaListenerEndpointContainer#1-0-C-1] org.apache.kafka.clients.NetworkClient   : [Consumer clientId=consumer-order-service-4, groupId=order-service] Node -1 disconnected.
2026-01-09T20:08:11.119+03:00  WARN 4604 --- [order-service] [org.springframework.kafka.KafkaListenerEndpointContainer#1-0-C-1] org.apache.kafka.clients.NetworkClient   : [Consumer clientId=consumer-order-service-4, groupId=order-service] Connection to node -1 (localhost/127.0.0.1:9092) could not be established. Broker may not be available.
2026-01-09T20:08:11.119+03:00  WARN 4604 --- [order-service] [org.springframework.kafka.KafkaListenerEndpointContainer#1-0-C-1] org.apache.kafka.clients.NetworkClient   : [Consumer clientId=consumer-order-service-4, groupId=order-service] Bootstrap broker localhost:9092 (id: -1 rack: null) disconnected
2026-01-09T20:08:11.181+03:00  INFO 4604 --- [order-service] [org.springframework.kafka.KafkaListenerEndpointContainer#3-0-C-1] org.apache.kafka.clients.NetworkClient   : [Consumer clientId=consumer-order-service-2, groupId=order-service] Node -1 disconnected.
2026-01-09T20:08:11.181+03:00  WARN 4604 --- [order-service] [org.springframework.kafka.KafkaListenerEndpointContainer#3-0-C-1] org.apache.kafka.clients.NetworkClient   : [Consumer clientId=consumer-order-service-2, groupId=order-service] Connection to node -1 (localhost/127.0.0.1:9092) could not be established. Broker may not be available.
2026-01-09T20:08:11.181+03:00  WARN 4604 --- [order-service] [org.springframework.kafka.KafkaListenerEndpointContainer#3-0-C-1] org.apache.kafka.clients.NetworkClient   : [Consumer clientId=consumer-order-service-2, groupId=order-service] Bootstrap broker localhost:9092 (id: -1 rack: null) disconnected
2026-01-09T20:08:11.652+03:00  INFO 4604 --- [order-service] [org.springframework.kafka.KafkaListenerEndpointContainer#0-0-C-1] org.apache.kafka.clients.NetworkClient   : [Consumer clientId=consumer-order-service-3, groupId=order-service] Node -1 disconnected.
2026-01-09T20:08:11.653+03:00  WARN 4604 --- [order-service] [org.springframework.kafka.KafkaListenerEndpointContainer#0-0-C-1] org.apache.kafka.clients.NetworkClient   : [Consumer clientId=consumer-order-service-3, groupId=order-service] Connection to node -1 (localhost/127.0.0.1:9092) could not be established. Broker may not be available.
2026-01-09T20:08:11.653+03:00  WARN 4604 --- [order-service] [org.springframework.kafka.KafkaListenerEndpointContainer#0-0-C-1] org.apache.kafka.clients.NetworkClient   : [Consumer clientId=consumer-order-service-3, groupId=order-service] Bootstrap broker localhost:9092 (id: -1 rack: null) disconnected
2026-01-09T20:08:11.853+03:00  INFO 4604 --- [order-service] [org.springframework.kafka.KafkaListenerEndpointContainer#2-0-C-1] org.apache.kafka.clients.NetworkClient   : [Consumer clientId=consumer-order-service-1, groupId=order-service] Node -1 disconnected.
2026-01-09T20:08:11.853+03:00  WARN 4604 --- [order-service] [org.springframework.kafka.KafkaListenerEndpointContainer#2-0-C-1] org.apache.kafka.clients.NetworkClient   : [Consumer clientId=consumer-order-service-1, groupId=order-service] Connection to node -1 (localhost/127.0.0.1:9092) could not be established. Broker may not be available.
2026-01-09T20:08:11.853+03:00  WARN 4604 --- [order-service] [org.springframework.kafka.KafkaListenerEndpointContainer#2-0-C-1] org.apache.kafka.clients.NetworkClient   : [Consumer clientId=consumer-order-service-1, groupId=order-service] Bootstrap broker localhost:9092 (id: -1 rack: null) disconnected
2026-01-09T20:08:12.037+03:00  INFO 4604 --- [order-service] [org.springframework.kafka.KafkaListenerEndpointContainer#1-0-C-1] org.apache.kafka.clients.NetworkClient   : [Consumer clientId=consumer-order-service-4, groupId=order-service] Node -1 disconnected.
2026-01-09T20:08:12.037+03:00  WARN 4604 --- [order-service] [org.springframework.kafka.KafkaListenerEndpointContainer#1-0-C-1] org.apache.kafka.clients.NetworkClient   : [Consumer clientId=consumer-order-service-4, groupId=order-service] Connection to node -1 (localhost/127.0.0.1:9092) could not be established. Broker may not be available.
2026-01-09T20:08:12.037+03:00  WARN 4604 --- [order-service] [org.springframework.kafka.KafkaListenerEndpointContainer#1-0-C-1] org.apache.kafka.clients.NetworkClient   : [Consumer clientId=consumer-order-service-4, groupId=order-service] Bootstrap broker localhost:9092 (id: -1 rack: null) disconnected
2026-01-09T20:08:12.162+03:00  INFO 4604 --- [order-service] [org.springframework.kafka.KafkaListenerEndpointContainer#3-0-C-1] org.apache.kafka.clients.NetworkClient   : [Consumer clientId=consumer-order-service-2, groupId=order-service] Node -1 disconnected.
2026-01-09T20:08:12.162+03:00  WARN 4604 --- [order-service] [org.springframework.kafka.KafkaListenerEndpointContainer#3-0-C-1] org.apache.kafka.clients.NetworkClient   : [Consumer clientId=consumer-order-service-2, groupId=order-service] Connection to node -1 (localhost/127.0.0.1:9092) could not be established. Broker may not be available.
2026-01-09T20:08:12.162+03:00  WARN 4604 --- [order-service] [org.springframework.kafka.KafkaListenerEndpointContainer#3-0-C-1] org.apache.kafka.clients.NetworkClient   : [Consumer clientId=consumer-order-service-2, groupId=order-service] Bootstrap broker localhost:9092 (id: -1 rack: null) disconnected
2026-01-09T20:08:12.628+03:00  INFO 4604 --- [order-service] [org.springframework.kafka.KafkaListenerEndpointContainer#0-0-C-1] org.apache.kafka.clients.NetworkClient   : [Consumer clientId=consumer-order-service-3, groupId=order-service] Node -1 disconnected.
2026-01-09T20:08:12.628+03:00  WARN 4604 --- [order-service] [org.springframework.kafka.KafkaListenerEndpointContainer#0-0-C-1] org.apache.kafka.clients.NetworkClient   : [Consumer clientId=consumer-order-service-3, groupId=order-service] Connection to node -1 (localhost/127.0.0.1:9092) could not be established. Broker may not be available.
2026-01-09T20:08:12.628+03:00  WARN 4604 --- [order-service] [org.springframework.kafka.KafkaListenerEndpointContainer#0-0-C-1] org.apache.kafka.clients.NetworkClient   : [Consumer clientId=consumer-order-service-3, groupId=order-service] Bootstrap broker localhost:9092 (id: -1 rack: null) disconnected
2026-01-09T20:08:13.014+03:00  INFO 4604 --- [order-service] [org.springframework.kafka.KafkaListenerEndpointContainer#2-0-C-1] org.apache.kafka.clients.NetworkClient   : [Consumer clientId=consumer-order-service-1, groupId=order-service] Node -1 disconnected.
2026-01-09T20:08:13.014+03:00  WARN 4604 --- [order-service] [org.springframework.kafka.KafkaListenerEndpointContainer#2-0-C-1] org.apache.kafka.clients.NetworkClient   : [Consumer clientId=consumer-order-service-1, groupId=order-service] Connection to node -1 (localhost/127.0.0.1:9092) could not be established. Broker may not be available.
2026-01-09T20:08:13.014+03:00  WARN 4604 --- [order-service] [org.springframework.kafka.KafkaListenerEndpointContainer#2-0-C-1] org.apache.kafka.clients.NetworkClient   : [Consumer clientId=consumer-order-service-1, groupId=order-service] Bootstrap broker localhost:9092 (id: -1 rack: null) disconnected
2026-01-09T20:08:13.137+03:00  INFO 4604 --- [order-service] [org.springframework.kafka.KafkaListenerEndpointContainer#1-0-C-1] org.apache.kafka.clients.NetworkClient   : [Consumer clientId=consumer-order-service-4, groupId=order-service] Node -1 disconnected.
2026-01-09T20:08:13.138+03:00  WARN 4604 --- [order-service] [org.springframework.kafka.KafkaListenerEndpointContainer#1-0-C-1] org.apache.kafka.clients.NetworkClient   : [Consumer clientId=consumer-order-service-4, groupId=order-service] Connection to node -1 (localhost/127.0.0.1:9092) could not be established. Broker may not be available.
2026-01-09T20:08:13.138+03:00  WARN 4604 --- [order-service] [org.springframework.kafka.KafkaListenerEndpointContainer#1-0-C-1] org.apache.kafka.clients.NetworkClient   : [Consumer clientId=consumer-order-service-4, groupId=order-service] Bootstrap broker localhost:9092 (id: -1 rack: null) disconnected
2026-01-09T20:08:13.262+03:00  INFO 4604 --- [order-service] [org.springframework.kafka.KafkaListenerEndpointContainer#3-0-C-1] org.apache.kafka.clients.NetworkClient   : [Consumer clientId=consumer-order-service-2, groupId=order-service] Node -1 disconnected.
2026-01-09T20:08:13.262+03:00  WARN 4604 --- [order-service] [org.springframework.kafka.KafkaListenerEndpointContainer#3-0-C-1] org.apache.kafka.clients.NetworkClient   : [Consumer clientId=consumer-order-service-2, groupId=order-service] Connection to node -1 (localhost/127.0.0.1:9092) could not be established. Broker may not be available.
2026-01-09T20:08:13.262+03:00  WARN 4604 --- [order-service] [org.springframework.kafka.KafkaListenerEndpointContainer#3-0-C-1] org.apache.kafka.clients.NetworkClient   : [Consumer clientId=consumer-order-service-2, groupId=order-service] Bootstrap broker localhost:9092 (id: -1 rack: null) disconnected
2026-01-09T20:08:13.666+03:00  INFO 4604 --- [order-service] [org.springframework.kafka.KafkaListenerEndpointContainer#0-0-C-1] org.apache.kafka.clients.NetworkClient   : [Consumer clientId=consumer-order-service-3, groupId=order-service] Node -1 disconnected.
2026-01-09T20:08:13.666+03:00  WARN 4604 --- [order-service] [org.springframework.kafka.KafkaListenerEndpointContainer#0-0-C-1] org.apache.kafka.clients.NetworkClient   : [Consumer clientId=consumer-order-service-3, groupId=order-service] Connection to node -1 (localhost/127.0.0.1:9092) could not be established. Broker may not be available.
2026-01-09T20:08:13.666+03:00  WARN 4604 --- [order-service] [org.springframework.kafka.KafkaListenerEndpointContainer#0-0-C-1] org.apache.kafka.clients.NetworkClient   : [Consumer clientId=consumer-order-service-3, groupId=order-service] Bootstrap broker localhost:9092 (id: -1 rack: null) disconnected
2026-01-09T20:08:13.946+03:00  INFO 4604 --- [order-service] [org.springframework.kafka.KafkaListenerEndpointContainer#2-0-C-1] org.apache.kafka.clients.NetworkClient   : [Consumer clientId=consumer-order-service-1, groupId=order-service] Node -1 disconnected.
2026-01-09T20:08:13.946+03:00  WARN 4604 --- [order-service] [org.springframework.kafka.KafkaListenerEndpointContainer#2-0-C-1] org.apache.kafka.clients.NetworkClient   : [Consumer clientId=consumer-order-service-1, groupId=order-service] Connection to node -1 (localhost/127.0.0.1:9092) could not be established. Broker may not be available.
2026-01-09T20:08:13.946+03:00  WARN 4604 --- [order-service] [org.springframework.kafka.KafkaListenerEndpointContainer#2-0-C-1] org.apache.kafka.clients.NetworkClient   : [Consumer clientId=consumer-order-service-1, groupId=order-service] Bootstrap broker localhost:9092 (id: -1 rack: null) disconnected
2026-01-09T20:08:14.377+03:00  INFO 4604 --- [order-service] [org.springframework.kafka.KafkaListenerEndpointContainer#1-0-C-1] org.apache.kafka.clients.NetworkClient   : [Consumer clientId=consumer-order-service-4, groupId=order-service] Node -1 disconnected.
2026-01-09T20:08:14.378+03:00  WARN 4604 --- [order-service] [org.springframework.kafka.KafkaListenerEndpointContainer#1-0-C-1] org.apache.kafka.clients.NetworkClient   : [Consumer clientId=consumer-order-service-4, groupId=order-service] Connection to node -1 (localhost/127.0.0.1:9092) could not be established. Broker may not be available.
2026-01-09T20:08:14.378+03:00  WARN 4604 --- [order-service] [org.springframework.kafka.KafkaListenerEndpointContainer#1-0-C-1] org.apache.kafka.clients.NetworkClient   : [Consumer clientId=consumer-order-service-4, groupId=order-service] Bootstrap broker localhost:9092 (id: -1 rack: null) disconnected
2026-01-09T20:08:14.441+03:00  INFO 4604 --- [order-service] [org.springframework.kafka.KafkaListenerEndpointContainer#3-0-C-1] org.apache.kafka.clients.NetworkClient   : [Consumer clientId=consumer-order-service-2, groupId=order-service] Node -1 disconnected.
2026-01-09T20:08:14.441+03:00  WARN 4604 --- [order-service] [org.springframework.kafka.KafkaListenerEndpointContainer#3-0-C-1] org.apache.kafka.clients.NetworkClient   : [Consumer clientId=consumer-order-service-2, groupId=order-service] Connection to node -1 (localhost/127.0.0.1:9092) could not be established. Broker may not be available.
2026-01-09T20:08:14.441+03:00  WARN 4604 --- [order-service] [org.springframework.kafka.KafkaListenerEndpointContainer#3-0-C-1] org.apache.kafka.clients.NetworkClient   : [Consumer clientId=consumer-order-service-2, groupId=order-service] Bootstrap broker localhost:9092 (id: -1 rack: null) disconnected
2026-01-09T20:08:14.661+03:00  INFO 4604 --- [order-service] [org.springframework.kafka.KafkaListenerEndpointContainer#0-0-C-1] org.apache.kafka.clients.NetworkClient   : [Consumer clientId=consumer-order-service-3, groupId=order-service] Node -1 disconnected.
2026-01-09T20:08:14.661+03:00  WARN 4604 --- [order-service] [org.springframework.kafka.KafkaListenerEndpointContainer#0-0-C-1] org.apache.kafka.clients.NetworkClient   : [Consumer clientId=consumer-order-service-3, groupId=order-service] Connection to node -1 (localhost/127.0.0.1:9092) could not be established. Broker may not be available.
2026-01-09T20:08:14.661+03:00  WARN 4604 --- [order-service] [org.springframework.kafka.KafkaListenerEndpointContainer#0-0-C-1] org.apache.kafka.clients.NetworkClient   : [Consumer clientId=consumer-order-service-3, groupId=order-service] Bootstrap broker localhost:9092 (id: -1 rack: null) disconnected
2026-01-09T20:08:15.002+03:00  INFO 4604 --- [order-service] [org.springframework.kafka.KafkaListenerEndpointContainer#2-0-C-1] org.apache.kafka.clients.NetworkClient   : [Consumer clientId=consumer-order-service-1, groupId=order-service] Node -1 disconnected.
2026-01-09T20:08:15.002+03:00  WARN 4604 --- [order-service] [org.springframework.kafka.KafkaListenerEndpointContainer#2-0-C-1] org.apache.kafka.clients.NetworkClient   : [Consumer clientId=consumer-order-service-1, groupId=order-service] Connection to node -1 (localhost/127.0.0.1:9092) could not be established. Broker may not be available.
2026-01-09T20:08:15.002+03:00  WARN 4604 --- [order-service] [org.springframework.kafka.KafkaListenerEndpointContainer#2-0-C-1] org.apache.kafka.clients.NetworkClient   : [Consumer clientId=consumer-order-service-1, groupId=order-service] Bootstrap broker localhost:9092 (id: -1 rack: null) disconnected
2026-01-09T20:08:15.300+03:00  INFO 4604 --- [order-service] [org.springframework.kafka.KafkaListenerEndpointContainer#3-0-C-1] org.apache.kafka.clients.NetworkClient   : [Consumer clientId=consumer-order-service-2, groupId=order-service] Node -1 disconnected.
2026-01-09T20:08:15.300+03:00  INFO 4604 --- [order-service] [org.springframework.kafka.KafkaListenerEndpointContainer#1-0-C-1] org.apache.kafka.clients.NetworkClient   : [Consumer clientId=consumer-order-service-4, groupId=order-service] Node -1 disconnected.
2026-01-09T20:08:15.301+03:00  WARN 4604 --- [order-service] [org.springframework.kafka.KafkaListenerEndpointContainer#3-0-C-1] org.apache.kafka.clients.NetworkClient   : [Consumer clientId=consumer-order-service-2, groupId=order-service] Connection to node -1 (localhost/127.0.0.1:9092) could not be established. Broker may not be available.
2026-01-09T20:08:15.302+03:00  WARN 4604 --- [order-service] [org.springframework.kafka.KafkaListenerEndpointContainer#3-0-C-1] org.apache.kafka.clients.NetworkClient   : [Consumer clientId=consumer-order-service-2, groupId=order-service] Bootstrap broker localhost:9092 (id: -1 rack: null) disconnected
2026-01-09T20:08:15.302+03:00  WARN 4604 --- [order-service] [org.springframework.kafka.KafkaListenerEndpointContainer#1-0-C-1] org.apache.kafka.clients.NetworkClient   : [Consumer clientId=consumer-order-service-4, groupId=order-service] Connection to node -1 (localhost/127.0.0.1:9092) could not be established. Broker may not be available.
2026-01-09T20:08:15.302+03:00  WARN 4604 --- [order-service] [org.springframework.kafka.KafkaListenerEndpointContainer#1-0-C-1] org.apache.kafka.clients.NetworkClient   : [Consumer clientId=consumer-order-service-4, groupId=order-service] Bootstrap broker localhost:9092 (id: -1 rack: null) disconnected
2026-01-09T20:08:15.794+03:00  INFO 4604 --- [order-service] [org.springframework.kafka.KafkaListenerEndpointContainer#0-0-C-1] org.apache.kafka.clients.NetworkClient   : [Consumer clientId=consumer-order-service-3, groupId=order-service] Node -1 disconnected.
2026-01-09T20:08:15.794+03:00  WARN 4604 --- [order-service] [org.springframework.kafka.KafkaListenerEndpointContainer#0-0-C-1] org.apache.kafka.clients.NetworkClient   : [Consumer clientId=consumer-order-service-3, groupId=order-service] Connection to node -1 (localhost/127.0.0.1:9092) could not be established. Broker may not be available.
2026-01-09T20:08:15.794+03:00  WARN 4604 --- [order-service] [org.springframework.kafka.KafkaListenerEndpointContainer#0-0-C-1] org.apache.kafka.clients.NetworkClient   : [Consumer clientId=consumer-order-service-3, groupId=order-service] Bootstrap broker localhost:9092 (id: -1 rack: null) disconnected
2026-01-09T20:08:15.919+03:00  INFO 4604 --- [order-service] [org.springframework.kafka.KafkaListenerEndpointContainer#2-0-C-1] org.apache.kafka.clients.NetworkClient   : [Consumer clientId=consumer-order-service-1, groupId=order-service] Node -1 disconnected.
2026-01-09T20:08:15.919+03:00  WARN 4604 --- [order-service] [org.springframework.kafka.KafkaListenerEndpointContainer#2-0-C-1] org.apache.kafka.clients.NetworkClient   : [Consumer clientId=consumer-order-service-1, groupId=order-service] Connection to node -1 (localhost/127.0.0.1:9092) could not be established. Broker may not be available.
2026-01-09T20:08:15.919+03:00  WARN 4604 --- [order-service] [org.springframework.kafka.KafkaListenerEndpointContainer#2-0-C-1] org.apache.kafka.clients.NetworkClient   : [Consumer clientId=consumer-order-service-1, groupId=order-service] Bootstrap broker localhost:9092 (id: -1 rack: null) disconnected
2026-01-09T20:08:16.134+03:00  INFO 4604 --- [order-service] [org.springframework.kafka.KafkaListenerEndpointContainer#1-0-C-1] org.apache.kafka.clients.NetworkClient   : [Consumer clientId=consumer-order-service-4, groupId=order-service] Node -1 disconnected.
2026-01-09T20:08:16.134+03:00  WARN 4604 --- [order-service] [org.springframework.kafka.KafkaListenerEndpointContainer#1-0-C-1] org.apache.kafka.clients.NetworkClient   : [Consumer clientId=consumer-order-service-4, groupId=order-service] Connection to node -1 (localhost/127.0.0.1:9092) could not be established. Broker may not be available.
2026-01-09T20:08:16.134+03:00  WARN 4604 --- [order-service] [org.springframework.kafka.KafkaListenerEndpointContainer#1-0-C-1] org.apache.kafka.clients.NetworkClient   : [Consumer clientId=consumer-order-service-4, groupId=order-service] Bootstrap broker localhost:9092 (id: -1 rack: null) disconnected
2026-01-09T20:08:16.307+03:00  INFO 4604 --- [order-service] [org.springframework.kafka.KafkaListenerEndpointContainer#3-0-C-1] org.apache.kafka.clients.NetworkClient   : [Consumer clientId=consumer-order-service-2, groupId=order-service] Node -1 disconnected.
2026-01-09T20:08:16.307+03:00  WARN 4604 --- [order-service] [org.springframework.kafka.KafkaListenerEndpointContainer#3-0-C-1] org.apache.kafka.clients.NetworkClient   : [Consumer clientId=consumer-order-service-2, groupId=order-service] Connection to node -1 (localhost/127.0.0.1:9092) could not be established. Broker may not be available.
2026-01-09T20:08:16.307+03:00  WARN 4604 --- [order-service] [org.springframework.kafka.KafkaListenerEndpointContainer#3-0-C-1] org.apache.kafka.clients.NetworkClient   : [Consumer clientId=consumer-order-service-2, groupId=order-service] Bootstrap broker localhost:9092 (id: -1 rack: null) disconnected
2026-01-09T20:08:16.775+03:00  INFO 4604 --- [order-service] [org.springframework.kafka.KafkaListenerEndpointContainer#0-0-C-1] org.apache.kafka.clients.NetworkClient   : [Consumer clientId=consumer-order-service-3, groupId=order-service] Node -1 disconnected.
2026-01-09T20:08:16.775+03:00  WARN 4604 --- [order-service] [org.springframework.kafka.KafkaListenerEndpointContainer#0-0-C-1] org.apache.kafka.clients.NetworkClient   : [Consumer clientId=consumer-order-service-3, groupId=order-service] Connection to node -1 (localhost/127.0.0.1:9092) could not be established. Broker may not be available.
2026-01-09T20:08:16.776+03:00  WARN 4604 --- [order-service] [org.springframework.kafka.KafkaListenerEndpointContainer#0-0-C-1] org.apache.kafka.clients.NetworkClient   : [Consumer clientId=consumer-order-service-3, groupId=order-service] Bootstrap broker localhost:9092 (id: -1 rack: null) disconnected
2026-01-09T20:08:16.913+03:00  INFO 4604 --- [order-service] [org.springframework.kafka.KafkaListenerEndpointContainer#2-0-C-1] org.apache.kafka.clients.NetworkClient   : [Consumer clientId=consumer-order-service-1, groupId=order-service] Node -1 disconnected.
2026-01-09T20:08:16.914+03:00  WARN 4604 --- [order-service] [org.springframework.kafka.KafkaListenerEndpointContainer#2-0-C-1] org.apache.kafka.clients.NetworkClient   : [Consumer clientId=consumer-order-service-1, groupId=order-service] Connection to node -1 (localhost/127.0.0.1:9092) could not be established. Broker may not be available.
2026-01-09T20:08:16.914+03:00  WARN 4604 --- [order-service] [org.springframework.kafka.KafkaListenerEndpointContainer#2-0-C-1] org.apache.kafka.clients.NetworkClient   : [Consumer clientId=consumer-order-service-1, groupId=order-service] Bootstrap broker localhost:9092 (id: -1 rack: null) disconnected
2026-01-09T20:08:17.242+03:00  INFO 4604 --- [order-service] [org.springframework.kafka.KafkaListenerEndpointContainer#1-0-C-1] org.apache.kafka.clients.NetworkClient   : [Consumer clientId=consumer-order-service-4, groupId=order-service] Node -1 disconnected.
2026-01-09T20:08:17.242+03:00  WARN 4604 --- [order-service] [org.springframework.kafka.KafkaListenerEndpointContainer#1-0-C-1] org.apache.kafka.clients.NetworkClient   : [Consumer clientId=consumer-order-service-4, groupId=order-service] Connection to node -1 (localhost/127.0.0.1:9092) could not be established. Broker may not be available.
2026-01-09T20:08:17.242+03:00  WARN 4604 --- [order-service] [org.springframework.kafka.KafkaListenerEndpointContainer#1-0-C-1] org.apache.kafka.clients.NetworkClient   : [Consumer clientId=consumer-order-service-4, groupId=order-service] Bootstrap broker localhost:9092 (id: -1 rack: null) disconnected
2026-01-09T20:08:17.290+03:00  INFO 4604 --- [order-service] [org.springframework.kafka.KafkaListenerEndpointContainer#3-0-C-1] org.apache.kafka.clients.NetworkClient   : [Consumer clientId=consumer-order-service-2, groupId=order-service] Node -1 disconnected.
2026-01-09T20:08:17.290+03:00  WARN 4604 --- [order-service] [org.springframework.kafka.KafkaListenerEndpointContainer#3-0-C-1] org.apache.kafka.clients.NetworkClient   : [Consumer clientId=consumer-order-service-2, groupId=order-service] Connection to node -1 (localhost/127.0.0.1:9092) could not be established. Broker may not be available.
2026-01-09T20:08:17.290+03:00  WARN 4604 --- [order-service] [org.springframework.kafka.KafkaListenerEndpointContainer#3-0-C-1] org.apache.kafka.clients.NetworkClient   : [Consumer clientId=consumer-order-service-2, groupId=order-service] Bootstrap broker localhost:9092 (id: -1 rack: null) disconnected
2026-01-09T20:08:17.957+03:00  INFO 4604 --- [order-service] [org.springframework.kafka.KafkaListenerEndpointContainer#0-0-C-1] org.apache.kafka.clients.NetworkClient   : [Consumer clientId=consumer-order-service-3, groupId=order-service] Node -1 disconnected.
2026-01-09T20:08:17.958+03:00  WARN 4604 --- [order-service] [org.springframework.kafka.KafkaListenerEndpointContainer#0-0-C-1] org.apache.kafka.clients.NetworkClient   : [Consumer clientId=consumer-order-service-3, groupId=order-service] Connection to node -1 (localhost/127.0.0.1:9092) could not be established. Broker may not be available.
2026-01-09T20:08:17.958+03:00  WARN 4604 --- [order-service] [org.springframework.kafka.KafkaListenerEndpointContainer#0-0-C-1] org.apache.kafka.clients.NetworkClient   : [Consumer clientId=consumer-order-service-3, groupId=order-service] Bootstrap broker localhost:9092 (id: -1 rack: null) disconnected
2026-01-09T20:08:18.035+03:00  INFO 4604 --- [order-service] [org.springframework.kafka.KafkaListenerEndpointContainer#2-0-C-1] org.apache.kafka.clients.NetworkClient   : [Consumer clientId=consumer-order-service-1, groupId=order-service] Node -1 disconnected.
2026-01-09T20:08:18.035+03:00  WARN 4604 --- [order-service] [org.springframework.kafka.KafkaListenerEndpointContainer#2-0-C-1] org.apache.kafka.clients.NetworkClient   : [Consumer clientId=consumer-order-service-1, groupId=order-service] Connection to node -1 (localhost/127.0.0.1:9092) could not be established. Broker may not be available.
2026-01-09T20:08:18.035+03:00  WARN 4604 --- [order-service] [org.springframework.kafka.KafkaListenerEndpointContainer#2-0-C-1] org.apache.kafka.clients.NetworkClient   : [Consumer clientId=consumer-order-service-1, groupId=order-service] Bootstrap broker localhost:9092 (id: -1 rack: null) disconnected
2026-01-09T20:08:18.225+03:00  INFO 4604 --- [order-service] [org.springframework.kafka.KafkaListenerEndpointContainer#1-0-C-1] org.apache.kafka.clients.NetworkClient   : [Consumer clientId=consumer-order-service-4, groupId=order-service] Node -1 disconnected.
2026-01-09T20:08:18.226+03:00  WARN 4604 --- [order-service] [org.springframework.kafka.KafkaListenerEndpointContainer#1-0-C-1] org.apache.kafka.clients.NetworkClient   : [Consumer clientId=consumer-order-service-4, groupId=order-service] Connection to node -1 (localhost/127.0.0.1:9092) could not be established. Broker may not be available.
2026-01-09T20:08:18.226+03:00  WARN 4604 --- [order-service] [org.springframework.kafka.KafkaListenerEndpointContainer#1-0-C-1] org.apache.kafka.clients.NetworkClient   : [Consumer clientId=consumer-order-service-4, groupId=order-service] Bootstrap broker localhost:9092 (id: -1 rack: null) disconnected
2026-01-09T20:08:18.456+03:00  INFO 4604 --- [order-service] [org.springframework.kafka.KafkaListenerEndpointContainer#3-0-C-1] org.apache.kafka.clients.NetworkClient   : [Consumer clientId=consumer-order-service-2, groupId=order-service] Node -1 disconnected.
2026-01-09T20:08:18.456+03:00  WARN 4604 --- [order-service] [org.springframework.kafka.KafkaListenerEndpointContainer#3-0-C-1] org.apache.kafka.clients.NetworkClient   : [Consumer clientId=consumer-order-service-2, groupId=order-service] Connection to node -1 (localhost/127.0.0.1:9092) could not be established. Broker may not be available.
2026-01-09T20:08:18.456+03:00  WARN 4604 --- [order-service] [org.springframework.kafka.KafkaListenerEndpointContainer#3-0-C-1] org.apache.kafka.clients.NetworkClient   : [Consumer clientId=consumer-order-service-2, groupId=order-service] Bootstrap broker localhost:9092 (id: -1 rack: null) disconnected
2026-01-09T20:08:19.129+03:00  INFO 4604 --- [order-service] [org.springframework.kafka.KafkaListenerEndpointContainer#0-0-C-1] org.apache.kafka.clients.NetworkClient   : [Consumer clientId=consumer-order-service-3, groupId=order-service] Node -1 disconnected.
2026-01-09T20:08:19.129+03:00  WARN 4604 --- [order-service] [org.springframework.kafka.KafkaListenerEndpointContainer#0-0-C-1] org.apache.kafka.clients.NetworkClient   : [Consumer clientId=consumer-order-service-3, groupId=order-service] Connection to node -1 (localhost/127.0.0.1:9092) could not be established. Broker may not be available.
2026-01-09T20:08:19.129+03:00  WARN 4604 --- [order-service] [org.springframework.kafka.KafkaListenerEndpointContainer#0-0-C-1] org.apache.kafka.clients.NetworkClient   : [Consumer clientId=consumer-order-service-3, groupId=order-service] Bootstrap broker localhost:9092 (id: -1 rack: null) disconnected
2026-01-09T20:08:19.157+03:00  INFO 4604 --- [order-service] [org.springframework.kafka.KafkaListenerEndpointContainer#2-0-C-1] org.apache.kafka.clients.NetworkClient   : [Consumer clientId=consumer-order-service-1, groupId=order-service] Node -1 disconnected.
2026-01-09T20:08:19.158+03:00  WARN 4604 --- [order-service] [org.springframework.kafka.KafkaListenerEndpointContainer#2-0-C-1] org.apache.kafka.clients.NetworkClient   : [Consumer clientId=consumer-order-service-1, groupId=order-service] Connection to node -1 (localhost/127.0.0.1:9092) could not be established. Broker may not be available.
2026-01-09T20:08:19.158+03:00  WARN 4604 --- [order-service] [org.springframework.kafka.KafkaListenerEndpointContainer#2-0-C-1] org.apache.kafka.clients.NetworkClient   : [Consumer clientId=consumer-order-service-1, groupId=order-service] Bootstrap broker localhost:9092 (id: -1 rack: null) disconnected
2026-01-09T20:08:19.267+03:00  INFO 4604 --- [order-service] [org.springframework.kafka.KafkaListenerEndpointContainer#1-0-C-1] org.apache.kafka.clients.NetworkClient   : [Consumer clientId=consumer-order-service-4, groupId=order-service] Node -1 disconnected.
2026-01-09T20:08:19.268+03:00  WARN 4604 --- [order-service] [org.springframework.kafka.KafkaListenerEndpointContainer#1-0-C-1] org.apache.kafka.clients.NetworkClient   : [Consumer clientId=consumer-order-service-4, groupId=order-service] Connection to node -1 (localhost/127.0.0.1:9092) could not be established. Broker may not be available.
2026-01-09T20:08:19.268+03:00  WARN 4604 --- [order-service] [org.springframework.kafka.KafkaListenerEndpointContainer#1-0-C-1] org.apache.kafka.clients.NetworkClient   : [Consumer clientId=consumer-order-service-4, groupId=order-service] Bootstrap broker localhost:9092 (id: -1 rack: null) disconnected
2026-01-09T20:08:19.498+03:00  INFO 4604 --- [order-service] [org.springframework.kafka.KafkaListenerEndpointContainer#3-0-C-1] org.apache.kafka.clients.NetworkClient   : [Consumer clientId=consumer-order-service-2, groupId=order-service] Node -1 disconnected.
2026-01-09T20:08:19.498+03:00  WARN 4604 --- [order-service] [org.springframework.kafka.KafkaListenerEndpointContainer#3-0-C-1] org.apache.kafka.clients.NetworkClient   : [Consumer clientId=consumer-order-service-2, groupId=order-service] Connection to node -1 (localhost/127.0.0.1:9092) could not be established. Broker may not be available.
2026-01-09T20:08:19.498+03:00  WARN 4604 --- [order-service] [org.springframework.kafka.KafkaListenerEndpointContainer#3-0-C-1] org.apache.kafka.clients.NetworkClient   : [Consumer clientId=consumer-order-service-2, groupId=order-service] Bootstrap broker localhost:9092 (id: -1 rack: null) disconnected
2026-01-09T20:08:20.261+03:00  INFO 4604 --- [order-service] [org.springframework.kafka.KafkaListenerEndpointContainer#2-0-C-1] org.apache.kafka.clients.NetworkClient   : [Consumer clientId=consumer-order-service-1, groupId=order-service] Node -1 disconnected.
2026-01-09T20:08:20.262+03:00  WARN 4604 --- [order-service] [org.springframework.kafka.KafkaListenerEndpointContainer#2-0-C-1] org.apache.kafka.clients.NetworkClient   : [Consumer clientId=consumer-order-service-1, groupId=order-service] Connection to node -1 (localhost/127.0.0.1:9092) could not be established. Broker may not be available.
2026-01-09T20:08:20.262+03:00  WARN 4604 --- [order-service] [org.springframework.kafka.KafkaListenerEndpointContainer#2-0-C-1] org.apache.kafka.clients.NetworkClient   : [Consumer clientId=consumer-order-service-1, groupId=order-service] Bootstrap broker localhost:9092 (id: -1 rack: null) disconnected
2026-01-09T20:08:20.353+03:00  INFO 4604 --- [order-service] [org.springframework.kafka.KafkaListenerEndpointContainer#0-0-C-1] org.apache.kafka.clients.NetworkClient   : [Consumer clientId=consumer-order-service-3, groupId=order-service] Node -1 disconnected.
2026-01-09T20:08:20.355+03:00  WARN 4604 --- [order-service] [org.springframework.kafka.KafkaListenerEndpointContainer#0-0-C-1] org.apache.kafka.clients.NetworkClient   : [Consumer clientId=consumer-order-service-3, groupId=order-service] Connection to node -1 (localhost/127.0.0.1:9092) could not be established. Broker may not be available.
2026-01-09T20:08:20.355+03:00  WARN 4604 --- [order-service] [org.springframework.kafka.KafkaListenerEndpointContainer#0-0-C-1] org.apache.kafka.clients.NetworkClient   : [Consumer clientId=consumer-order-service-3, groupId=order-service] Bootstrap broker localhost:9092 (id: -1 rack: null) disconnected
2026-01-09T20:08:20.446+03:00  INFO 4604 --- [order-service] [org.springframework.kafka.KafkaListenerEndpointContainer#1-0-C-1] org.apache.kafka.clients.NetworkClient   : [Consumer clientId=consumer-order-service-4, groupId=order-service] Node -1 disconnected.
2026-01-09T20:08:20.446+03:00  WARN 4604 --- [order-service] [org.springframework.kafka.KafkaListenerEndpointContainer#1-0-C-1] org.apache.kafka.clients.NetworkClient   : [Consumer clientId=consumer-order-service-4, groupId=order-service] Connection to node -1 (localhost/127.0.0.1:9092) could not be established. Broker may not be available.
2026-01-09T20:08:20.446+03:00  WARN 4604 --- [order-service] [org.springframework.kafka.KafkaListenerEndpointContainer#1-0-C-1] org.apache.kafka.clients.NetworkClient   : [Consumer clientId=consumer-order-service-4, groupId=order-service] Bootstrap broker localhost:9092 (id: -1 rack: null) disconnected
2026-01-09T20:08:20.633+03:00  INFO 4604 --- [order-service] [org.springframework.kafka.KafkaListenerEndpointContainer#3-0-C-1] org.apache.kafka.clients.NetworkClient   : [Consumer clientId=consumer-order-service-2, groupId=order-service] Node -1 disconnected.
2026-01-09T20:08:20.634+03:00  WARN 4604 --- [order-service] [org.springframework.kafka.KafkaListenerEndpointContainer#3-0-C-1] org.apache.kafka.clients.NetworkClient   : [Consumer clientId=consumer-order-service-2, groupId=order-service] Connection to node -1 (localhost/127.0.0.1:9092) could not be established. Broker may not be available.
2026-01-09T20:08:20.634+03:00  WARN 4604 --- [order-service] [org.springframework.kafka.KafkaListenerEndpointContainer#3-0-C-1] org.apache.kafka.clients.NetworkClient   : [Consumer clientId=consumer-order-service-2, groupId=order-service] Bootstrap broker localhost:9092 (id: -1 rack: null) disconnected
2026-01-09T20:08:21.116+03:00  INFO 4604 --- [order-service] [org.springframework.kafka.KafkaListenerEndpointContainer#2-0-C-1] org.apache.kafka.clients.NetworkClient   : [Consumer clientId=consumer-order-service-1, groupId=order-service] Node -1 disconnected.
2026-01-09T20:08:21.116+03:00  WARN 4604 --- [order-service] [org.springframework.kafka.KafkaListenerEndpointContainer#2-0-C-1] org.apache.kafka.clients.NetworkClient   : [Consumer clientId=consumer-order-service-1, groupId=order-service] Connection to node -1 (localhost/127.0.0.1:9092) could not be established. Broker may not be available.
2026-01-09T20:08:21.116+03:00  WARN 4604 --- [order-service] [org.springframework.kafka.KafkaListenerEndpointContainer#2-0-C-1] org.apache.kafka.clients.NetworkClient   : [Consumer clientId=consumer-order-service-1, groupId=order-service] Bootstrap broker localhost:9092 (id: -1 rack: null) disconnected
2026-01-09T20:08:21.302+03:00  INFO 4604 --- [order-service] [org.springframework.kafka.KafkaListenerEndpointContainer#0-0-C-1] org.apache.kafka.clients.NetworkClient   : [Consumer clientId=consumer-order-service-3, groupId=order-service] Node -1 disconnected.
2026-01-09T20:08:21.302+03:00  WARN 4604 --- [order-service] [org.springframework.kafka.KafkaListenerEndpointContainer#0-0-C-1] org.apache.kafka.clients.NetworkClient   : [Consumer clientId=consumer-order-service-3, groupId=order-service] Connection to node -1 (localhost/127.0.0.1:9092) could not be established. Broker may not be available.
2026-01-09T20:08:21.302+03:00  WARN 4604 --- [order-service] [org.springframework.kafka.KafkaListenerEndpointContainer#0-0-C-1] org.apache.kafka.clients.NetworkClient   : [Consumer clientId=consumer-order-service-3, groupId=order-service] Bootstrap broker localhost:9092 (id: -1 rack: null) disconnected
2026-01-09T20:08:21.395+03:00  INFO 4604 --- [order-service] [org.springframework.kafka.KafkaListenerEndpointContainer#1-0-C-1] org.apache.kafka.clients.NetworkClient   : [Consumer clientId=consumer-order-service-4, groupId=order-service] Node -1 disconnected.
2026-01-09T20:08:21.395+03:00  WARN 4604 --- [order-service] [org.springframework.kafka.KafkaListenerEndpointContainer#1-0-C-1] org.apache.kafka.clients.NetworkClient   : [Consumer clientId=consumer-order-service-4, groupId=order-service] Connection to node -1 (localhost/127.0.0.1:9092) could not be established. Broker may not be available.
2026-01-09T20:08:21.395+03:00  WARN 4604 --- [order-service] [org.springframework.kafka.KafkaListenerEndpointContainer#1-0-C-1] org.apache.kafka.clients.NetworkClient   : [Consumer clientId=consumer-order-service-4, groupId=order-service] Bootstrap broker localhost:9092 (id: -1 rack: null) disconnected
2026-01-09T20:08:21.800+03:00  INFO 4604 --- [order-service] [org.springframework.kafka.KafkaListenerEndpointContainer#3-0-C-1] org.apache.kafka.clients.NetworkClient   : [Consumer clientId=consumer-order-service-2, groupId=order-service] Node -1 disconnected.
2026-01-09T20:08:21.800+03:00  WARN 4604 --- [order-service] [org.springframework.kafka.KafkaListenerEndpointContainer#3-0-C-1] org.apache.kafka.clients.NetworkClient   : [Consumer clientId=consumer-order-service-2, groupId=order-service] Connection to node -1 (localhost/127.0.0.1:9092) could not be established. Broker may not be available.
2026-01-09T20:08:21.800+03:00  WARN 4604 --- [order-service] [org.springframework.kafka.KafkaListenerEndpointContainer#3-0-C-1] org.apache.kafka.clients.NetworkClient   : [Consumer clientId=consumer-order-service-2, groupId=order-service] Bootstrap broker localhost:9092 (id: -1 rack: null) disconnected
2026-01-09T20:08:22.158+03:00  INFO 4604 --- [order-service] [org.springframework.kafka.KafkaListenerEndpointContainer#0-0-C-1] org.apache.kafka.clients.NetworkClient   : [Consumer clientId=consumer-order-service-3, groupId=order-service] Node -1 disconnected.
2026-01-09T20:08:22.158+03:00  WARN 4604 --- [order-service] [org.springframework.kafka.KafkaListenerEndpointContainer#0-0-C-1] org.apache.kafka.clients.NetworkClient   : [Consumer clientId=consumer-order-service-3, groupId=order-service] Connection to node -1 (localhost/127.0.0.1:9092) could not be established. Broker may not be available.
2026-01-09T20:08:22.158+03:00  WARN 4604 --- [order-service] [org.springframework.kafka.KafkaListenerEndpointContainer#0-0-C-1] org.apache.kafka.clients.NetworkClient   : [Consumer clientId=consumer-order-service-3, groupId=order-service] Bootstrap broker localhost:9092 (id: -1 rack: null) disconnected
2026-01-09T20:08:22.282+03:00  INFO 4604 --- [order-service] [org.springframework.kafka.KafkaListenerEndpointContainer#2-0-C-1] org.apache.kafka.clients.NetworkClient   : [Consumer clientId=consumer-order-service-1, groupId=order-service] Node -1 disconnected.
2026-01-09T20:08:22.282+03:00  WARN 4604 --- [order-service] [org.springframework.kafka.KafkaListenerEndpointContainer#2-0-C-1] org.apache.kafka.clients.NetworkClient   : [Consumer clientId=consumer-order-service-1, groupId=order-service] Connection to node -1 (localhost/127.0.0.1:9092) could not be established. Broker may not be available.
2026-01-09T20:08:22.282+03:00  WARN 4604 --- [order-service] [org.springframework.kafka.KafkaListenerEndpointContainer#2-0-C-1] org.apache.kafka.clients.NetworkClient   : [Consumer clientId=consumer-order-service-1, groupId=order-service] Bootstrap broker localhost:9092 (id: -1 rack: null) disconnected
2026-01-09T20:08:22.377+03:00  INFO 4604 --- [order-service] [org.springframework.kafka.KafkaListenerEndpointContainer#1-0-C-1] org.apache.kafka.clients.NetworkClient   : [Consumer clientId=consumer-order-service-4, groupId=order-service] Node -1 disconnected.
2026-01-09T20:08:22.377+03:00  WARN 4604 --- [order-service] [org.springframework.kafka.KafkaListenerEndpointContainer#1-0-C-1] org.apache.kafka.clients.NetworkClient   : [Consumer clientId=consumer-order-service-4, groupId=order-service] Connection to node -1 (localhost/127.0.0.1:9092) could not be established. Broker may not be available.
2026-01-09T20:08:22.377+03:00  WARN 4604 --- [order-service] [org.springframework.kafka.KafkaListenerEndpointContainer#1-0-C-1] org.apache.kafka.clients.NetworkClient   : [Consumer clientId=consumer-order-service-4, groupId=order-service] Bootstrap broker localhost:9092 (id: -1 rack: null) disconnected
2026-01-09T20:08:23.027+03:00  INFO 4604 --- [order-service] [org.springframework.kafka.KafkaListenerEndpointContainer#3-0-C-1] org.apache.kafka.clients.NetworkClient   : [Consumer clientId=consumer-order-service-2, groupId=order-service] Node -1 disconnected.
2026-01-09T20:08:23.027+03:00  WARN 4604 --- [order-service] [org.springframework.kafka.KafkaListenerEndpointContainer#3-0-C-1] org.apache.kafka.clients.NetworkClient   : [Consumer clientId=consumer-order-service-2, groupId=order-service] Connection to node -1 (localhost/127.0.0.1:9092) could not be established. Broker may not be available.
2026-01-09T20:08:23.027+03:00  WARN 4604 --- [order-service] [org.springframework.kafka.KafkaListenerEndpointContainer#3-0-C-1] org.apache.kafka.clients.NetworkClient   : [Consumer clientId=consumer-order-service-2, groupId=order-service] Bootstrap broker localhost:9092 (id: -1 rack: null) disconnected
2026-01-09T20:08:23.197+03:00  INFO 4604 --- [order-service] [org.springframework.kafka.KafkaListenerEndpointContainer#0-0-C-1] org.apache.kafka.clients.NetworkClient   : [Consumer clientId=consumer-order-service-3, groupId=order-service] Node -1 disconnected.
2026-01-09T20:08:23.197+03:00  WARN 4604 --- [order-service] [org.springframework.kafka.KafkaListenerEndpointContainer#0-0-C-1] org.apache.kafka.clients.NetworkClient   : [Consumer clientId=consumer-order-service-3, groupId=order-service] Connection to node -1 (localhost/127.0.0.1:9092) could not be established. Broker may not be available.
2026-01-09T20:08:23.197+03:00  WARN 4604 --- [order-service] [org.springframework.kafka.KafkaListenerEndpointContainer#0-0-C-1] org.apache.kafka.clients.NetworkClient   : [Consumer clientId=consumer-order-service-3, groupId=order-service] Bootstrap broker localhost:9092 (id: -1 rack: null) disconnected
2026-01-09T20:08:23.260+03:00  INFO 4604 --- [order-service] [org.springframework.kafka.KafkaListenerEndpointContainer#2-0-C-1] org.apache.kafka.clients.NetworkClient   : [Consumer clientId=consumer-order-service-1, groupId=order-service] Node -1 disconnected.
2026-01-09T20:08:23.260+03:00  WARN 4604 --- [order-service] [org.springframework.kafka.KafkaListenerEndpointContainer#2-0-C-1] org.apache.kafka.clients.NetworkClient   : [Consumer clientId=consumer-order-service-1, groupId=order-service] Connection to node -1 (localhost/127.0.0.1:9092) could not be established. Broker may not be available.
2026-01-09T20:08:23.260+03:00  WARN 4604 --- [order-service] [org.springframework.kafka.KafkaListenerEndpointContainer#2-0-C-1] org.apache.kafka.clients.NetworkClient   : [Consumer clientId=consumer-order-service-1, groupId=order-service] Bootstrap broker localhost:9092 (id: -1 rack: null) disconnected
2026-01-09T20:08:23.292+03:00  INFO 4604 --- [order-service] [org.springframework.kafka.KafkaListenerEndpointContainer#1-0-C-1] org.apache.kafka.clients.NetworkClient   : [Consumer clientId=consumer-order-service-4, groupId=order-service] Node -1 disconnected.
2026-01-09T20:08:23.293+03:00  WARN 4604 --- [order-service] [org.springframework.kafka.KafkaListenerEndpointContainer#1-0-C-1] org.apache.kafka.clients.NetworkClient   : [Consumer clientId=consumer-order-service-4, groupId=order-service] Connection to node -1 (localhost/127.0.0.1:9092) could not be established. Broker may not be available.
2026-01-09T20:08:23.293+03:00  WARN 4604 --- [order-service] [org.springframework.kafka.KafkaListenerEndpointContainer#1-0-C-1] org.apache.kafka.clients.NetworkClient   : [Consumer clientId=consumer-order-service-4, groupId=order-service] Bootstrap broker localhost:9092 (id: -1 rack: null) disconnected
2026-01-09T20:08:23.962+03:00  INFO 4604 --- [order-service] [org.springframework.kafka.KafkaListenerEndpointContainer#3-0-C-1] org.apache.kafka.clients.NetworkClient   : [Consumer clientId=consumer-order-service-2, groupId=order-service] Node -1 disconnected.
2026-01-09T20:08:23.962+03:00  WARN 4604 --- [order-service] [org.springframework.kafka.KafkaListenerEndpointContainer#3-0-C-1] org.apache.kafka.clients.NetworkClient   : [Consumer clientId=consumer-order-service-2, groupId=order-service] Connection to node -1 (localhost/127.0.0.1:9092) could not be established. Broker may not be available.
2026-01-09T20:08:23.962+03:00  WARN 4604 --- [order-service] [org.springframework.kafka.KafkaListenerEndpointContainer#3-0-C-1] org.apache.kafka.clients.NetworkClient   : [Consumer clientId=consumer-order-service-2, groupId=order-service] Bootstrap broker localhost:9092 (id: -1 rack: null) disconnected
2026-01-09T20:08:24.118+03:00  INFO 4604 --- [order-service] [org.springframework.kafka.KafkaListenerEndpointContainer#0-0-C-1] org.apache.kafka.clients.NetworkClient   : [Consumer clientId=consumer-order-service-3, groupId=order-service] Node -1 disconnected.
2026-01-09T20:08:24.118+03:00  WARN 4604 --- [order-service] [org.springframework.kafka.KafkaListenerEndpointContainer#0-0-C-1] org.apache.kafka.clients.NetworkClient   : [Consumer clientId=consumer-order-service-3, groupId=order-service] Connection to node -1 (localhost/127.0.0.1:9092) could not be established. Broker may not be available.
2026-01-09T20:08:24.118+03:00  WARN 4604 --- [order-service] [org.springframework.kafka.KafkaListenerEndpointContainer#0-0-C-1] org.apache.kafka.clients.NetworkClient   : [Consumer clientId=consumer-order-service-3, groupId=order-service] Bootstrap broker localhost:9092 (id: -1 rack: null) disconnected
2026-01-09T20:08:24.303+03:00  INFO 4604 --- [order-service] [org.springframework.kafka.KafkaListenerEndpointContainer#2-0-C-1] org.apache.kafka.clients.NetworkClient   : [Consumer clientId=consumer-order-service-1, groupId=order-service] Node -1 disconnected.
2026-01-09T20:08:24.303+03:00  WARN 4604 --- [order-service] [org.springframework.kafka.KafkaListenerEndpointContainer#2-0-C-1] org.apache.kafka.clients.NetworkClient   : [Consumer clientId=consumer-order-service-1, groupId=order-service] Connection to node -1 (localhost/127.0.0.1:9092) could not be established. Broker may not be available.
2026-01-09T20:08:24.303+03:00  WARN 4604 --- [order-service] [org.springframework.kafka.KafkaListenerEndpointContainer#2-0-C-1] org.apache.kafka.clients.NetworkClient   : [Consumer clientId=consumer-order-service-1, groupId=order-service] Bootstrap broker localhost:9092 (id: -1 rack: null) disconnected
2026-01-09T20:08:24.472+03:00  INFO 4604 --- [order-service] [org.springframework.kafka.KafkaListenerEndpointContainer#1-0-C-1] org.apache.kafka.clients.NetworkClient   : [Consumer clientId=consumer-order-service-4, groupId=order-service] Node -1 disconnected.
2026-01-09T20:08:24.472+03:00  WARN 4604 --- [order-service] [org.springframework.kafka.KafkaListenerEndpointContainer#1-0-C-1] org.apache.kafka.clients.NetworkClient   : [Consumer clientId=consumer-order-service-4, groupId=order-service] Connection to node -1 (localhost/127.0.0.1:9092) could not be established. Broker may not be available.
2026-01-09T20:08:24.472+03:00  WARN 4604 --- [order-service] [org.springframework.kafka.KafkaListenerEndpointContainer#1-0-C-1] org.apache.kafka.clients.NetworkClient   : [Consumer clientId=consumer-order-service-4, groupId=order-service] Bootstrap broker localhost:9092 (id: -1 rack: null) disconnected
2026-01-09T20:08:24.828+03:00  INFO 4604 --- [order-service] [org.springframework.kafka.KafkaListenerEndpointContainer#3-0-C-1] org.apache.kafka.clients.NetworkClient   : [Consumer clientId=consumer-order-service-2, groupId=order-service] Node -1 disconnected.
2026-01-09T20:08:24.830+03:00  WARN 4604 --- [order-service] [org.springframework.kafka.KafkaListenerEndpointContainer#3-0-C-1] org.apache.kafka.clients.NetworkClient   : [Consumer clientId=consumer-order-service-2, groupId=order-service] Connection to node -1 (localhost/127.0.0.1:9092) could not be established. Broker may not be available.
2026-01-09T20:08:24.830+03:00  WARN 4604 --- [order-service] [org.springframework.kafka.KafkaListenerEndpointContainer#3-0-C-1] org.apache.kafka.clients.NetworkClient   : [Consumer clientId=consumer-order-service-2, groupId=order-service] Bootstrap broker localhost:9092 (id: -1 rack: null) disconnected
2026-01-09T20:08:25.154+03:00  INFO 4604 --- [order-service] [org.springframework.kafka.KafkaListenerEndpointContainer#2-0-C-1] org.apache.kafka.clients.NetworkClient   : [Consumer clientId=consumer-order-service-1, groupId=order-service] Node -1 disconnected.
2026-01-09T20:08:25.154+03:00  WARN 4604 --- [order-service] [org.springframework.kafka.KafkaListenerEndpointContainer#2-0-C-1] org.apache.kafka.clients.NetworkClient   : [Consumer clientId=consumer-order-service-1, groupId=order-service] Connection to node -1 (localhost/127.0.0.1:9092) could not be established. Broker may not be available.
2026-01-09T20:08:25.154+03:00  WARN 4604 --- [order-service] [org.springframework.kafka.KafkaListenerEndpointContainer#2-0-C-1] org.apache.kafka.clients.NetworkClient   : [Consumer clientId=consumer-order-service-1, groupId=order-service] Bootstrap broker localhost:9092 (id: -1 rack: null) disconnected
2026-01-09T20:08:25.216+03:00  INFO 4604 --- [order-service] [org.springframework.kafka.KafkaListenerEndpointContainer#0-0-C-1] org.apache.kafka.clients.NetworkClient   : [Consumer clientId=consumer-order-service-3, groupId=order-service] Node -1 disconnected.
2026-01-09T20:08:25.217+03:00  WARN 4604 --- [order-service] [org.springframework.kafka.KafkaListenerEndpointContainer#0-0-C-1] org.apache.kafka.clients.NetworkClient   : [Consumer clientId=consumer-order-service-3, groupId=order-service] Connection to node -1 (localhost/127.0.0.1:9092) could not be established. Broker may not be available.
2026-01-09T20:08:25.217+03:00  WARN 4604 --- [order-service] [org.springframework.kafka.KafkaListenerEndpointContainer#0-0-C-1] org.apache.kafka.clients.NetworkClient   : [Consumer clientId=consumer-order-service-3, groupId=order-service] Bootstrap broker localhost:9092 (id: -1 rack: null) disconnected
2026-01-09T20:08:25.513+03:00  INFO 4604 --- [order-service] [org.springframework.kafka.KafkaListenerEndpointContainer#1-0-C-1] org.apache.kafka.clients.NetworkClient   : [Consumer clientId=consumer-order-service-4, groupId=order-service] Node -1 disconnected.
2026-01-09T20:08:25.513+03:00  WARN 4604 --- [order-service] [org.springframework.kafka.KafkaListenerEndpointContainer#1-0-C-1] org.apache.kafka.clients.NetworkClient   : [Consumer clientId=consumer-order-service-4, groupId=order-service] Connection to node -1 (localhost/127.0.0.1:9092) could not be established. Broker may not be available.
2026-01-09T20:08:25.513+03:00  WARN 4604 --- [order-service] [org.springframework.kafka.KafkaListenerEndpointContainer#1-0-C-1] org.apache.kafka.clients.NetworkClient   : [Consumer clientId=consumer-order-service-4, groupId=order-service] Bootstrap broker localhost:9092 (id: -1 rack: null) disconnected
2026-01-09T20:08:26.090+03:00  INFO 4604 --- [order-service] [org.springframework.kafka.KafkaListenerEndpointContainer#3-0-C-1] org.apache.kafka.clients.NetworkClient   : [Consumer clientId=consumer-order-service-2, groupId=order-service] Node -1 disconnected.
2026-01-09T20:08:26.090+03:00  WARN 4604 --- [order-service] [org.springframework.kafka.KafkaListenerEndpointContainer#3-0-C-1] org.apache.kafka.clients.NetworkClient   : [Consumer clientId=consumer-order-service-2, groupId=order-service] Connection to node -1 (localhost/127.0.0.1:9092) could not be established. Broker may not be available.
2026-01-09T20:08:26.090+03:00  WARN 4604 --- [order-service] [org.springframework.kafka.KafkaListenerEndpointContainer#3-0-C-1] org.apache.kafka.clients.NetworkClient   : [Consumer clientId=consumer-order-service-2, groupId=order-service] Bootstrap broker localhost:9092 (id: -1 rack: null) disconnected
2026-01-09T20:08:26.121+03:00  INFO 4604 --- [order-service] [org.springframework.kafka.KafkaListenerEndpointContainer#2-0-C-1] org.apache.kafka.clients.NetworkClient   : [Consumer clientId=consumer-order-service-1, groupId=order-service] Node -1 disconnected.
2026-01-09T20:08:26.121+03:00  INFO 4604 --- [order-service] [org.springframework.kafka.KafkaListenerEndpointContainer#0-0-C-1] org.apache.kafka.clients.NetworkClient   : [Consumer clientId=consumer-order-service-3, groupId=order-service] Node -1 disconnected.
2026-01-09T20:08:26.121+03:00  WARN 4604 --- [order-service] [org.springframework.kafka.KafkaListenerEndpointContainer#2-0-C-1] org.apache.kafka.clients.NetworkClient   : [Consumer clientId=consumer-order-service-1, groupId=order-service] Connection to node -1 (localhost/127.0.0.1:9092) could not be established. Broker may not be available.
2026-01-09T20:08:26.121+03:00  WARN 4604 --- [order-service] [org.springframework.kafka.KafkaListenerEndpointContainer#2-0-C-1] org.apache.kafka.clients.NetworkClient   : [Consumer clientId=consumer-order-service-1, groupId=order-service] Bootstrap broker localhost:9092 (id: -1 rack: null) disconnected
2026-01-09T20:08:26.121+03:00  WARN 4604 --- [order-service] [org.springframework.kafka.KafkaListenerEndpointContainer#0-0-C-1] org.apache.kafka.clients.NetworkClient   : [Consumer clientId=consumer-order-service-3, groupId=order-service] Connection to node -1 (localhost/127.0.0.1:9092) could not be established. Broker may not be available.
2026-01-09T20:08:26.122+03:00  WARN 4604 --- [order-service] [org.springframework.kafka.KafkaListenerEndpointContainer#0-0-C-1] org.apache.kafka.clients.NetworkClient   : [Consumer clientId=consumer-order-service-3, groupId=order-service] Bootstrap broker localhost:9092 (id: -1 rack: null) disconnected
2026-01-09T20:08:26.618+03:00  INFO 4604 --- [order-service] [org.springframework.kafka.KafkaListenerEndpointContainer#1-0-C-1] org.apache.kafka.clients.NetworkClient   : [Consumer clientId=consumer-order-service-4, groupId=order-service] Node -1 disconnected.
2026-01-09T20:08:26.618+03:00  WARN 4604 --- [order-service] [org.springframework.kafka.KafkaListenerEndpointContainer#1-0-C-1] org.apache.kafka.clients.NetworkClient   : [Consumer clientId=consumer-order-service-4, groupId=order-service] Connection to node -1 (localhost/127.0.0.1:9092) could not be established. Broker may not be available.
2026-01-09T20:08:26.618+03:00  WARN 4604 --- [order-service] [org.springframework.kafka.KafkaListenerEndpointContainer#1-0-C-1] org.apache.kafka.clients.NetworkClient   : [Consumer clientId=consumer-order-service-4, groupId=order-service] Bootstrap broker localhost:9092 (id: -1 rack: null) disconnected
2026-01-09T20:08:27.101+03:00  INFO 4604 --- [order-service] [org.springframework.kafka.KafkaListenerEndpointContainer#0-0-C-1] org.apache.kafka.clients.NetworkClient   : [Consumer clientId=consumer-order-service-3, groupId=order-service] Node -1 disconnected.
2026-01-09T20:08:27.101+03:00  WARN 4604 --- [order-service] [org.springframework.kafka.KafkaListenerEndpointContainer#0-0-C-1] org.apache.kafka.clients.NetworkClient   : [Consumer clientId=consumer-order-service-3, groupId=order-service] Connection to node -1 (localhost/127.0.0.1:9092) could not be established. Broker may not be available.
2026-01-09T20:08:27.101+03:00  WARN 4604 --- [order-service] [org.springframework.kafka.KafkaListenerEndpointContainer#0-0-C-1] org.apache.kafka.clients.NetworkClient   : [Consumer clientId=consumer-order-service-3, groupId=order-service] Bootstrap broker localhost:9092 (id: -1 rack: null) disconnected
2026-01-09T20:08:27.321+03:00  INFO 4604 --- [order-service] [org.springframework.kafka.KafkaListenerEndpointContainer#3-0-C-1] org.apache.kafka.clients.NetworkClient   : [Consumer clientId=consumer-order-service-2, groupId=order-service] Node -1 disconnected.
2026-01-09T20:08:27.321+03:00  WARN 4604 --- [order-service] [org.springframework.kafka.KafkaListenerEndpointContainer#3-0-C-1] org.apache.kafka.clients.NetworkClient   : [Consumer clientId=consumer-order-service-2, groupId=order-service] Connection to node -1 (localhost/127.0.0.1:9092) could not be established. Broker may not be available.
2026-01-09T20:08:27.321+03:00  WARN 4604 --- [order-service] [org.springframework.kafka.KafkaListenerEndpointContainer#3-0-C-1] org.apache.kafka.clients.NetworkClient   : [Consumer clientId=consumer-order-service-2, groupId=order-service] Bootstrap broker localhost:9092 (id: -1 rack: null) disconnected
2026-01-09T20:08:27.350+03:00  INFO 4604 --- [order-service] [org.springframework.kafka.KafkaListenerEndpointContainer#2-0-C-1] org.apache.kafka.clients.NetworkClient   : [Consumer clientId=consumer-order-service-1, groupId=order-service] Node -1 disconnected.
2026-01-09T20:08:27.350+03:00  WARN 4604 --- [order-service] [org.springframework.kafka.KafkaListenerEndpointContainer#2-0-C-1] org.apache.kafka.clients.NetworkClient   : [Consumer clientId=consumer-order-service-1, groupId=order-service] Connection to node -1 (localhost/127.0.0.1:9092) could not be established. Broker may not be available.
2026-01-09T20:08:27.350+03:00  WARN 4604 --- [order-service] [org.springframework.kafka.KafkaListenerEndpointContainer#2-0-C-1] org.apache.kafka.clients.NetworkClient   : [Consumer clientId=consumer-order-service-1, groupId=order-service] Bootstrap broker localhost:9092 (id: -1 rack: null) disconnected
2026-01-09T20:08:27.725+03:00  INFO 4604 --- [order-service] [org.springframework.kafka.KafkaListenerEndpointContainer#1-0-C-1] org.apache.kafka.clients.NetworkClient   : [Consumer clientId=consumer-order-service-4, groupId=order-service] Node -1 disconnected.
2026-01-09T20:08:27.725+03:00  WARN 4604 --- [order-service] [org.springframework.kafka.KafkaListenerEndpointContainer#1-0-C-1] org.apache.kafka.clients.NetworkClient   : [Consumer clientId=consumer-order-service-4, groupId=order-service] Connection to node -1 (localhost/127.0.0.1:9092) could not be established. Broker may not be available.
2026-01-09T20:08:27.725+03:00  WARN 4604 --- [order-service] [org.springframework.kafka.KafkaListenerEndpointContainer#1-0-C-1] org.apache.kafka.clients.NetworkClient   : [Consumer clientId=consumer-order-service-4, groupId=order-service] Bootstrap broker localhost:9092 (id: -1 rack: null) disconnected
2026-01-09T20:08:28.222+03:00  INFO 4604 --- [order-service] [org.springframework.kafka.KafkaListenerEndpointContainer#0-0-C-1] org.apache.kafka.clients.NetworkClient   : [Consumer clientId=consumer-order-service-3, groupId=order-service] Node -1 disconnected.
2026-01-09T20:08:28.222+03:00  WARN 4604 --- [order-service] [org.springframework.kafka.KafkaListenerEndpointContainer#0-0-C-1] org.apache.kafka.clients.NetworkClient   : [Consumer clientId=consumer-order-service-3, groupId=order-service] Connection to node -1 (localhost/127.0.0.1:9092) could not be established. Broker may not be available.
2026-01-09T20:08:28.222+03:00  WARN 4604 --- [order-service] [org.springframework.kafka.KafkaListenerEndpointContainer#0-0-C-1] org.apache.kafka.clients.NetworkClient   : [Consumer clientId=consumer-order-service-3, groupId=order-service] Bootstrap broker localhost:9092 (id: -1 rack: null) disconnected
2026-01-09T20:08:28.363+03:00  INFO 4604 --- [order-service] [org.springframework.kafka.KafkaListenerEndpointContainer#3-0-C-1] org.apache.kafka.clients.NetworkClient   : [Consumer clientId=consumer-order-service-2, groupId=order-service] Node -1 disconnected.
2026-01-09T20:08:28.363+03:00  WARN 4604 --- [order-service] [org.springframework.kafka.KafkaListenerEndpointContainer#3-0-C-1] org.apache.kafka.clients.NetworkClient   : [Consumer clientId=consumer-order-service-2, groupId=order-service] Connection to node -1 (localhost/127.0.0.1:9092) could not be established. Broker may not be available.
2026-01-09T20:08:28.363+03:00  WARN 4604 --- [order-service] [org.springframework.kafka.KafkaListenerEndpointContainer#3-0-C-1] org.apache.kafka.clients.NetworkClient   : [Consumer clientId=consumer-order-service-2, groupId=order-service] Bootstrap broker localhost:9092 (id: -1 rack: null) disconnected
2026-01-09T20:08:28.580+03:00  INFO 4604 --- [order-service] [org.springframework.kafka.KafkaListenerEndpointContainer#2-0-C-1] org.apache.kafka.clients.NetworkClient   : [Consumer clientId=consumer-order-service-1, groupId=order-service] Node -1 disconnected.
2026-01-09T20:08:28.580+03:00  INFO 4604 --- [order-service] [org.springframework.kafka.KafkaListenerEndpointContainer#1-0-C-1] org.apache.kafka.clients.NetworkClient   : [Consumer clientId=consumer-order-service-4, groupId=order-service] Node -1 disconnected.
2026-01-09T20:08:28.580+03:00  WARN 4604 --- [order-service] [org.springframework.kafka.KafkaListenerEndpointContainer#2-0-C-1] org.apache.kafka.clients.NetworkClient   : [Consumer clientId=consumer-order-service-1, groupId=order-service] Connection to node -1 (localhost/127.0.0.1:9092) could not be established. Broker may not be available.
2026-01-09T20:08:28.580+03:00  WARN 4604 --- [order-service] [org.springframework.kafka.KafkaListenerEndpointContainer#1-0-C-1] org.apache.kafka.clients.NetworkClient   : [Consumer clientId=consumer-order-service-4, groupId=order-service] Connection to node -1 (localhost/127.0.0.1:9092) could not be established. Broker may not be available.
2026-01-09T20:08:28.580+03:00  WARN 4604 --- [order-service] [org.springframework.kafka.KafkaListenerEndpointContainer#2-0-C-1] org.apache.kafka.clients.NetworkClient   : [Consumer clientId=consumer-order-service-1, groupId=order-service] Bootstrap broker localhost:9092 (id: -1 rack: null) disconnected
2026-01-09T20:08:28.580+03:00  WARN 4604 --- [order-service] [org.springframework.kafka.KafkaListenerEndpointContainer#1-0-C-1] org.apache.kafka.clients.NetworkClient   : [Consumer clientId=consumer-order-service-4, groupId=order-service] Bootstrap broker localhost:9092 (id: -1 rack: null) disconnected
2026-01-09T20:08:29.077+03:00  INFO 4604 --- [order-service] [org.springframework.kafka.KafkaListenerEndpointContainer#0-0-C-1] org.apache.kafka.clients.NetworkClient   : [Consumer clientId=consumer-order-service-3, groupId=order-service] Node -1 disconnected.
2026-01-09T20:08:29.077+03:00  WARN 4604 --- [order-service] [org.springframework.kafka.KafkaListenerEndpointContainer#0-0-C-1] org.apache.kafka.clients.NetworkClient   : [Consumer clientId=consumer-order-service-3, groupId=order-service] Connection to node -1 (localhost/127.0.0.1:9092) could not be established. Broker may not be available.
2026-01-09T20:08:29.077+03:00  WARN 4604 --- [order-service] [org.springframework.kafka.KafkaListenerEndpointContainer#0-0-C-1] org.apache.kafka.clients.NetworkClient   : [Consumer clientId=consumer-order-service-3, groupId=order-service] Bootstrap broker localhost:9092 (id: -1 rack: null) disconnected
2026-01-09T20:08:29.434+03:00  INFO 4604 --- [order-service] [org.springframework.kafka.KafkaListenerEndpointContainer#1-0-C-1] org.apache.kafka.clients.NetworkClient   : [Consumer clientId=consumer-order-service-4, groupId=order-service] Node -1 disconnected.
2026-01-09T20:08:29.434+03:00  WARN 4604 --- [order-service] [org.springframework.kafka.KafkaListenerEndpointContainer#1-0-C-1] org.apache.kafka.clients.NetworkClient   : [Consumer clientId=consumer-order-service-4, groupId=order-service] Connection to node -1 (localhost/127.0.0.1:9092) could not be established. Broker may not be available.
2026-01-09T20:08:29.434+03:00  WARN 4604 --- [order-service] [org.springframework.kafka.KafkaListenerEndpointContainer#1-0-C-1] org.apache.kafka.clients.NetworkClient   : [Consumer clientId=consumer-order-service-4, groupId=order-service] Bootstrap broker localhost:9092 (id: -1 rack: null) disconnected
2026-01-09T20:08:29.528+03:00  INFO 4604 --- [order-service] [org.springframework.kafka.KafkaListenerEndpointContainer#3-0-C-1] org.apache.kafka.clients.NetworkClient   : [Consumer clientId=consumer-order-service-2, groupId=order-service] Node -1 disconnected.
2026-01-09T20:08:29.528+03:00  WARN 4604 --- [order-service] [org.springframework.kafka.KafkaListenerEndpointContainer#3-0-C-1] org.apache.kafka.clients.NetworkClient   : [Consumer clientId=consumer-order-service-2, groupId=order-service] Connection to node -1 (localhost/127.0.0.1:9092) could not be established. Broker may not be available.
2026-01-09T20:08:29.528+03:00  WARN 4604 --- [order-service] [org.springframework.kafka.KafkaListenerEndpointContainer#3-0-C-1] org.apache.kafka.clients.NetworkClient   : [Consumer clientId=consumer-order-service-2, groupId=order-service] Bootstrap broker localhost:9092 (id: -1 rack: null) disconnected
2026-01-09T20:08:29.574+03:00  INFO 4604 --- [order-service] [org.springframework.kafka.KafkaListenerEndpointContainer#2-0-C-1] org.apache.kafka.clients.NetworkClient   : [Consumer clientId=consumer-order-service-1, groupId=order-service] Node -1 disconnected.
2026-01-09T20:08:29.574+03:00  WARN 4604 --- [order-service] [org.springframework.kafka.KafkaListenerEndpointContainer#2-0-C-1] org.apache.kafka.clients.NetworkClient   : [Consumer clientId=consumer-order-service-1, groupId=order-service] Connection to node -1 (localhost/127.0.0.1:9092) could not be established. Broker may not be available.
2026-01-09T20:08:29.574+03:00  WARN 4604 --- [order-service] [org.springframework.kafka.KafkaListenerEndpointContainer#2-0-C-1] org.apache.kafka.clients.NetworkClient   : [Consumer clientId=consumer-order-service-1, groupId=order-service] Bootstrap broker localhost:9092 (id: -1 rack: null) disconnected
2026-01-09T20:08:30.193+03:00  INFO 4604 --- [order-service] [org.springframework.kafka.KafkaListenerEndpointContainer#0-0-C-1] org.apache.kafka.clients.NetworkClient   : [Consumer clientId=consumer-order-service-3, groupId=order-service] Node -1 disconnected.
2026-01-09T20:08:30.193+03:00  WARN 4604 --- [order-service] [org.springframework.kafka.KafkaListenerEndpointContainer#0-0-C-1] org.apache.kafka.clients.NetworkClient   : [Consumer clientId=consumer-order-service-3, groupId=order-service] Connection to node -1 (localhost/127.0.0.1:9092) could not be established. Broker may not be available.
2026-01-09T20:08:30.193+03:00  WARN 4604 --- [order-service] [org.springframework.kafka.KafkaListenerEndpointContainer#0-0-C-1] org.apache.kafka.clients.NetworkClient   : [Consumer clientId=consumer-order-service-3, groupId=order-service] Bootstrap broker localhost:9092 (id: -1 rack: null) disconnected
2026-01-09T20:08:30.302+03:00  INFO 4604 --- [order-service] [org.springframework.kafka.KafkaListenerEndpointContainer#1-0-C-1] org.apache.kafka.clients.NetworkClient   : [Consumer clientId=consumer-order-service-4, groupId=order-service] Node -1 disconnected.
2026-01-09T20:08:30.303+03:00  WARN 4604 --- [order-service] [org.springframework.kafka.KafkaListenerEndpointContainer#1-0-C-1] org.apache.kafka.clients.NetworkClient   : [Consumer clientId=consumer-order-service-4, groupId=order-service] Connection to node -1 (localhost/127.0.0.1:9092) could not be established. Broker may not be available.
2026-01-09T20:08:30.303+03:00  WARN 4604 --- [order-service] [org.springframework.kafka.KafkaListenerEndpointContainer#1-0-C-1] org.apache.kafka.clients.NetworkClient   : [Consumer clientId=consumer-order-service-4, groupId=order-service] Bootstrap broker localhost:9092 (id: -1 rack: null) disconnected
2026-01-09T20:08:30.567+03:00  INFO 4604 --- [order-service] [org.springframework.kafka.KafkaListenerEndpointContainer#2-0-C-1] org.apache.kafka.clients.NetworkClient   : [Consumer clientId=consumer-order-service-1, groupId=order-service] Node -1 disconnected.
2026-01-09T20:08:30.567+03:00  WARN 4604 --- [order-service] [org.springframework.kafka.KafkaListenerEndpointContainer#2-0-C-1] org.apache.kafka.clients.NetworkClient   : [Consumer clientId=consumer-order-service-1, groupId=order-service] Connection to node -1 (localhost/127.0.0.1:9092) could not be established. Broker may not be available.
2026-01-09T20:08:30.568+03:00  WARN 4604 --- [order-service] [org.springframework.kafka.KafkaListenerEndpointContainer#2-0-C-1] org.apache.kafka.clients.NetworkClient   : [Consumer clientId=consumer-order-service-1, groupId=order-service] Bootstrap broker localhost:9092 (id: -1 rack: null) disconnected
2026-01-09T20:08:30.568+03:00  INFO 4604 --- [order-service] [org.springframework.kafka.KafkaListenerEndpointContainer#3-0-C-1] org.apache.kafka.clients.NetworkClient   : [Consumer clientId=consumer-order-service-2, groupId=order-service] Node -1 disconnected.
2026-01-09T20:08:30.568+03:00  WARN 4604 --- [order-service] [org.springframework.kafka.KafkaListenerEndpointContainer#3-0-C-1] org.apache.kafka.clients.NetworkClient   : [Consumer clientId=consumer-order-service-2, groupId=order-service] Connection to node -1 (localhost/127.0.0.1:9092) could not be established. Broker may not be available.
2026-01-09T20:08:30.568+03:00  WARN 4604 --- [order-service] [org.springframework.kafka.KafkaListenerEndpointContainer#3-0-C-1] org.apache.kafka.clients.NetworkClient   : [Consumer clientId=consumer-order-service-2, groupId=order-service] Bootstrap broker localhost:9092 (id: -1 rack: null) disconnected
2026-01-09T20:08:31.127+03:00  INFO 4604 --- [order-service] [org.springframework.kafka.KafkaListenerEndpointContainer#0-0-C-1] org.apache.kafka.clients.NetworkClient   : [Consumer clientId=consumer-order-service-3, groupId=order-service] Node -1 disconnected.
2026-01-09T20:08:31.127+03:00  WARN 4604 --- [order-service] [org.springframework.kafka.KafkaListenerEndpointContainer#0-0-C-1] org.apache.kafka.clients.NetworkClient   : [Consumer clientId=consumer-order-service-3, groupId=order-service] Connection to node -1 (localhost/127.0.0.1:9092) could not be established. Broker may not be available.
2026-01-09T20:08:31.127+03:00  WARN 4604 --- [order-service] [org.springframework.kafka.KafkaListenerEndpointContainer#0-0-C-1] org.apache.kafka.clients.NetworkClient   : [Consumer clientId=consumer-order-service-3, groupId=order-service] Bootstrap broker localhost:9092 (id: -1 rack: null) disconnected
2026-01-09T20:08:31.158+03:00  INFO 4604 --- [order-service] [org.springframework.kafka.KafkaListenerEndpointContainer#1-0-C-1] org.apache.kafka.clients.NetworkClient   : [Consumer clientId=consumer-order-service-4, groupId=order-service] Node -1 disconnected.
2026-01-09T20:08:31.158+03:00  WARN 4604 --- [order-service] [org.springframework.kafka.KafkaListenerEndpointContainer#1-0-C-1] org.apache.kafka.clients.NetworkClient   : [Consumer clientId=consumer-order-service-4, groupId=order-service] Connection to node -1 (localhost/127.0.0.1:9092) could not be established. Broker may not be available.
2026-01-09T20:08:31.158+03:00  WARN 4604 --- [order-service] [org.springframework.kafka.KafkaListenerEndpointContainer#1-0-C-1] org.apache.kafka.clients.NetworkClient   : [Consumer clientId=consumer-order-service-4, groupId=order-service] Bootstrap broker localhost:9092 (id: -1 rack: null) disconnected
2026-01-09T20:08:31.610+03:00  INFO 4604 --- [order-service] [org.springframework.kafka.KafkaListenerEndpointContainer#2-0-C-1] org.apache.kafka.clients.NetworkClient   : [Consumer clientId=consumer-order-service-1, groupId=order-service] Node -1 disconnected.
2026-01-09T20:08:31.610+03:00  WARN 4604 --- [order-service] [org.springframework.kafka.KafkaListenerEndpointContainer#2-0-C-1] org.apache.kafka.clients.NetworkClient   : [Consumer clientId=consumer-order-service-1, groupId=order-service] Connection to node -1 (localhost/127.0.0.1:9092) could not be established. Broker may not be available.
2026-01-09T20:08:31.610+03:00  WARN 4604 --- [order-service] [org.springframework.kafka.KafkaListenerEndpointContainer#2-0-C-1] org.apache.kafka.clients.NetworkClient   : [Consumer clientId=consumer-order-service-1, groupId=order-service] Bootstrap broker localhost:9092 (id: -1 rack: null) disconnected
2026-01-09T20:08:31.748+03:00  INFO 4604 --- [order-service] [org.springframework.kafka.KafkaListenerEndpointContainer#3-0-C-1] org.apache.kafka.clients.NetworkClient   : [Consumer clientId=consumer-order-service-2, groupId=order-service] Node -1 disconnected.
2026-01-09T20:08:31.748+03:00  WARN 4604 --- [order-service] [org.springframework.kafka.KafkaListenerEndpointContainer#3-0-C-1] org.apache.kafka.clients.NetworkClient   : [Consumer clientId=consumer-order-service-2, groupId=order-service] Connection to node -1 (localhost/127.0.0.1:9092) could not be established. Broker may not be available.
2026-01-09T20:08:31.749+03:00  WARN 4604 --- [order-service] [org.springframework.kafka.KafkaListenerEndpointContainer#3-0-C-1] org.apache.kafka.clients.NetworkClient   : [Consumer clientId=consumer-order-service-2, groupId=order-service] Bootstrap broker localhost:9092 (id: -1 rack: null) disconnected
2026-01-09T20:08:32.121+03:00  INFO 4604 --- [order-service] [org.springframework.kafka.KafkaListenerEndpointContainer#0-0-C-1] org.apache.kafka.clients.NetworkClient   : [Consumer clientId=consumer-order-service-3, groupId=order-service] Node -1 disconnected.
2026-01-09T20:08:32.122+03:00  WARN 4604 --- [order-service] [org.springframework.kafka.KafkaListenerEndpointContainer#0-0-C-1] org.apache.kafka.clients.NetworkClient   : [Consumer clientId=consumer-order-service-3, groupId=order-service] Connection to node -1 (localhost/127.0.0.1:9092) could not be established. Broker may not be available.
2026-01-09T20:08:32.122+03:00  WARN 4604 --- [order-service] [org.springframework.kafka.KafkaListenerEndpointContainer#0-0-C-1] org.apache.kafka.clients.NetworkClient   : [Consumer clientId=consumer-order-service-3, groupId=order-service] Bootstrap broker localhost:9092 (id: -1 rack: null) disconnected
2026-01-09T20:08:32.263+03:00  INFO 4604 --- [order-service] [org.springframework.kafka.KafkaListenerEndpointContainer#1-0-C-1] org.apache.kafka.clients.NetworkClient   : [Consumer clientId=consumer-order-service-4, groupId=order-service] Node -1 disconnected.
2026-01-09T20:08:32.263+03:00  WARN 4604 --- [order-service] [org.springframework.kafka.KafkaListenerEndpointContainer#1-0-C-1] org.apache.kafka.clients.NetworkClient   : [Consumer clientId=consumer-order-service-4, groupId=order-service] Connection to node -1 (localhost/127.0.0.1:9092) could not be established. Broker may not be available.
2026-01-09T20:08:32.263+03:00  WARN 4604 --- [order-service] [org.springframework.kafka.KafkaListenerEndpointContainer#1-0-C-1] org.apache.kafka.clients.NetworkClient   : [Consumer clientId=consumer-order-service-4, groupId=order-service] Bootstrap broker localhost:9092 (id: -1 rack: null) disconnected
2026-01-09T20:08:32.527+03:00  INFO 4604 --- [order-service] [org.springframework.kafka.KafkaListenerEndpointContainer#2-0-C-1] org.apache.kafka.clients.NetworkClient   : [Consumer clientId=consumer-order-service-1, groupId=order-service] Node -1 disconnected.
2026-01-09T20:08:32.527+03:00  WARN 4604 --- [order-service] [org.springframework.kafka.KafkaListenerEndpointContainer#2-0-C-1] org.apache.kafka.clients.NetworkClient   : [Consumer clientId=consumer-order-service-1, groupId=order-service] Connection to node -1 (localhost/127.0.0.1:9092) could not be established. Broker may not be available.
2026-01-09T20:08:32.527+03:00  WARN 4604 --- [order-service] [org.springframework.kafka.KafkaListenerEndpointContainer#2-0-C-1] org.apache.kafka.clients.NetworkClient   : [Consumer clientId=consumer-order-service-1, groupId=order-service] Bootstrap broker localhost:9092 (id: -1 rack: null) disconnected
2026-01-09T20:08:32.728+03:00  INFO 4604 --- [order-service] [org.springframework.kafka.KafkaListenerEndpointContainer#3-0-C-1] org.apache.kafka.clients.NetworkClient   : [Consumer clientId=consumer-order-service-2, groupId=order-service] Node -1 disconnected.
2026-01-09T20:08:32.728+03:00  WARN 4604 --- [order-service] [org.springframework.kafka.KafkaListenerEndpointContainer#3-0-C-1] org.apache.kafka.clients.NetworkClient   : [Consumer clientId=consumer-order-service-2, groupId=order-service] Connection to node -1 (localhost/127.0.0.1:9092) could not be established. Broker may not be available.
2026-01-09T20:08:32.728+03:00  WARN 4604 --- [order-service] [org.springframework.kafka.KafkaListenerEndpointContainer#3-0-C-1] org.apache.kafka.clients.NetworkClient   : [Consumer clientId=consumer-order-service-2, groupId=order-service] Bootstrap broker localhost:9092 (id: -1 rack: null) disconnected
2026-01-09T20:08:33.165+03:00  INFO 4604 --- [order-service] [org.springframework.kafka.KafkaListenerEndpointContainer#0-0-C-1] org.apache.kafka.clients.NetworkClient   : [Consumer clientId=consumer-order-service-3, groupId=order-service] Node -1 disconnected.
2026-01-09T20:08:33.166+03:00  WARN 4604 --- [order-service] [org.springframework.kafka.KafkaListenerEndpointContainer#0-0-C-1] org.apache.kafka.clients.NetworkClient   : [Consumer clientId=consumer-order-service-3, groupId=order-service] Connection to node -1 (localhost/127.0.0.1:9092) could not be established. Broker may not be available.
2026-01-09T20:08:33.166+03:00  WARN 4604 --- [order-service] [org.springframework.kafka.KafkaListenerEndpointContainer#0-0-C-1] org.apache.kafka.clients.NetworkClient   : [Consumer clientId=consumer-order-service-3, groupId=order-service] Bootstrap broker localhost:9092 (id: -1 rack: null) disconnected
2026-01-09T20:08:33.382+03:00  INFO 4604 --- [order-service] [org.springframework.kafka.KafkaListenerEndpointContainer#2-0-C-1] org.apache.kafka.clients.NetworkClient   : [Consumer clientId=consumer-order-service-1, groupId=order-service] Node -1 disconnected.
2026-01-09T20:08:33.382+03:00  WARN 4604 --- [order-service] [org.springframework.kafka.KafkaListenerEndpointContainer#2-0-C-1] org.apache.kafka.clients.NetworkClient   : [Consumer clientId=consumer-order-service-1, groupId=order-service] Connection to node -1 (localhost/127.0.0.1:9092) could not be established. Broker may not be available.
2026-01-09T20:08:33.382+03:00  WARN 4604 --- [order-service] [org.springframework.kafka.KafkaListenerEndpointContainer#2-0-C-1] org.apache.kafka.clients.NetworkClient   : [Consumer clientId=consumer-order-service-1, groupId=order-service] Bootstrap broker localhost:9092 (id: -1 rack: null) disconnected
2026-01-09T20:08:33.430+03:00  INFO 4604 --- [order-service] [org.springframework.kafka.KafkaListenerEndpointContainer#1-0-C-1] org.apache.kafka.clients.NetworkClient   : [Consumer clientId=consumer-order-service-4, groupId=order-service] Node -1 disconnected.
2026-01-09T20:08:33.430+03:00  WARN 4604 --- [order-service] [org.springframework.kafka.KafkaListenerEndpointContainer#1-0-C-1] org.apache.kafka.clients.NetworkClient   : [Consumer clientId=consumer-order-service-4, groupId=order-service] Connection to node -1 (localhost/127.0.0.1:9092) could not be established. Broker may not be available.
2026-01-09T20:08:33.430+03:00  WARN 4604 --- [order-service] [org.springframework.kafka.KafkaListenerEndpointContainer#1-0-C-1] org.apache.kafka.clients.NetworkClient   : [Consumer clientId=consumer-order-service-4, groupId=order-service] Bootstrap broker localhost:9092 (id: -1 rack: null) disconnected
2026-01-09T20:08:33.774+03:00  INFO 4604 --- [order-service] [org.springframework.kafka.KafkaListenerEndpointContainer#3-0-C-1] org.apache.kafka.clients.NetworkClient   : [Consumer clientId=consumer-order-service-2, groupId=order-service] Node -1 disconnected.
2026-01-09T20:08:33.775+03:00  WARN 4604 --- [order-service] [org.springframework.kafka.KafkaListenerEndpointContainer#3-0-C-1] org.apache.kafka.clients.NetworkClient   : [Consumer clientId=consumer-order-service-2, groupId=order-service] Connection to node -1 (localhost/127.0.0.1:9092) could not be established. Broker may not be available.
2026-01-09T20:08:33.775+03:00  WARN 4604 --- [order-service] [org.springframework.kafka.KafkaListenerEndpointContainer#3-0-C-1] org.apache.kafka.clients.NetworkClient   : [Consumer clientId=consumer-order-service-2, groupId=order-service] Bootstrap broker localhost:9092 (id: -1 rack: null) disconnected
2026-01-09T20:08:34.088+03:00  INFO 4604 --- [order-service] [org.springframework.kafka.KafkaListenerEndpointContainer#0-0-C-1] org.apache.kafka.clients.NetworkClient   : [Consumer clientId=consumer-order-service-3, groupId=order-service] Node -1 disconnected.
2026-01-09T20:08:34.088+03:00  WARN 4604 --- [order-service] [org.springframework.kafka.KafkaListenerEndpointContainer#0-0-C-1] org.apache.kafka.clients.NetworkClient   : [Consumer clientId=consumer-order-service-3, groupId=order-service] Connection to node -1 (localhost/127.0.0.1:9092) could not be established. Broker may not be available.
2026-01-09T20:08:34.088+03:00  WARN 4604 --- [order-service] [org.springframework.kafka.KafkaListenerEndpointContainer#0-0-C-1] org.apache.kafka.clients.NetworkClient   : [Consumer clientId=consumer-order-service-3, groupId=order-service] Bootstrap broker localhost:9092 (id: -1 rack: null) disconnected
2026-01-09T20:08:34.305+03:00  INFO 4604 --- [order-service] [org.springframework.kafka.KafkaListenerEndpointContainer#2-0-C-1] org.apache.kafka.clients.NetworkClient   : [Consumer clientId=consumer-order-service-1, groupId=order-service] Node -1 disconnected.
2026-01-09T20:08:34.305+03:00  WARN 4604 --- [order-service] [org.springframework.kafka.KafkaListenerEndpointContainer#2-0-C-1] org.apache.kafka.clients.NetworkClient   : [Consumer clientId=consumer-order-service-1, groupId=order-service] Connection to node -1 (localhost/127.0.0.1:9092) could not be established. Broker may not be available.
2026-01-09T20:08:34.305+03:00  WARN 4604 --- [order-service] [org.springframework.kafka.KafkaListenerEndpointContainer#2-0-C-1] org.apache.kafka.clients.NetworkClient   : [Consumer clientId=consumer-order-service-1, groupId=order-service] Bootstrap broker localhost:9092 (id: -1 rack: null) disconnected
2026-01-09T20:08:34.350+03:00  INFO 4604 --- [order-service] [org.springframework.kafka.KafkaListenerEndpointContainer#1-0-C-1] org.apache.kafka.clients.NetworkClient   : [Consumer clientId=consumer-order-service-4, groupId=order-service] Node -1 disconnected.
2026-01-09T20:08:34.351+03:00  WARN 4604 --- [order-service] [org.springframework.kafka.KafkaListenerEndpointContainer#1-0-C-1] org.apache.kafka.clients.NetworkClient   : [Consumer clientId=consumer-order-service-4, groupId=order-service] Connection to node -1 (localhost/127.0.0.1:9092) could not be established. Broker may not be available.
2026-01-09T20:08:34.351+03:00  WARN 4604 --- [order-service] [org.springframework.kafka.KafkaListenerEndpointContainer#1-0-C-1] org.apache.kafka.clients.NetworkClient   : [Consumer clientId=consumer-order-service-4, groupId=order-service] Bootstrap broker localhost:9092 (id: -1 rack: null) disconnected
2026-01-09T20:08:34.878+03:00  INFO 4604 --- [order-service] [org.springframework.kafka.KafkaListenerEndpointContainer#3-0-C-1] org.apache.kafka.clients.NetworkClient   : [Consumer clientId=consumer-order-service-2, groupId=order-service] Node -1 disconnected.
2026-01-09T20:08:34.878+03:00  WARN 4604 --- [order-service] [org.springframework.kafka.KafkaListenerEndpointContainer#3-0-C-1] org.apache.kafka.clients.NetworkClient   : [Consumer clientId=consumer-order-service-2, groupId=order-service] Connection to node -1 (localhost/127.0.0.1:9092) could not be established. Broker may not be available.
2026-01-09T20:08:34.878+03:00  WARN 4604 --- [order-service] [org.springframework.kafka.KafkaListenerEndpointContainer#3-0-C-1] org.apache.kafka.clients.NetworkClient   : [Consumer clientId=consumer-order-service-2, groupId=order-service] Bootstrap broker localhost:9092 (id: -1 rack: null) disconnected
2026-01-09T20:08:35.142+03:00  INFO 4604 --- [order-service] [org.springframework.kafka.KafkaListenerEndpointContainer#0-0-C-1] org.apache.kafka.clients.NetworkClient   : [Consumer clientId=consumer-order-service-3, groupId=order-service] Node -1 disconnected.
2026-01-09T20:08:35.142+03:00  WARN 4604 --- [order-service] [org.springframework.kafka.KafkaListenerEndpointContainer#0-0-C-1] org.apache.kafka.clients.NetworkClient   : [Consumer clientId=consumer-order-service-3, groupId=order-service] Connection to node -1 (localhost/127.0.0.1:9092) could not be established. Broker may not be available.
2026-01-09T20:08:35.142+03:00  WARN 4604 --- [order-service] [org.springframework.kafka.KafkaListenerEndpointContainer#0-0-C-1] org.apache.kafka.clients.NetworkClient   : [Consumer clientId=consumer-order-service-3, groupId=order-service] Bootstrap broker localhost:9092 (id: -1 rack: null) disconnected
2026-01-09T20:08:35.222+03:00  INFO 4604 --- [order-service] [org.springframework.kafka.KafkaListenerEndpointContainer#2-0-C-1] org.apache.kafka.clients.NetworkClient   : [Consumer clientId=consumer-order-service-1, groupId=order-service] Node -1 disconnected.
2026-01-09T20:08:35.223+03:00  WARN 4604 --- [order-service] [org.springframework.kafka.KafkaListenerEndpointContainer#2-0-C-1] org.apache.kafka.clients.NetworkClient   : [Consumer clientId=consumer-order-service-1, groupId=order-service] Connection to node -1 (localhost/127.0.0.1:9092) could not be established. Broker may not be available.
2026-01-09T20:08:35.223+03:00  WARN 4604 --- [order-service] [org.springframework.kafka.KafkaListenerEndpointContainer#2-0-C-1] org.apache.kafka.clients.NetworkClient   : [Consumer clientId=consumer-order-service-1, groupId=order-service] Bootstrap broker localhost:9092 (id: -1 rack: null) disconnected
2026-01-09T20:08:35.595+03:00  INFO 4604 --- [order-service] [org.springframework.kafka.KafkaListenerEndpointContainer#1-0-C-1] org.apache.kafka.clients.NetworkClient   : [Consumer clientId=consumer-order-service-4, groupId=order-service] Node -1 disconnected.
2026-01-09T20:08:35.595+03:00  WARN 4604 --- [order-service] [org.springframework.kafka.KafkaListenerEndpointContainer#1-0-C-1] org.apache.kafka.clients.NetworkClient   : [Consumer clientId=consumer-order-service-4, groupId=order-service] Connection to node -1 (localhost/127.0.0.1:9092) could not be established. Broker may not be available.
2026-01-09T20:08:35.595+03:00  WARN 4604 --- [order-service] [org.springframework.kafka.KafkaListenerEndpointContainer#1-0-C-1] org.apache.kafka.clients.NetworkClient   : [Consumer clientId=consumer-order-service-4, groupId=order-service] Bootstrap broker localhost:9092 (id: -1 rack: null) disconnected
2026-01-09T20:08:35.842+03:00  INFO 4604 --- [order-service] [org.springframework.kafka.KafkaListenerEndpointContainer#3-0-C-1] org.apache.kafka.clients.NetworkClient   : [Consumer clientId=consumer-order-service-2, groupId=order-service] Node -1 disconnected.
2026-01-09T20:08:35.842+03:00  WARN 4604 --- [order-service] [org.springframework.kafka.KafkaListenerEndpointContainer#3-0-C-1] org.apache.kafka.clients.NetworkClient   : [Consumer clientId=consumer-order-service-2, groupId=order-service] Connection to node -1 (localhost/127.0.0.1:9092) could not be established. Broker may not be available.
2026-01-09T20:08:35.842+03:00  WARN 4604 --- [order-service] [org.springframework.kafka.KafkaListenerEndpointContainer#3-0-C-1] org.apache.kafka.clients.NetworkClient   : [Consumer clientId=consumer-order-service-2, groupId=order-service] Bootstrap broker localhost:9092 (id: -1 rack: null) disconnected
2026-01-09T20:08:36.134+03:00  INFO 4604 --- [order-service] [org.springframework.kafka.KafkaListenerEndpointContainer#0-0-C-1] org.apache.kafka.clients.NetworkClient   : [Consumer clientId=consumer-order-service-3, groupId=order-service] Node -1 disconnected.
2026-01-09T20:08:36.134+03:00  WARN 4604 --- [order-service] [org.springframework.kafka.KafkaListenerEndpointContainer#0-0-C-1] org.apache.kafka.clients.NetworkClient   : [Consumer clientId=consumer-order-service-3, groupId=order-service] Connection to node -1 (localhost/127.0.0.1:9092) could not be established. Broker may not be available.
2026-01-09T20:08:36.134+03:00  WARN 4604 --- [order-service] [org.springframework.kafka.KafkaListenerEndpointContainer#0-0-C-1] org.apache.kafka.clients.NetworkClient   : [Consumer clientId=consumer-order-service-3, groupId=order-service] Bootstrap broker localhost:9092 (id: -1 rack: null) disconnected
2026-01-09T20:08:36.273+03:00  INFO 4604 --- [order-service] [org.springframework.kafka.KafkaListenerEndpointContainer#2-0-C-1] org.apache.kafka.clients.NetworkClient   : [Consumer clientId=consumer-order-service-1, groupId=order-service] Node -1 disconnected.
2026-01-09T20:08:36.273+03:00  WARN 4604 --- [order-service] [org.springframework.kafka.KafkaListenerEndpointContainer#2-0-C-1] org.apache.kafka.clients.NetworkClient   : [Consumer clientId=consumer-order-service-1, groupId=order-service] Connection to node -1 (localhost/127.0.0.1:9092) could not be established. Broker may not be available.
2026-01-09T20:08:36.273+03:00  WARN 4604 --- [order-service] [org.springframework.kafka.KafkaListenerEndpointContainer#2-0-C-1] org.apache.kafka.clients.NetworkClient   : [Consumer clientId=consumer-order-service-1, groupId=order-service] Bootstrap broker localhost:9092 (id: -1 rack: null) disconnected
2026-01-09T20:08:36.705+03:00  INFO 4604 --- [order-service] [org.springframework.kafka.KafkaListenerEndpointContainer#1-0-C-1] org.apache.kafka.clients.NetworkClient   : [Consumer clientId=consumer-order-service-4, groupId=order-service] Node -1 disconnected.
2026-01-09T20:08:36.705+03:00  WARN 4604 --- [order-service] [org.springframework.kafka.KafkaListenerEndpointContainer#1-0-C-1] org.apache.kafka.clients.NetworkClient   : [Consumer clientId=consumer-order-service-4, groupId=order-service] Connection to node -1 (localhost/127.0.0.1:9092) could not be established. Broker may not be available.
2026-01-09T20:08:36.705+03:00  WARN 4604 --- [order-service] [org.springframework.kafka.KafkaListenerEndpointContainer#1-0-C-1] org.apache.kafka.clients.NetworkClient   : [Consumer clientId=consumer-order-service-4, groupId=order-service] Bootstrap broker localhost:9092 (id: -1 rack: null) disconnected
2026-01-09T20:08:36.874+03:00  INFO 4604 --- [order-service] [org.springframework.kafka.KafkaListenerEndpointContainer#3-0-C-1] org.apache.kafka.clients.NetworkClient   : [Consumer clientId=consumer-order-service-2, groupId=order-service] Node -1 disconnected.
2026-01-09T20:08:36.874+03:00  WARN 4604 --- [order-service] [org.springframework.kafka.KafkaListenerEndpointContainer#3-0-C-1] org.apache.kafka.clients.NetworkClient   : [Consumer clientId=consumer-order-service-2, groupId=order-service] Connection to node -1 (localhost/127.0.0.1:9092) could not be established. Broker may not be available.
2026-01-09T20:08:36.874+03:00  WARN 4604 --- [order-service] [org.springframework.kafka.KafkaListenerEndpointContainer#3-0-C-1] org.apache.kafka.clients.NetworkClient   : [Consumer clientId=consumer-order-service-2, groupId=order-service] Bootstrap broker localhost:9092 (id: -1 rack: null) disconnected
2026-01-09T20:08:36.981+03:00  INFO 4604 --- [order-service] [org.springframework.kafka.KafkaListenerEndpointContainer#0-0-C-1] org.apache.kafka.clients.NetworkClient   : [Consumer clientId=consumer-order-service-3, groupId=order-service] Node -1 disconnected.
2026-01-09T20:08:36.981+03:00  WARN 4604 --- [order-service] [org.springframework.kafka.KafkaListenerEndpointContainer#0-0-C-1] org.apache.kafka.clients.NetworkClient   : [Consumer clientId=consumer-order-service-3, groupId=order-service] Connection to node -1 (localhost/127.0.0.1:9092) could not be established. Broker may not be available.
2026-01-09T20:08:36.981+03:00  WARN 4604 --- [order-service] [org.springframework.kafka.KafkaListenerEndpointContainer#0-0-C-1] org.apache.kafka.clients.NetworkClient   : [Consumer clientId=consumer-order-service-3, groupId=order-service] Bootstrap broker localhost:9092 (id: -1 rack: null) disconnected
2026-01-09T20:08:37.197+03:00  INFO 4604 --- [order-service] [org.springframework.kafka.KafkaListenerEndpointContainer#2-0-C-1] org.apache.kafka.clients.NetworkClient   : [Consumer clientId=consumer-order-service-1, groupId=order-service] Node -1 disconnected.
2026-01-09T20:08:37.197+03:00  WARN 4604 --- [order-service] [org.springframework.kafka.KafkaListenerEndpointContainer#2-0-C-1] org.apache.kafka.clients.NetworkClient   : [Consumer clientId=consumer-order-service-1, groupId=order-service] Connection to node -1 (localhost/127.0.0.1:9092) could not be established. Broker may not be available.
2026-01-09T20:08:37.197+03:00  WARN 4604 --- [order-service] [org.springframework.kafka.KafkaListenerEndpointContainer#2-0-C-1] org.apache.kafka.clients.NetworkClient   : [Consumer clientId=consumer-order-service-1, groupId=order-service] Bootstrap broker localhost:9092 (id: -1 rack: null) disconnected
2026-01-09T20:08:37.553+03:00  INFO 4604 --- [order-service] [org.springframework.kafka.KafkaListenerEndpointContainer#1-0-C-1] org.apache.kafka.clients.NetworkClient   : [Consumer clientId=consumer-order-service-4, groupId=order-service] Node -1 disconnected.
2026-01-09T20:08:37.553+03:00  WARN 4604 --- [order-service] [org.springframework.kafka.KafkaListenerEndpointContainer#1-0-C-1] org.apache.kafka.clients.NetworkClient   : [Consumer clientId=consumer-order-service-4, groupId=order-service] Connection to node -1 (localhost/127.0.0.1:9092) could not be established. Broker may not be available.
2026-01-09T20:08:37.553+03:00  WARN 4604 --- [order-service] [org.springframework.kafka.KafkaListenerEndpointContainer#1-0-C-1] org.apache.kafka.clients.NetworkClient   : [Consumer clientId=consumer-order-service-4, groupId=order-service] Bootstrap broker localhost:9092 (id: -1 rack: null) disconnected
2026-01-09T20:08:37.784+03:00  INFO 4604 --- [order-service] [org.springframework.kafka.KafkaListenerEndpointContainer#3-0-C-1] org.apache.kafka.clients.NetworkClient   : [Consumer clientId=consumer-order-service-2, groupId=order-service] Node -1 disconnected.
2026-01-09T20:08:37.784+03:00  WARN 4604 --- [order-service] [org.springframework.kafka.KafkaListenerEndpointContainer#3-0-C-1] org.apache.kafka.clients.NetworkClient   : [Consumer clientId=consumer-order-service-2, groupId=order-service] Connection to node -1 (localhost/127.0.0.1:9092) could not be established. Broker may not be available.
2026-01-09T20:08:37.784+03:00  WARN 4604 --- [order-service] [org.springframework.kafka.KafkaListenerEndpointContainer#3-0-C-1] org.apache.kafka.clients.NetworkClient   : [Consumer clientId=consumer-order-service-2, groupId=order-service] Bootstrap broker localhost:9092 (id: -1 rack: null) disconnected
2026-01-09T20:08:38.014+03:00  INFO 4604 --- [order-service] [org.springframework.kafka.KafkaListenerEndpointContainer#0-0-C-1] org.apache.kafka.clients.NetworkClient   : [Consumer clientId=consumer-order-service-3, groupId=order-service] Node -1 disconnected.
2026-01-09T20:08:38.014+03:00  WARN 4604 --- [order-service] [org.springframework.kafka.KafkaListenerEndpointContainer#0-0-C-1] org.apache.kafka.clients.NetworkClient   : [Consumer clientId=consumer-order-service-3, groupId=order-service] Connection to node -1 (localhost/127.0.0.1:9092) could not be established. Broker may not be available.
2026-01-09T20:08:38.014+03:00  WARN 4604 --- [order-service] [org.springframework.kafka.KafkaListenerEndpointContainer#0-0-C-1] org.apache.kafka.clients.NetworkClient   : [Consumer clientId=consumer-order-service-3, groupId=order-service] Bootstrap broker localhost:9092 (id: -1 rack: null) disconnected
2026-01-09T20:08:38.122+03:00  INFO 4604 --- [order-service] [org.springframework.kafka.KafkaListenerEndpointContainer#2-0-C-1] org.apache.kafka.clients.NetworkClient   : [Consumer clientId=consumer-order-service-1, groupId=order-service] Node -1 disconnected.
2026-01-09T20:08:38.122+03:00  WARN 4604 --- [order-service] [org.springframework.kafka.KafkaListenerEndpointContainer#2-0-C-1] org.apache.kafka.clients.NetworkClient   : [Consumer clientId=consumer-order-service-1, groupId=order-service] Connection to node -1 (localhost/127.0.0.1:9092) could not be established. Broker may not be available.
2026-01-09T20:08:38.122+03:00  WARN 4604 --- [order-service] [org.springframework.kafka.KafkaListenerEndpointContainer#2-0-C-1] org.apache.kafka.clients.NetworkClient   : [Consumer clientId=consumer-order-service-1, groupId=order-service] Bootstrap broker localhost:9092 (id: -1 rack: null) disconnected
2026-01-09T20:08:38.643+03:00  INFO 4604 --- [order-service] [org.springframework.kafka.KafkaListenerEndpointContainer#1-0-C-1] org.apache.kafka.clients.NetworkClient   : [Consumer clientId=consumer-order-service-4, groupId=order-service] Node -1 disconnected.
2026-01-09T20:08:38.643+03:00  WARN 4604 --- [order-service] [org.springframework.kafka.KafkaListenerEndpointContainer#1-0-C-1] org.apache.kafka.clients.NetworkClient   : [Consumer clientId=consumer-order-service-4, groupId=order-service] Connection to node -1 (localhost/127.0.0.1:9092) could not be established. Broker may not be available.
2026-01-09T20:08:38.643+03:00  WARN 4604 --- [order-service] [org.springframework.kafka.KafkaListenerEndpointContainer#1-0-C-1] org.apache.kafka.clients.NetworkClient   : [Consumer clientId=consumer-order-service-4, groupId=order-service] Bootstrap broker localhost:9092 (id: -1 rack: null) disconnected
2026-01-09T20:08:38.859+03:00  INFO 4604 --- [order-service] [org.springframework.kafka.KafkaListenerEndpointContainer#0-0-C-1] org.apache.kafka.clients.NetworkClient   : [Consumer clientId=consumer-order-service-3, groupId=order-service] Node -1 disconnected.
2026-01-09T20:08:38.859+03:00  WARN 4604 --- [order-service] [org.springframework.kafka.KafkaListenerEndpointContainer#0-0-C-1] org.apache.kafka.clients.NetworkClient   : [Consumer clientId=consumer-order-service-3, groupId=order-service] Connection to node -1 (localhost/127.0.0.1:9092) could not be established. Broker may not be available.
2026-01-09T20:08:38.859+03:00  WARN 4604 --- [order-service] [org.springframework.kafka.KafkaListenerEndpointContainer#0-0-C-1] org.apache.kafka.clients.NetworkClient   : [Consumer clientId=consumer-order-service-3, groupId=order-service] Bootstrap broker localhost:9092 (id: -1 rack: null) disconnected
2026-01-09T20:08:38.937+03:00  INFO 4604 --- [order-service] [org.springframework.kafka.KafkaListenerEndpointContainer#3-0-C-1] org.apache.kafka.clients.NetworkClient   : [Consumer clientId=consumer-order-service-2, groupId=order-service] Node -1 disconnected.
2026-01-09T20:08:38.937+03:00  WARN 4604 --- [order-service] [org.springframework.kafka.KafkaListenerEndpointContainer#3-0-C-1] org.apache.kafka.clients.NetworkClient   : [Consumer clientId=consumer-order-service-2, groupId=order-service] Connection to node -1 (localhost/127.0.0.1:9092) could not be established. Broker may not be available.
2026-01-09T20:08:38.937+03:00  WARN 4604 --- [order-service] [org.springframework.kafka.KafkaListenerEndpointContainer#3-0-C-1] org.apache.kafka.clients.NetworkClient   : [Consumer clientId=consumer-order-service-2, groupId=order-service] Bootstrap broker localhost:9092 (id: -1 rack: null) disconnected
2026-01-09T20:08:39.031+03:00  INFO 4604 --- [order-service] [org.springframework.kafka.KafkaListenerEndpointContainer#2-0-C-1] org.apache.kafka.clients.NetworkClient   : [Consumer clientId=consumer-order-service-1, groupId=order-service] Node -1 disconnected.
2026-01-09T20:08:39.031+03:00  WARN 4604 --- [order-service] [org.springframework.kafka.KafkaListenerEndpointContainer#2-0-C-1] org.apache.kafka.clients.NetworkClient   : [Consumer clientId=consumer-order-service-1, groupId=order-service] Connection to node -1 (localhost/127.0.0.1:9092) could not be established. Broker may not be available.
2026-01-09T20:08:39.031+03:00  WARN 4604 --- [order-service] [org.springframework.kafka.KafkaListenerEndpointContainer#2-0-C-1] org.apache.kafka.clients.NetworkClient   : [Consumer clientId=consumer-order-service-1, groupId=order-service] Bootstrap broker localhost:9092 (id: -1 rack: null) disconnected
2026-01-09T20:08:39.619+03:00  INFO 4604 --- [order-service] [org.springframework.kafka.KafkaListenerEndpointContainer#1-0-C-1] org.apache.kafka.clients.NetworkClient   : [Consumer clientId=consumer-order-service-4, groupId=order-service] Node -1 disconnected.
2026-01-09T20:08:39.619+03:00  WARN 4604 --- [order-service] [org.springframework.kafka.KafkaListenerEndpointContainer#1-0-C-1] org.apache.kafka.clients.NetworkClient   : [Consumer clientId=consumer-order-service-4, groupId=order-service] Connection to node -1 (localhost/127.0.0.1:9092) could not be established. Broker may not be available.
2026-01-09T20:08:39.620+03:00  WARN 4604 --- [order-service] [org.springframework.kafka.KafkaListenerEndpointContainer#1-0-C-1] org.apache.kafka.clients.NetworkClient   : [Consumer clientId=consumer-order-service-4, groupId=order-service] Bootstrap broker localhost:9092 (id: -1 rack: null) disconnected
2026-01-09T20:08:39.958+03:00  INFO 4604 --- [order-service] [org.springframework.kafka.KafkaListenerEndpointContainer#0-0-C-1] org.apache.kafka.clients.NetworkClient   : [Consumer clientId=consumer-order-service-3, groupId=order-service] Node -1 disconnected.
2026-01-09T20:08:39.958+03:00  WARN 4604 --- [order-service] [org.springframework.kafka.KafkaListenerEndpointContainer#0-0-C-1] org.apache.kafka.clients.NetworkClient   : [Consumer clientId=consumer-order-service-3, groupId=order-service] Connection to node -1 (localhost/127.0.0.1:9092) could not be established. Broker may not be available.
2026-01-09T20:08:39.958+03:00  WARN 4604 --- [order-service] [org.springframework.kafka.KafkaListenerEndpointContainer#0-0-C-1] org.apache.kafka.clients.NetworkClient   : [Consumer clientId=consumer-order-service-3, groupId=order-service] Bootstrap broker localhost:9092 (id: -1 rack: null) disconnected
2026-01-09T20:08:39.973+03:00  INFO 4604 --- [order-service] [org.springframework.kafka.KafkaListenerEndpointContainer#3-0-C-1] org.apache.kafka.clients.NetworkClient   : [Consumer clientId=consumer-order-service-2, groupId=order-service] Node -1 disconnected.
2026-01-09T20:08:39.973+03:00  WARN 4604 --- [order-service] [org.springframework.kafka.KafkaListenerEndpointContainer#3-0-C-1] org.apache.kafka.clients.NetworkClient   : [Consumer clientId=consumer-order-service-2, groupId=order-service] Connection to node -1 (localhost/127.0.0.1:9092) could not be established. Broker may not be available.
2026-01-09T20:08:39.973+03:00  WARN 4604 --- [order-service] [org.springframework.kafka.KafkaListenerEndpointContainer#3-0-C-1] org.apache.kafka.clients.NetworkClient   : [Consumer clientId=consumer-order-service-2, groupId=order-service] Bootstrap broker localhost:9092 (id: -1 rack: null) disconnected
2026-01-09T20:08:40.189+03:00  INFO 4604 --- [order-service] [org.springframework.kafka.KafkaListenerEndpointContainer#2-0-C-1] org.apache.kafka.clients.NetworkClient   : [Consumer clientId=consumer-order-service-1, groupId=order-service] Node -1 disconnected.
2026-01-09T20:08:40.189+03:00  WARN 4604 --- [order-service] [org.springframework.kafka.KafkaListenerEndpointContainer#2-0-C-1] org.apache.kafka.clients.NetworkClient   : [Consumer clientId=consumer-order-service-1, groupId=order-service] Connection to node -1 (localhost/127.0.0.1:9092) could not be established. Broker may not be available.
2026-01-09T20:08:40.189+03:00  WARN 4604 --- [order-service] [org.springframework.kafka.KafkaListenerEndpointContainer#2-0-C-1] org.apache.kafka.clients.NetworkClient   : [Consumer clientId=consumer-order-service-1, groupId=order-service] Bootstrap broker localhost:9092 (id: -1 rack: null) disconnected
2026-01-09T20:08:40.622+03:00  INFO 4604 --- [order-service] [org.springframework.kafka.KafkaListenerEndpointContainer#1-0-C-1] org.apache.kafka.clients.NetworkClient   : [Consumer clientId=consumer-order-service-4, groupId=order-service] Node -1 disconnected.
2026-01-09T20:08:40.622+03:00  WARN 4604 --- [order-service] [org.springframework.kafka.KafkaListenerEndpointContainer#1-0-C-1] org.apache.kafka.clients.NetworkClient   : [Consumer clientId=consumer-order-service-4, groupId=order-service] Connection to node -1 (localhost/127.0.0.1:9092) could not be established. Broker may not be available.
2026-01-09T20:08:40.622+03:00  WARN 4604 --- [order-service] [org.springframework.kafka.KafkaListenerEndpointContainer#1-0-C-1] org.apache.kafka.clients.NetworkClient   : [Consumer clientId=consumer-order-service-4, groupId=order-service] Bootstrap broker localhost:9092 (id: -1 rack: null) disconnected
2026-01-09T20:08:40.917+03:00  INFO 4604 --- [order-service] [org.springframework.kafka.KafkaListenerEndpointContainer#3-0-C-1] org.apache.kafka.clients.NetworkClient   : [Consumer clientId=consumer-order-service-2, groupId=order-service] Node -1 disconnected.
2026-01-09T20:08:40.917+03:00  WARN 4604 --- [order-service] [org.springframework.kafka.KafkaListenerEndpointContainer#3-0-C-1] org.apache.kafka.clients.NetworkClient   : [Consumer clientId=consumer-order-service-2, groupId=order-service] Connection to node -1 (localhost/127.0.0.1:9092) could not be established. Broker may not be available.
2026-01-09T20:08:40.917+03:00  WARN 4604 --- [order-service] [org.springframework.kafka.KafkaListenerEndpointContainer#3-0-C-1] org.apache.kafka.clients.NetworkClient   : [Consumer clientId=consumer-order-service-2, groupId=order-service] Bootstrap broker localhost:9092 (id: -1 rack: null) disconnected
2026-01-09T20:08:41.087+03:00  INFO 4604 --- [order-service] [org.springframework.kafka.KafkaListenerEndpointContainer#0-0-C-1] org.apache.kafka.clients.NetworkClient   : [Consumer clientId=consumer-order-service-3, groupId=order-service] Node -1 disconnected.
2026-01-09T20:08:41.087+03:00  WARN 4604 --- [order-service] [org.springframework.kafka.KafkaListenerEndpointContainer#0-0-C-1] org.apache.kafka.clients.NetworkClient   : [Consumer clientId=consumer-order-service-3, groupId=order-service] Connection to node -1 (localhost/127.0.0.1:9092) could not be established. Broker may not be available.
2026-01-09T20:08:41.087+03:00  WARN 4604 --- [order-service] [org.springframework.kafka.KafkaListenerEndpointContainer#0-0-C-1] org.apache.kafka.clients.NetworkClient   : [Consumer clientId=consumer-order-service-3, groupId=order-service] Bootstrap broker localhost:9092 (id: -1 rack: null) disconnected
2026-01-09T20:08:41.103+03:00  INFO 4604 --- [order-service] [org.springframework.kafka.KafkaListenerEndpointContainer#2-0-C-1] org.apache.kafka.clients.NetworkClient   : [Consumer clientId=consumer-order-service-1, groupId=order-service] Node -1 disconnected.
2026-01-09T20:08:41.104+03:00  WARN 4604 --- [order-service] [org.springframework.kafka.KafkaListenerEndpointContainer#2-0-C-1] org.apache.kafka.clients.NetworkClient   : [Consumer clientId=consumer-order-service-1, groupId=order-service] Connection to node -1 (localhost/127.0.0.1:9092) could not be established. Broker may not be available.
2026-01-09T20:08:41.104+03:00  WARN 4604 --- [order-service] [org.springframework.kafka.KafkaListenerEndpointContainer#2-0-C-1] org.apache.kafka.clients.NetworkClient   : [Consumer clientId=consumer-order-service-1, groupId=order-service] Bootstrap broker localhost:9092 (id: -1 rack: null) disconnected
2026-01-09T20:08:41.667+03:00  INFO 4604 --- [order-service] [org.springframework.kafka.KafkaListenerEndpointContainer#1-0-C-1] org.apache.kafka.clients.NetworkClient   : [Consumer clientId=consumer-order-service-4, groupId=order-service] Node -1 disconnected.
2026-01-09T20:08:41.667+03:00  WARN 4604 --- [order-service] [org.springframework.kafka.KafkaListenerEndpointContainer#1-0-C-1] org.apache.kafka.clients.NetworkClient   : [Consumer clientId=consumer-order-service-4, groupId=order-service] Connection to node -1 (localhost/127.0.0.1:9092) could not be established. Broker may not be available.
2026-01-09T20:08:41.667+03:00  WARN 4604 --- [order-service] [org.springframework.kafka.KafkaListenerEndpointContainer#1-0-C-1] org.apache.kafka.clients.NetworkClient   : [Consumer clientId=consumer-order-service-4, groupId=order-service] Bootstrap broker localhost:9092 (id: -1 rack: null) disconnected
2026-01-09T20:08:41.851+03:00  INFO 4604 --- [order-service] [org.springframework.kafka.KafkaListenerEndpointContainer#3-0-C-1] org.apache.kafka.clients.NetworkClient   : [Consumer clientId=consumer-order-service-2, groupId=order-service] Node -1 disconnected.
2026-01-09T20:08:41.851+03:00  WARN 4604 --- [order-service] [org.springframework.kafka.KafkaListenerEndpointContainer#3-0-C-1] org.apache.kafka.clients.NetworkClient   : [Consumer clientId=consumer-order-service-2, groupId=order-service] Connection to node -1 (localhost/127.0.0.1:9092) could not be established. Broker may not be available.
2026-01-09T20:08:41.851+03:00  WARN 4604 --- [order-service] [org.springframework.kafka.KafkaListenerEndpointContainer#3-0-C-1] org.apache.kafka.clients.NetworkClient   : [Consumer clientId=consumer-order-service-2, groupId=order-service] Bootstrap broker localhost:9092 (id: -1 rack: null) disconnected
2026-01-09T20:08:42.207+03:00  INFO 4604 --- [order-service] [org.springframework.kafka.KafkaListenerEndpointContainer#0-0-C-1] org.apache.kafka.clients.NetworkClient   : [Consumer clientId=consumer-order-service-3, groupId=order-service] Node -1 disconnected.
2026-01-09T20:08:42.207+03:00  WARN 4604 --- [order-service] [org.springframework.kafka.KafkaListenerEndpointContainer#0-0-C-1] org.apache.kafka.clients.NetworkClient   : [Consumer clientId=consumer-order-service-3, groupId=order-service] Connection to node -1 (localhost/127.0.0.1:9092) could not be established. Broker may not be available.
2026-01-09T20:08:42.208+03:00  WARN 4604 --- [order-service] [org.springframework.kafka.KafkaListenerEndpointContainer#0-0-C-1] org.apache.kafka.clients.NetworkClient   : [Consumer clientId=consumer-order-service-3, groupId=order-service] Bootstrap broker localhost:9092 (id: -1 rack: null) disconnected
2026-01-09T20:08:42.284+03:00  INFO 4604 --- [order-service] [org.springframework.kafka.KafkaListenerEndpointContainer#2-0-C-1] org.apache.kafka.clients.NetworkClient   : [Consumer clientId=consumer-order-service-1, groupId=order-service] Node -1 disconnected.
2026-01-09T20:08:42.285+03:00  WARN 4604 --- [order-service] [org.springframework.kafka.KafkaListenerEndpointContainer#2-0-C-1] org.apache.kafka.clients.NetworkClient   : [Consumer clientId=consumer-order-service-1, groupId=order-service] Connection to node -1 (localhost/127.0.0.1:9092) could not be established. Broker may not be available.
2026-01-09T20:08:42.285+03:00  WARN 4604 --- [order-service] [org.springframework.kafka.KafkaListenerEndpointContainer#2-0-C-1] org.apache.kafka.clients.NetworkClient   : [Consumer clientId=consumer-order-service-1, groupId=order-service] Bootstrap broker localhost:9092 (id: -1 rack: null) disconnected
2026-01-09T20:08:42.705+03:00  INFO 4604 --- [order-service] [org.springframework.kafka.KafkaListenerEndpointContainer#1-0-C-1] org.apache.kafka.clients.NetworkClient   : [Consumer clientId=consumer-order-service-4, groupId=order-service] Node -1 disconnected.
2026-01-09T20:08:42.706+03:00  WARN 4604 --- [order-service] [org.springframework.kafka.KafkaListenerEndpointContainer#1-0-C-1] org.apache.kafka.clients.NetworkClient   : [Consumer clientId=consumer-order-service-4, groupId=order-service] Connection to node -1 (localhost/127.0.0.1:9092) could not be established. Broker may not be available.
2026-01-09T20:08:42.706+03:00  WARN 4604 --- [order-service] [org.springframework.kafka.KafkaListenerEndpointContainer#1-0-C-1] org.apache.kafka.clients.NetworkClient   : [Consumer clientId=consumer-order-service-4, groupId=order-service] Bootstrap broker localhost:9092 (id: -1 rack: null) disconnected
2026-01-09T20:08:43.029+03:00  INFO 4604 --- [order-service] [org.springframework.kafka.KafkaListenerEndpointContainer#3-0-C-1] org.apache.kafka.clients.NetworkClient   : [Consumer clientId=consumer-order-service-2, groupId=order-service] Node -1 disconnected.
2026-01-09T20:08:43.029+03:00  WARN 4604 --- [order-service] [org.springframework.kafka.KafkaListenerEndpointContainer#3-0-C-1] org.apache.kafka.clients.NetworkClient   : [Consumer clientId=consumer-order-service-2, groupId=order-service] Connection to node -1 (localhost/127.0.0.1:9092) could not be established. Broker may not be available.
2026-01-09T20:08:43.029+03:00  WARN 4604 --- [order-service] [org.springframework.kafka.KafkaListenerEndpointContainer#3-0-C-1] org.apache.kafka.clients.NetworkClient   : [Consumer clientId=consumer-order-service-2, groupId=order-service] Bootstrap broker localhost:9092 (id: -1 rack: null) disconnected
2026-01-09T20:08:43.374+03:00  INFO 4604 --- [order-service] [org.springframework.kafka.KafkaListenerEndpointContainer#0-0-C-1] org.apache.kafka.clients.NetworkClient   : [Consumer clientId=consumer-order-service-3, groupId=order-service] Node -1 disconnected.
2026-01-09T20:08:43.375+03:00  WARN 4604 --- [order-service] [org.springframework.kafka.KafkaListenerEndpointContainer#0-0-C-1] org.apache.kafka.clients.NetworkClient   : [Consumer clientId=consumer-order-service-3, groupId=order-service] Connection to node -1 (localhost/127.0.0.1:9092) could not be established. Broker may not be available.
2026-01-09T20:08:43.375+03:00  WARN 4604 --- [order-service] [org.springframework.kafka.KafkaListenerEndpointContainer#0-0-C-1] org.apache.kafka.clients.NetworkClient   : [Consumer clientId=consumer-order-service-3, groupId=order-service] Bootstrap broker localhost:9092 (id: -1 rack: null) disconnected
2026-01-09T20:08:43.515+03:00  INFO 4604 --- [order-service] [org.springframework.kafka.KafkaListenerEndpointContainer#2-0-C-1] org.apache.kafka.clients.NetworkClient   : [Consumer clientId=consumer-order-service-1, groupId=order-service] Node -1 disconnected.
2026-01-09T20:08:43.515+03:00  WARN 4604 --- [order-service] [org.springframework.kafka.KafkaListenerEndpointContainer#2-0-C-1] org.apache.kafka.clients.NetworkClient   : [Consumer clientId=consumer-order-service-1, groupId=order-service] Connection to node -1 (localhost/127.0.0.1:9092) could not be established. Broker may not be available.
2026-01-09T20:08:43.515+03:00  WARN 4604 --- [order-service] [org.springframework.kafka.KafkaListenerEndpointContainer#2-0-C-1] org.apache.kafka.clients.NetworkClient   : [Consumer clientId=consumer-order-service-1, groupId=order-service] Bootstrap broker localhost:9092 (id: -1 rack: null) disconnected
2026-01-09T20:08:43.561+03:00  INFO 4604 --- [order-service] [org.springframework.kafka.KafkaListenerEndpointContainer#1-0-C-1] org.apache.kafka.clients.NetworkClient   : [Consumer clientId=consumer-order-service-4, groupId=order-service] Node -1 disconnected.
2026-01-09T20:08:43.561+03:00  WARN 4604 --- [order-service] [org.springframework.kafka.KafkaListenerEndpointContainer#1-0-C-1] org.apache.kafka.clients.NetworkClient   : [Consumer clientId=consumer-order-service-4, groupId=order-service] Connection to node -1 (localhost/127.0.0.1:9092) could not be established. Broker may not be available.
2026-01-09T20:08:43.561+03:00  WARN 4604 --- [order-service] [org.springframework.kafka.KafkaListenerEndpointContainer#1-0-C-1] org.apache.kafka.clients.NetworkClient   : [Consumer clientId=consumer-order-service-4, groupId=order-service] Bootstrap broker localhost:9092 (id: -1 rack: null) disconnected
2026-01-09T20:08:44.212+03:00  INFO 4604 --- [order-service] [org.springframework.kafka.KafkaListenerEndpointContainer#3-0-C-1] org.apache.kafka.clients.NetworkClient   : [Consumer clientId=consumer-order-service-2, groupId=order-service] Node -1 disconnected.
2026-01-09T20:08:44.212+03:00  WARN 4604 --- [order-service] [org.springframework.kafka.KafkaListenerEndpointContainer#3-0-C-1] org.apache.kafka.clients.NetworkClient   : [Consumer clientId=consumer-order-service-2, groupId=order-service] Connection to node -1 (localhost/127.0.0.1:9092) could not be established. Broker may not be available.
2026-01-09T20:08:44.212+03:00  WARN 4604 --- [order-service] [org.springframework.kafka.KafkaListenerEndpointContainer#3-0-C-1] org.apache.kafka.clients.NetworkClient   : [Consumer clientId=consumer-order-service-2, groupId=order-service] Bootstrap broker localhost:9092 (id: -1 rack: null) disconnected
2026-01-09T20:08:44.292+03:00  INFO 4604 --- [order-service] [org.springframework.kafka.KafkaListenerEndpointContainer#0-0-C-1] org.apache.kafka.clients.NetworkClient   : [Consumer clientId=consumer-order-service-3, groupId=order-service] Node -1 disconnected.
2026-01-09T20:08:44.292+03:00  WARN 4604 --- [order-service] [org.springframework.kafka.KafkaListenerEndpointContainer#0-0-C-1] org.apache.kafka.clients.NetworkClient   : [Consumer clientId=consumer-order-service-3, groupId=order-service] Connection to node -1 (localhost/127.0.0.1:9092) could not be established. Broker may not be available.
2026-01-09T20:08:44.292+03:00  WARN 4604 --- [order-service] [org.springframework.kafka.KafkaListenerEndpointContainer#0-0-C-1] org.apache.kafka.clients.NetworkClient   : [Consumer clientId=consumer-order-service-3, groupId=order-service] Bootstrap broker localhost:9092 (id: -1 rack: null) disconnected
2026-01-09T20:08:44.553+03:00  INFO 4604 --- [order-service] [org.springframework.kafka.KafkaListenerEndpointContainer#2-0-C-1] org.apache.kafka.clients.NetworkClient   : [Consumer clientId=consumer-order-service-1, groupId=order-service] Node -1 disconnected.
2026-01-09T20:08:44.553+03:00  WARN 4604 --- [order-service] [org.springframework.kafka.KafkaListenerEndpointContainer#2-0-C-1] org.apache.kafka.clients.NetworkClient   : [Consumer clientId=consumer-order-service-1, groupId=order-service] Connection to node -1 (localhost/127.0.0.1:9092) could not be established. Broker may not be available.
2026-01-09T20:08:44.553+03:00  WARN 4604 --- [order-service] [org.springframework.kafka.KafkaListenerEndpointContainer#2-0-C-1] org.apache.kafka.clients.NetworkClient   : [Consumer clientId=consumer-order-service-1, groupId=order-service] Bootstrap broker localhost:9092 (id: -1 rack: null) disconnected
2026-01-09T20:08:44.723+03:00  INFO 4604 --- [order-service] [org.springframework.kafka.KafkaListenerEndpointContainer#1-0-C-1] org.apache.kafka.clients.NetworkClient   : [Consumer clientId=consumer-order-service-4, groupId=order-service] Node -1 disconnected.
2026-01-09T20:08:44.723+03:00  WARN 4604 --- [order-service] [org.springframework.kafka.KafkaListenerEndpointContainer#1-0-C-1] org.apache.kafka.clients.NetworkClient   : [Consumer clientId=consumer-order-service-4, groupId=order-service] Connection to node -1 (localhost/127.0.0.1:9092) could not be established. Broker may not be available.
2026-01-09T20:08:44.724+03:00  WARN 4604 --- [order-service] [org.springframework.kafka.KafkaListenerEndpointContainer#1-0-C-1] org.apache.kafka.clients.NetworkClient   : [Consumer clientId=consumer-order-service-4, groupId=order-service] Bootstrap broker localhost:9092 (id: -1 rack: null) disconnected
2026-01-09T20:08:45.250+03:00  INFO 4604 --- [order-service] [org.springframework.kafka.KafkaListenerEndpointContainer#3-0-C-1] org.apache.kafka.clients.NetworkClient   : [Consumer clientId=consumer-order-service-2, groupId=order-service] Node -1 disconnected.
2026-01-09T20:08:45.250+03:00  WARN 4604 --- [order-service] [org.springframework.kafka.KafkaListenerEndpointContainer#3-0-C-1] org.apache.kafka.clients.NetworkClient   : [Consumer clientId=consumer-order-service-2, groupId=order-service] Connection to node -1 (localhost/127.0.0.1:9092) could not be established. Broker may not be available.
2026-01-09T20:08:45.250+03:00  WARN 4604 --- [order-service] [org.springframework.kafka.KafkaListenerEndpointContainer#3-0-C-1] org.apache.kafka.clients.NetworkClient   : [Consumer clientId=consumer-order-service-2, groupId=order-service] Bootstrap broker localhost:9092 (id: -1 rack: null) disconnected
2026-01-09T20:08:45.516+03:00  INFO 4604 --- [order-service] [org.springframework.kafka.KafkaListenerEndpointContainer#0-0-C-1] org.apache.kafka.clients.NetworkClient   : [Consumer clientId=consumer-order-service-3, groupId=order-service] Node -1 disconnected.
2026-01-09T20:08:45.516+03:00  WARN 4604 --- [order-service] [org.springframework.kafka.KafkaListenerEndpointContainer#0-0-C-1] org.apache.kafka.clients.NetworkClient   : [Consumer clientId=consumer-order-service-3, groupId=order-service] Connection to node -1 (localhost/127.0.0.1:9092) could not be established. Broker may not be available.
2026-01-09T20:08:45.516+03:00  WARN 4604 --- [order-service] [org.springframework.kafka.KafkaListenerEndpointContainer#0-0-C-1] org.apache.kafka.clients.NetworkClient   : [Consumer clientId=consumer-order-service-3, groupId=order-service] Bootstrap broker localhost:9092 (id: -1 rack: null) disconnected
2026-01-09T20:08:45.606+03:00  INFO 4604 --- [order-service] [org.springframework.kafka.KafkaListenerEndpointContainer#2-0-C-1] org.apache.kafka.clients.NetworkClient   : [Consumer clientId=consumer-order-service-1, groupId=order-service] Node -1 disconnected.
2026-01-09T20:08:45.606+03:00  WARN 4604 --- [order-service] [org.springframework.kafka.KafkaListenerEndpointContainer#2-0-C-1] org.apache.kafka.clients.NetworkClient   : [Consumer clientId=consumer-order-service-1, groupId=order-service] Connection to node -1 (localhost/127.0.0.1:9092) could not be established. Broker may not be available.
2026-01-09T20:08:45.606+03:00  WARN 4604 --- [order-service] [org.springframework.kafka.KafkaListenerEndpointContainer#2-0-C-1] org.apache.kafka.clients.NetworkClient   : [Consumer clientId=consumer-order-service-1, groupId=order-service] Bootstrap broker localhost:9092 (id: -1 rack: null) disconnected
2026-01-09T20:08:45.823+03:00  INFO 4604 --- [order-service] [org.springframework.kafka.KafkaListenerEndpointContainer#1-0-C-1] org.apache.kafka.clients.NetworkClient   : [Consumer clientId=consumer-order-service-4, groupId=order-service] Node -1 disconnected.
2026-01-09T20:08:45.823+03:00  WARN 4604 --- [order-service] [org.springframework.kafka.KafkaListenerEndpointContainer#1-0-C-1] org.apache.kafka.clients.NetworkClient   : [Consumer clientId=consumer-order-service-4, groupId=order-service] Connection to node -1 (localhost/127.0.0.1:9092) could not be established. Broker may not be available.
2026-01-09T20:08:45.823+03:00  WARN 4604 --- [order-service] [org.springframework.kafka.KafkaListenerEndpointContainer#1-0-C-1] org.apache.kafka.clients.NetworkClient   : [Consumer clientId=consumer-order-service-4, groupId=order-service] Bootstrap broker localhost:9092 (id: -1 rack: null) disconnected
2026-01-09T20:08:46.464+03:00  INFO 4604 --- [order-service] [org.springframework.kafka.KafkaListenerEndpointContainer#2-0-C-1] org.apache.kafka.clients.NetworkClient   : [Consumer clientId=consumer-order-service-1, groupId=order-service] Node -1 disconnected.
2026-01-09T20:08:46.464+03:00  WARN 4604 --- [order-service] [org.springframework.kafka.KafkaListenerEndpointContainer#2-0-C-1] org.apache.kafka.clients.NetworkClient   : [Consumer clientId=consumer-order-service-1, groupId=order-service] Connection to node -1 (localhost/127.0.0.1:9092) could not be established. Broker may not be available.
2026-01-09T20:08:46.464+03:00  WARN 4604 --- [order-service] [org.springframework.kafka.KafkaListenerEndpointContainer#2-0-C-1] org.apache.kafka.clients.NetworkClient   : [Consumer clientId=consumer-order-service-1, groupId=order-service] Bootstrap broker localhost:9092 (id: -1 rack: null) disconnected
2026-01-09T20:08:46.480+03:00  INFO 4604 --- [order-service] [org.springframework.kafka.KafkaListenerEndpointContainer#3-0-C-1] org.apache.kafka.clients.NetworkClient   : [Consumer clientId=consumer-order-service-2, groupId=order-service] Node -1 disconnected.
2026-01-09T20:08:46.480+03:00  WARN 4604 --- [order-service] [org.springframework.kafka.KafkaListenerEndpointContainer#3-0-C-1] org.apache.kafka.clients.NetworkClient   : [Consumer clientId=consumer-order-service-2, groupId=order-service] Connection to node -1 (localhost/127.0.0.1:9092) could not be established. Broker may not be available.
2026-01-09T20:08:46.480+03:00  WARN 4604 --- [order-service] [org.springframework.kafka.KafkaListenerEndpointContainer#3-0-C-1] org.apache.kafka.clients.NetworkClient   : [Consumer clientId=consumer-order-service-2, groupId=order-service] Bootstrap broker localhost:9092 (id: -1 rack: null) disconnected
2026-01-09T20:08:46.679+03:00  INFO 4604 --- [order-service] [org.springframework.kafka.KafkaListenerEndpointContainer#0-0-C-1] org.apache.kafka.clients.NetworkClient   : [Consumer clientId=consumer-order-service-3, groupId=order-service] Node -1 disconnected.
2026-01-09T20:08:46.679+03:00  WARN 4604 --- [order-service] [org.springframework.kafka.KafkaListenerEndpointContainer#0-0-C-1] org.apache.kafka.clients.NetworkClient   : [Consumer clientId=consumer-order-service-3, groupId=order-service] Connection to node -1 (localhost/127.0.0.1:9092) could not be established. Broker may not be available.
2026-01-09T20:08:46.679+03:00  WARN 4604 --- [order-service] [org.springframework.kafka.KafkaListenerEndpointContainer#0-0-C-1] org.apache.kafka.clients.NetworkClient   : [Consumer clientId=consumer-order-service-3, groupId=order-service] Bootstrap broker localhost:9092 (id: -1 rack: null) disconnected
2026-01-09T20:08:46.804+03:00  INFO 4604 --- [order-service] [org.springframework.kafka.KafkaListenerEndpointContainer#1-0-C-1] org.apache.kafka.clients.NetworkClient   : [Consumer clientId=consumer-order-service-4, groupId=order-service] Node -1 disconnected.
2026-01-09T20:08:46.804+03:00  WARN 4604 --- [order-service] [org.springframework.kafka.KafkaListenerEndpointContainer#1-0-C-1] org.apache.kafka.clients.NetworkClient   : [Consumer clientId=consumer-order-service-4, groupId=order-service] Connection to node -1 (localhost/127.0.0.1:9092) could not be established. Broker may not be available.
2026-01-09T20:08:46.804+03:00  WARN 4604 --- [order-service] [org.springframework.kafka.KafkaListenerEndpointContainer#1-0-C-1] org.apache.kafka.clients.NetworkClient   : [Consumer clientId=consumer-order-service-4, groupId=order-service] Bootstrap broker localhost:9092 (id: -1 rack: null) disconnected
2026-01-09T20:08:47.440+03:00  INFO 4604 --- [order-service] [org.springframework.kafka.KafkaListenerEndpointContainer#2-0-C-1] org.apache.kafka.clients.NetworkClient   : [Consumer clientId=consumer-order-service-1, groupId=order-service] Node -1 disconnected.
2026-01-09T20:08:47.440+03:00  WARN 4604 --- [order-service] [org.springframework.kafka.KafkaListenerEndpointContainer#2-0-C-1] org.apache.kafka.clients.NetworkClient   : [Consumer clientId=consumer-order-service-1, groupId=order-service] Connection to node -1 (localhost/127.0.0.1:9092) could not be established. Broker may not be available.
2026-01-09T20:08:47.440+03:00  WARN 4604 --- [order-service] [org.springframework.kafka.KafkaListenerEndpointContainer#2-0-C-1] org.apache.kafka.clients.NetworkClient   : [Consumer clientId=consumer-order-service-1, groupId=order-service] Bootstrap broker localhost:9092 (id: -1 rack: null) disconnected
2026-01-09T20:08:47.534+03:00  INFO 4604 --- [order-service] [org.springframework.kafka.KafkaListenerEndpointContainer#0-0-C-1] org.apache.kafka.clients.NetworkClient   : [Consumer clientId=consumer-order-service-3, groupId=order-service] Node -1 disconnected.
2026-01-09T20:08:47.534+03:00  WARN 4604 --- [order-service] [org.springframework.kafka.KafkaListenerEndpointContainer#0-0-C-1] org.apache.kafka.clients.NetworkClient   : [Consumer clientId=consumer-order-service-3, groupId=order-service] Connection to node -1 (localhost/127.0.0.1:9092) could not be established. Broker may not be available.
2026-01-09T20:08:47.534+03:00  WARN 4604 --- [order-service] [org.springframework.kafka.KafkaListenerEndpointContainer#0-0-C-1] org.apache.kafka.clients.NetworkClient   : [Consumer clientId=consumer-order-service-3, groupId=order-service] Bootstrap broker localhost:9092 (id: -1 rack: null) disconnected
2026-01-09T20:08:47.643+03:00  INFO 4604 --- [order-service] [org.springframework.kafka.KafkaListenerEndpointContainer#3-0-C-1] org.apache.kafka.clients.NetworkClient   : [Consumer clientId=consumer-order-service-2, groupId=order-service] Node -1 disconnected.
2026-01-09T20:08:47.643+03:00  WARN 4604 --- [order-service] [org.springframework.kafka.KafkaListenerEndpointContainer#3-0-C-1] org.apache.kafka.clients.NetworkClient   : [Consumer clientId=consumer-order-service-2, groupId=order-service] Connection to node -1 (localhost/127.0.0.1:9092) could not be established. Broker may not be available.
2026-01-09T20:08:47.644+03:00  WARN 4604 --- [order-service] [org.springframework.kafka.KafkaListenerEndpointContainer#3-0-C-1] org.apache.kafka.clients.NetworkClient   : [Consumer clientId=consumer-order-service-2, groupId=order-service] Bootstrap broker localhost:9092 (id: -1 rack: null) disconnected
2026-01-09T20:08:47.909+03:00  INFO 4604 --- [order-service] [org.springframework.kafka.KafkaListenerEndpointContainer#1-0-C-1] org.apache.kafka.clients.NetworkClient   : [Consumer clientId=consumer-order-service-4, groupId=order-service] Node -1 disconnected.
2026-01-09T20:08:47.909+03:00  WARN 4604 --- [order-service] [org.springframework.kafka.KafkaListenerEndpointContainer#1-0-C-1] org.apache.kafka.clients.NetworkClient   : [Consumer clientId=consumer-order-service-4, groupId=order-service] Connection to node -1 (localhost/127.0.0.1:9092) could not be established. Broker may not be available.
2026-01-09T20:08:47.909+03:00  WARN 4604 --- [order-service] [org.springframework.kafka.KafkaListenerEndpointContainer#1-0-C-1] org.apache.kafka.clients.NetworkClient   : [Consumer clientId=consumer-order-service-4, groupId=order-service] Bootstrap broker localhost:9092 (id: -1 rack: null) disconnected
2026-01-09T20:08:48.358+03:00  INFO 4604 --- [order-service] [org.springframework.kafka.KafkaListenerEndpointContainer#2-0-C-1] org.apache.kafka.clients.NetworkClient   : [Consumer clientId=consumer-order-service-1, groupId=order-service] Node -1 disconnected.
2026-01-09T20:08:48.358+03:00  WARN 4604 --- [order-service] [org.springframework.kafka.KafkaListenerEndpointContainer#2-0-C-1] org.apache.kafka.clients.NetworkClient   : [Consumer clientId=consumer-order-service-1, groupId=order-service] Connection to node -1 (localhost/127.0.0.1:9092) could not be established. Broker may not be available.
2026-01-09T20:08:48.359+03:00  WARN 4604 --- [order-service] [org.springframework.kafka.KafkaListenerEndpointContainer#2-0-C-1] org.apache.kafka.clients.NetworkClient   : [Consumer clientId=consumer-order-service-1, groupId=order-service] Bootstrap broker localhost:9092 (id: -1 rack: null) disconnected
2026-01-09T20:08:48.639+03:00  INFO 4604 --- [order-service] [org.springframework.kafka.KafkaListenerEndpointContainer#0-0-C-1] org.apache.kafka.clients.NetworkClient   : [Consumer clientId=consumer-order-service-3, groupId=order-service] Node -1 disconnected.
2026-01-09T20:08:48.639+03:00  WARN 4604 --- [order-service] [org.springframework.kafka.KafkaListenerEndpointContainer#0-0-C-1] org.apache.kafka.clients.NetworkClient   : [Consumer clientId=consumer-order-service-3, groupId=order-service] Connection to node -1 (localhost/127.0.0.1:9092) could not be established. Broker may not be available.
2026-01-09T20:08:48.639+03:00  WARN 4604 --- [order-service] [org.springframework.kafka.KafkaListenerEndpointContainer#0-0-C-1] org.apache.kafka.clients.NetworkClient   : [Consumer clientId=consumer-order-service-3, groupId=order-service] Bootstrap broker localhost:9092 (id: -1 rack: null) disconnected
2026-01-09T20:08:48.872+03:00  INFO 4604 --- [order-service] [org.springframework.kafka.KafkaListenerEndpointContainer#3-0-C-1] org.apache.kafka.clients.NetworkClient   : [Consumer clientId=consumer-order-service-2, groupId=order-service] Node -1 disconnected.
2026-01-09T20:08:48.872+03:00  WARN 4604 --- [order-service] [org.springframework.kafka.KafkaListenerEndpointContainer#3-0-C-1] org.apache.kafka.clients.NetworkClient   : [Consumer clientId=consumer-order-service-2, groupId=order-service] Connection to node -1 (localhost/127.0.0.1:9092) could not be established. Broker may not be available.
2026-01-09T20:08:48.872+03:00  WARN 4604 --- [order-service] [org.springframework.kafka.KafkaListenerEndpointContainer#3-0-C-1] org.apache.kafka.clients.NetworkClient   : [Consumer clientId=consumer-order-service-2, groupId=order-service] Bootstrap broker localhost:9092 (id: -1 rack: null) disconnected
2026-01-09T20:08:48.949+03:00  INFO 4604 --- [order-service] [org.springframework.kafka.KafkaListenerEndpointContainer#1-0-C-1] org.apache.kafka.clients.NetworkClient   : [Consumer clientId=consumer-order-service-4, groupId=order-service] Node -1 disconnected.
2026-01-09T20:08:48.950+03:00  WARN 4604 --- [order-service] [org.springframework.kafka.KafkaListenerEndpointContainer#1-0-C-1] org.apache.kafka.clients.NetworkClient   : [Consumer clientId=consumer-order-service-4, groupId=order-service] Connection to node -1 (localhost/127.0.0.1:9092) could not be established. Broker may not be available.
2026-01-09T20:08:48.950+03:00  WARN 4604 --- [order-service] [org.springframework.kafka.KafkaListenerEndpointContainer#1-0-C-1] org.apache.kafka.clients.NetworkClient   : [Consumer clientId=consumer-order-service-4, groupId=order-service] Bootstrap broker localhost:9092 (id: -1 rack: null) disconnected
2026-01-09T20:08:49.340+03:00  INFO 4604 --- [order-service] [org.springframework.kafka.KafkaListenerEndpointContainer#2-0-C-1] org.apache.kafka.clients.NetworkClient   : [Consumer clientId=consumer-order-service-1, groupId=order-service] Node -1 disconnected.
2026-01-09T20:08:49.340+03:00  WARN 4604 --- [order-service] [org.springframework.kafka.KafkaListenerEndpointContainer#2-0-C-1] org.apache.kafka.clients.NetworkClient   : [Consumer clientId=consumer-order-service-1, groupId=order-service] Connection to node -1 (localhost/127.0.0.1:9092) could not be established. Broker may not be available.
2026-01-09T20:08:49.340+03:00  WARN 4604 --- [order-service] [org.springframework.kafka.KafkaListenerEndpointContainer#2-0-C-1] org.apache.kafka.clients.NetworkClient   : [Consumer clientId=consumer-order-service-1, groupId=order-service] Bootstrap broker localhost:9092 (id: -1 rack: null) disconnected
2026-01-09T20:08:49.495+03:00  INFO 4604 --- [order-service] [org.springframework.kafka.KafkaListenerEndpointContainer#0-0-C-1] org.apache.kafka.clients.NetworkClient   : [Consumer clientId=consumer-order-service-3, groupId=order-service] Node -1 disconnected.
2026-01-09T20:08:49.495+03:00  WARN 4604 --- [order-service] [org.springframework.kafka.KafkaListenerEndpointContainer#0-0-C-1] org.apache.kafka.clients.NetworkClient   : [Consumer clientId=consumer-order-service-3, groupId=order-service] Connection to node -1 (localhost/127.0.0.1:9092) could not be established. Broker may not be available.
2026-01-09T20:08:49.495+03:00  WARN 4604 --- [order-service] [org.springframework.kafka.KafkaListenerEndpointContainer#0-0-C-1] org.apache.kafka.clients.NetworkClient   : [Consumer clientId=consumer-order-service-3, groupId=order-service] Bootstrap broker localhost:9092 (id: -1 rack: null) disconnected
2026-01-09T20:08:49.871+03:00  INFO 4604 --- [order-service] [org.springframework.kafka.KafkaListenerEndpointContainer#1-0-C-1] org.apache.kafka.clients.NetworkClient   : [Consumer clientId=consumer-order-service-4, groupId=order-service] Node -1 disconnected.
2026-01-09T20:08:49.871+03:00  WARN 4604 --- [order-service] [org.springframework.kafka.KafkaListenerEndpointContainer#1-0-C-1] org.apache.kafka.clients.NetworkClient   : [Consumer clientId=consumer-order-service-4, groupId=order-service] Connection to node -1 (localhost/127.0.0.1:9092) could not be established. Broker may not be available.
2026-01-09T20:08:49.871+03:00  WARN 4604 --- [order-service] [org.springframework.kafka.KafkaListenerEndpointContainer#1-0-C-1] org.apache.kafka.clients.NetworkClient   : [Consumer clientId=consumer-order-service-4, groupId=order-service] Bootstrap broker localhost:9092 (id: -1 rack: null) disconnected
2026-01-09T20:08:50.040+03:00  INFO 4604 --- [order-service] [org.springframework.kafka.KafkaListenerEndpointContainer#3-0-C-1] org.apache.kafka.clients.NetworkClient   : [Consumer clientId=consumer-order-service-2, groupId=order-service] Node -1 disconnected.
2026-01-09T20:08:50.040+03:00  WARN 4604 --- [order-service] [org.springframework.kafka.KafkaListenerEndpointContainer#3-0-C-1] org.apache.kafka.clients.NetworkClient   : [Consumer clientId=consumer-order-service-2, groupId=order-service] Connection to node -1 (localhost/127.0.0.1:9092) could not be established. Broker may not be available.
2026-01-09T20:08:50.040+03:00  WARN 4604 --- [order-service] [org.springframework.kafka.KafkaListenerEndpointContainer#3-0-C-1] org.apache.kafka.clients.NetworkClient   : [Consumer clientId=consumer-order-service-2, groupId=order-service] Bootstrap broker localhost:9092 (id: -1 rack: null) disconnected
2026-01-09T20:08:50.194+03:00  INFO 4604 --- [order-service] [org.springframework.kafka.KafkaListenerEndpointContainer#2-0-C-1] org.apache.kafka.clients.NetworkClient   : [Consumer clientId=consumer-order-service-1, groupId=order-service] Node -1 disconnected.
2026-01-09T20:08:50.194+03:00  WARN 4604 --- [order-service] [org.springframework.kafka.KafkaListenerEndpointContainer#2-0-C-1] org.apache.kafka.clients.NetworkClient   : [Consumer clientId=consumer-order-service-1, groupId=order-service] Connection to node -1 (localhost/127.0.0.1:9092) could not be established. Broker may not be available.
2026-01-09T20:08:50.194+03:00  WARN 4604 --- [order-service] [org.springframework.kafka.KafkaListenerEndpointContainer#2-0-C-1] org.apache.kafka.clients.NetworkClient   : [Consumer clientId=consumer-order-service-1, groupId=order-service] Bootstrap broker localhost:9092 (id: -1 rack: null) disconnected
2026-01-09T20:08:50.538+03:00  INFO 4604 --- [order-service] [org.springframework.kafka.KafkaListenerEndpointContainer#0-0-C-1] org.apache.kafka.clients.NetworkClient   : [Consumer clientId=consumer-order-service-3, groupId=order-service] Node -1 disconnected.
2026-01-09T20:08:50.538+03:00  WARN 4604 --- [order-service] [org.springframework.kafka.KafkaListenerEndpointContainer#0-0-C-1] org.apache.kafka.clients.NetworkClient   : [Consumer clientId=consumer-order-service-3, groupId=order-service] Connection to node -1 (localhost/127.0.0.1:9092) could not be established. Broker may not be available.
2026-01-09T20:08:50.538+03:00  WARN 4604 --- [order-service] [org.springframework.kafka.KafkaListenerEndpointContainer#0-0-C-1] org.apache.kafka.clients.NetworkClient   : [Consumer clientId=consumer-order-service-3, groupId=order-service] Bootstrap broker localhost:9092 (id: -1 rack: null) disconnected
2026-01-09T20:08:50.833+03:00  INFO 4604 --- [order-service] [org.springframework.kafka.KafkaListenerEndpointContainer#1-0-C-1] org.apache.kafka.clients.NetworkClient   : [Consumer clientId=consumer-order-service-4, groupId=order-service] Node -1 disconnected.
2026-01-09T20:08:50.833+03:00  WARN 4604 --- [order-service] [org.springframework.kafka.KafkaListenerEndpointContainer#1-0-C-1] org.apache.kafka.clients.NetworkClient   : [Consumer clientId=consumer-order-service-4, groupId=order-service] Connection to node -1 (localhost/127.0.0.1:9092) could not be established. Broker may not be available.
2026-01-09T20:08:50.833+03:00  WARN 4604 --- [order-service] [org.springframework.kafka.KafkaListenerEndpointContainer#1-0-C-1] org.apache.kafka.clients.NetworkClient   : [Consumer clientId=consumer-order-service-4, groupId=order-service] Bootstrap broker localhost:9092 (id: -1 rack: null) disconnected
2026-01-09T20:08:51.173+03:00  INFO 4604 --- [order-service] [org.springframework.kafka.KafkaListenerEndpointContainer#2-0-C-1] org.apache.kafka.clients.NetworkClient   : [Consumer clientId=consumer-order-service-1, groupId=order-service] Node -1 disconnected.
2026-01-09T20:08:51.174+03:00  WARN 4604 --- [order-service] [org.springframework.kafka.KafkaListenerEndpointContainer#2-0-C-1] org.apache.kafka.clients.NetworkClient   : [Consumer clientId=consumer-order-service-1, groupId=order-service] Connection to node -1 (localhost/127.0.0.1:9092) could not be established. Broker may not be available.
2026-01-09T20:08:51.174+03:00  WARN 4604 --- [order-service] [org.springframework.kafka.KafkaListenerEndpointContainer#2-0-C-1] org.apache.kafka.clients.NetworkClient   : [Consumer clientId=consumer-order-service-1, groupId=order-service] Bootstrap broker localhost:9092 (id: -1 rack: null) disconnected
2026-01-09T20:08:51.237+03:00  INFO 4604 --- [order-service] [org.springframework.kafka.KafkaListenerEndpointContainer#3-0-C-1] org.apache.kafka.clients.NetworkClient   : [Consumer clientId=consumer-order-service-2, groupId=order-service] Node -1 disconnected.
2026-01-09T20:08:51.237+03:00  WARN 4604 --- [order-service] [org.springframework.kafka.KafkaListenerEndpointContainer#3-0-C-1] org.apache.kafka.clients.NetworkClient   : [Consumer clientId=consumer-order-service-2, groupId=order-service] Connection to node -1 (localhost/127.0.0.1:9092) could not be established. Broker may not be available.
2026-01-09T20:08:51.237+03:00  WARN 4604 --- [order-service] [org.springframework.kafka.KafkaListenerEndpointContainer#3-0-C-1] org.apache.kafka.clients.NetworkClient   : [Consumer clientId=consumer-order-service-2, groupId=order-service] Bootstrap broker localhost:9092 (id: -1 rack: null) disconnected
2026-01-09T20:08:51.702+03:00  INFO 4604 --- [order-service] [org.springframework.kafka.KafkaListenerEndpointContainer#0-0-C-1] org.apache.kafka.clients.NetworkClient   : [Consumer clientId=consumer-order-service-3, groupId=order-service] Node -1 disconnected.
2026-01-09T20:08:51.703+03:00  WARN 4604 --- [order-service] [org.springframework.kafka.KafkaListenerEndpointContainer#0-0-C-1] org.apache.kafka.clients.NetworkClient   : [Consumer clientId=consumer-order-service-3, groupId=order-service] Connection to node -1 (localhost/127.0.0.1:9092) could not be established. Broker may not be available.
2026-01-09T20:08:51.703+03:00  WARN 4604 --- [order-service] [org.springframework.kafka.KafkaListenerEndpointContainer#0-0-C-1] org.apache.kafka.clients.NetworkClient   : [Consumer clientId=consumer-order-service-3, groupId=order-service] Bootstrap broker localhost:9092 (id: -1 rack: null) disconnected
2026-01-09T20:08:51.993+03:00  INFO 4604 --- [order-service] [org.springframework.kafka.KafkaListenerEndpointContainer#1-0-C-1] org.apache.kafka.clients.NetworkClient   : [Consumer clientId=consumer-order-service-4, groupId=order-service] Node -1 disconnected.
2026-01-09T20:08:51.993+03:00  WARN 4604 --- [order-service] [org.springframework.kafka.KafkaListenerEndpointContainer#1-0-C-1] org.apache.kafka.clients.NetworkClient   : [Consumer clientId=consumer-order-service-4, groupId=order-service] Connection to node -1 (localhost/127.0.0.1:9092) could not be established. Broker may not be available.
2026-01-09T20:08:51.993+03:00  WARN 4604 --- [order-service] [org.springframework.kafka.KafkaListenerEndpointContainer#1-0-C-1] org.apache.kafka.clients.NetworkClient   : [Consumer clientId=consumer-order-service-4, groupId=order-service] Bootstrap broker localhost:9092 (id: -1 rack: null) disconnected
2026-01-09T20:08:52.087+03:00  INFO 4604 --- [order-service] [org.springframework.kafka.KafkaListenerEndpointContainer#2-0-C-1] org.apache.kafka.clients.NetworkClient   : [Consumer clientId=consumer-order-service-1, groupId=order-service] Node -1 disconnected.
2026-01-09T20:08:52.087+03:00  WARN 4604 --- [order-service] [org.springframework.kafka.KafkaListenerEndpointContainer#2-0-C-1] org.apache.kafka.clients.NetworkClient   : [Consumer clientId=consumer-order-service-1, groupId=order-service] Connection to node -1 (localhost/127.0.0.1:9092) could not be established. Broker may not be available.
2026-01-09T20:08:52.087+03:00  WARN 4604 --- [order-service] [org.springframework.kafka.KafkaListenerEndpointContainer#2-0-C-1] org.apache.kafka.clients.NetworkClient   : [Consumer clientId=consumer-order-service-1, groupId=order-service] Bootstrap broker localhost:9092 (id: -1 rack: null) disconnected
2026-01-09T20:08:52.414+03:00  INFO 4604 --- [order-service] [org.springframework.kafka.KafkaListenerEndpointContainer#3-0-C-1] org.apache.kafka.clients.NetworkClient   : [Consumer clientId=consumer-order-service-2, groupId=order-service] Node -1 disconnected.
2026-01-09T20:08:52.414+03:00  WARN 4604 --- [order-service] [org.springframework.kafka.KafkaListenerEndpointContainer#3-0-C-1] org.apache.kafka.clients.NetworkClient   : [Consumer clientId=consumer-order-service-2, groupId=order-service] Connection to node -1 (localhost/127.0.0.1:9092) could not be established. Broker may not be available.
2026-01-09T20:08:52.414+03:00  WARN 4604 --- [order-service] [org.springframework.kafka.KafkaListenerEndpointContainer#3-0-C-1] org.apache.kafka.clients.NetworkClient   : [Consumer clientId=consumer-order-service-2, groupId=order-service] Bootstrap broker localhost:9092 (id: -1 rack: null) disconnected
2026-01-09T20:08:52.681+03:00  INFO 4604 --- [order-service] [org.springframework.kafka.KafkaListenerEndpointContainer#0-0-C-1] org.apache.kafka.clients.NetworkClient   : [Consumer clientId=consumer-order-service-3, groupId=order-service] Node -1 disconnected.
2026-01-09T20:08:52.681+03:00  WARN 4604 --- [order-service] [org.springframework.kafka.KafkaListenerEndpointContainer#0-0-C-1] org.apache.kafka.clients.NetworkClient   : [Consumer clientId=consumer-order-service-3, groupId=order-service] Connection to node -1 (localhost/127.0.0.1:9092) could not be established. Broker may not be available.
2026-01-09T20:08:52.682+03:00  WARN 4604 --- [order-service] [org.springframework.kafka.KafkaListenerEndpointContainer#0-0-C-1] org.apache.kafka.clients.NetworkClient   : [Consumer clientId=consumer-order-service-3, groupId=order-service] Bootstrap broker localhost:9092 (id: -1 rack: null) disconnected
2026-01-09T20:08:53.040+03:00  INFO 4604 --- [order-service] [org.springframework.kafka.KafkaListenerEndpointContainer#1-0-C-1] org.apache.kafka.clients.NetworkClient   : [Consumer clientId=consumer-order-service-4, groupId=order-service] Node -1 disconnected.
2026-01-09T20:08:53.040+03:00  WARN 4604 --- [order-service] [org.springframework.kafka.KafkaListenerEndpointContainer#1-0-C-1] org.apache.kafka.clients.NetworkClient   : [Consumer clientId=consumer-order-service-4, groupId=order-service] Connection to node -1 (localhost/127.0.0.1:9092) could not be established. Broker may not be available.
2026-01-09T20:08:53.040+03:00  WARN 4604 --- [order-service] [org.springframework.kafka.KafkaListenerEndpointContainer#1-0-C-1] org.apache.kafka.clients.NetworkClient   : [Consumer clientId=consumer-order-service-4, groupId=order-service] Bootstrap broker localhost:9092 (id: -1 rack: null) disconnected
2026-01-09T20:08:53.272+03:00  INFO 4604 --- [order-service] [org.springframework.kafka.KafkaListenerEndpointContainer#3-0-C-1] org.apache.kafka.clients.NetworkClient   : [Consumer clientId=consumer-order-service-2, groupId=order-service] Node -1 disconnected.
2026-01-09T20:08:53.272+03:00  WARN 4604 --- [order-service] [org.springframework.kafka.KafkaListenerEndpointContainer#3-0-C-1] org.apache.kafka.clients.NetworkClient   : [Consumer clientId=consumer-order-service-2, groupId=order-service] Connection to node -1 (localhost/127.0.0.1:9092) could not be established. Broker may not be available.
2026-01-09T20:08:53.272+03:00  WARN 4604 --- [order-service] [org.springframework.kafka.KafkaListenerEndpointContainer#3-0-C-1] org.apache.kafka.clients.NetworkClient   : [Consumer clientId=consumer-order-service-2, groupId=order-service] Bootstrap broker localhost:9092 (id: -1 rack: null) disconnected
2026-01-09T20:08:53.318+03:00  INFO 4604 --- [order-service] [org.springframework.kafka.KafkaListenerEndpointContainer#2-0-C-1] org.apache.kafka.clients.NetworkClient   : [Consumer clientId=consumer-order-service-1, groupId=order-service] Node -1 disconnected.
2026-01-09T20:08:53.318+03:00  WARN 4604 --- [order-service] [org.springframework.kafka.KafkaListenerEndpointContainer#2-0-C-1] org.apache.kafka.clients.NetworkClient   : [Consumer clientId=consumer-order-service-1, groupId=order-service] Connection to node -1 (localhost/127.0.0.1:9092) could not be established. Broker may not be available.
2026-01-09T20:08:53.318+03:00  WARN 4604 --- [order-service] [org.springframework.kafka.KafkaListenerEndpointContainer#2-0-C-1] org.apache.kafka.clients.NetworkClient   : [Consumer clientId=consumer-order-service-1, groupId=order-service] Bootstrap broker localhost:9092 (id: -1 rack: null) disconnected
2026-01-09T20:08:53.854+03:00  INFO 4604 --- [order-service] [org.springframework.kafka.KafkaListenerEndpointContainer#0-0-C-1] org.apache.kafka.clients.NetworkClient   : [Consumer clientId=consumer-order-service-3, groupId=order-service] Node -1 disconnected.
2026-01-09T20:08:53.854+03:00  WARN 4604 --- [order-service] [org.springframework.kafka.KafkaListenerEndpointContainer#0-0-C-1] org.apache.kafka.clients.NetworkClient   : [Consumer clientId=consumer-order-service-3, groupId=order-service] Connection to node -1 (localhost/127.0.0.1:9092) could not be established. Broker may not be available.
2026-01-09T20:08:53.854+03:00  WARN 4604 --- [order-service] [org.springframework.kafka.KafkaListenerEndpointContainer#0-0-C-1] org.apache.kafka.clients.NetworkClient   : [Consumer clientId=consumer-order-service-3, groupId=order-service] Bootstrap broker localhost:9092 (id: -1 rack: null) disconnected
2026-01-09T20:08:54.150+03:00  INFO 4604 --- [order-service] [org.springframework.kafka.KafkaListenerEndpointContainer#1-0-C-1] org.apache.kafka.clients.NetworkClient   : [Consumer clientId=consumer-order-service-4, groupId=order-service] Node -1 disconnected.
2026-01-09T20:08:54.151+03:00  WARN 4604 --- [order-service] [org.springframework.kafka.KafkaListenerEndpointContainer#1-0-C-1] org.apache.kafka.clients.NetworkClient   : [Consumer clientId=consumer-order-service-4, groupId=order-service] Connection to node -1 (localhost/127.0.0.1:9092) could not be established. Broker may not be available.
2026-01-09T20:08:54.151+03:00  WARN 4604 --- [order-service] [org.springframework.kafka.KafkaListenerEndpointContainer#1-0-C-1] org.apache.kafka.clients.NetworkClient   : [Consumer clientId=consumer-order-service-4, groupId=order-service] Bootstrap broker localhost:9092 (id: -1 rack: null) disconnected
2026-01-09T20:08:54.243+03:00  INFO 4604 --- [order-service] [org.springframework.kafka.KafkaListenerEndpointContainer#2-0-C-1] org.apache.kafka.clients.NetworkClient   : [Consumer clientId=consumer-order-service-1, groupId=order-service] Node -1 disconnected.
2026-01-09T20:08:54.243+03:00  WARN 4604 --- [order-service] [org.springframework.kafka.KafkaListenerEndpointContainer#2-0-C-1] org.apache.kafka.clients.NetworkClient   : [Consumer clientId=consumer-order-service-1, groupId=order-service] Connection to node -1 (localhost/127.0.0.1:9092) could not be established. Broker may not be available.
2026-01-09T20:08:54.243+03:00  WARN 4604 --- [order-service] [org.springframework.kafka.KafkaListenerEndpointContainer#2-0-C-1] org.apache.kafka.clients.NetworkClient   : [Consumer clientId=consumer-order-service-1, groupId=order-service] Bootstrap broker localhost:9092 (id: -1 rack: null) disconnected
2026-01-09T20:08:54.445+03:00  INFO 4604 --- [order-service] [org.springframework.kafka.KafkaListenerEndpointContainer#3-0-C-1] org.apache.kafka.clients.NetworkClient   : [Consumer clientId=consumer-order-service-2, groupId=order-service] Node -1 disconnected.
2026-01-09T20:08:54.445+03:00  WARN 4604 --- [order-service] [org.springframework.kafka.KafkaListenerEndpointContainer#3-0-C-1] org.apache.kafka.clients.NetworkClient   : [Consumer clientId=consumer-order-service-2, groupId=order-service] Connection to node -1 (localhost/127.0.0.1:9092) could not be established. Broker may not be available.
2026-01-09T20:08:54.445+03:00  WARN 4604 --- [order-service] [org.springframework.kafka.KafkaListenerEndpointContainer#3-0-C-1] org.apache.kafka.clients.NetworkClient   : [Consumer clientId=consumer-order-service-2, groupId=order-service] Bootstrap broker localhost:9092 (id: -1 rack: null) disconnected
2026-01-09T20:08:54.786+03:00  INFO 4604 --- [order-service] [org.springframework.kafka.KafkaListenerEndpointContainer#0-0-C-1] org.apache.kafka.clients.NetworkClient   : [Consumer clientId=consumer-order-service-3, groupId=order-service] Node -1 disconnected.
2026-01-09T20:08:54.786+03:00  WARN 4604 --- [order-service] [org.springframework.kafka.KafkaListenerEndpointContainer#0-0-C-1] org.apache.kafka.clients.NetworkClient   : [Consumer clientId=consumer-order-service-3, groupId=order-service] Connection to node -1 (localhost/127.0.0.1:9092) could not be established. Broker may not be available.
2026-01-09T20:08:54.786+03:00  WARN 4604 --- [order-service] [org.springframework.kafka.KafkaListenerEndpointContainer#0-0-C-1] org.apache.kafka.clients.NetworkClient   : [Consumer clientId=consumer-order-service-3, groupId=order-service] Bootstrap broker localhost:9092 (id: -1 rack: null) disconnected
2026-01-09T20:08:55.223+03:00  INFO 4604 --- [order-service] [org.springframework.kafka.KafkaListenerEndpointContainer#2-0-C-1] org.apache.kafka.clients.NetworkClient   : [Consumer clientId=consumer-order-service-1, groupId=order-service] Node -1 disconnected.
2026-01-09T20:08:55.223+03:00  WARN 4604 --- [order-service] [org.springframework.kafka.KafkaListenerEndpointContainer#2-0-C-1] org.apache.kafka.clients.NetworkClient   : [Consumer clientId=consumer-order-service-1, groupId=order-service] Connection to node -1 (localhost/127.0.0.1:9092) could not be established. Broker may not be available.
2026-01-09T20:08:55.223+03:00  WARN 4604 --- [order-service] [org.springframework.kafka.KafkaListenerEndpointContainer#2-0-C-1] org.apache.kafka.clients.NetworkClient   : [Consumer clientId=consumer-order-service-1, groupId=order-service] Bootstrap broker localhost:9092 (id: -1 rack: null) disconnected
2026-01-09T20:08:55.317+03:00  INFO 4604 --- [order-service] [org.springframework.kafka.KafkaListenerEndpointContainer#1-0-C-1] org.apache.kafka.clients.NetworkClient   : [Consumer clientId=consumer-order-service-4, groupId=order-service] Node -1 disconnected.
2026-01-09T20:08:55.317+03:00  WARN 4604 --- [order-service] [org.springframework.kafka.KafkaListenerEndpointContainer#1-0-C-1] org.apache.kafka.clients.NetworkClient   : [Consumer clientId=consumer-order-service-4, groupId=order-service] Connection to node -1 (localhost/127.0.0.1:9092) could not be established. Broker may not be available.
2026-01-09T20:08:55.317+03:00  WARN 4604 --- [order-service] [org.springframework.kafka.KafkaListenerEndpointContainer#1-0-C-1] org.apache.kafka.clients.NetworkClient   : [Consumer clientId=consumer-order-service-4, groupId=order-service] Bootstrap broker localhost:9092 (id: -1 rack: null) disconnected
2026-01-09T20:08:55.364+03:00  INFO 4604 --- [order-service] [org.springframework.kafka.KafkaListenerEndpointContainer#3-0-C-1] org.apache.kafka.clients.NetworkClient   : [Consumer clientId=consumer-order-service-2, groupId=order-service] Node -1 disconnected.
2026-01-09T20:08:55.364+03:00  WARN 4604 --- [order-service] [org.springframework.kafka.KafkaListenerEndpointContainer#3-0-C-1] org.apache.kafka.clients.NetworkClient   : [Consumer clientId=consumer-order-service-2, groupId=order-service] Connection to node -1 (localhost/127.0.0.1:9092) could not be established. Broker may not be available.
2026-01-09T20:08:55.364+03:00  WARN 4604 --- [order-service] [org.springframework.kafka.KafkaListenerEndpointContainer#3-0-C-1] org.apache.kafka.clients.NetworkClient   : [Consumer clientId=consumer-order-service-2, groupId=order-service] Bootstrap broker localhost:9092 (id: -1 rack: null) disconnected
2026-01-09T20:08:55.599+03:00  INFO 4604 --- [order-service] [org.springframework.kafka.KafkaListenerEndpointContainer#0-0-C-1] org.apache.kafka.clients.NetworkClient   : [Consumer clientId=consumer-order-service-3, groupId=order-service] Node -1 disconnected.
2026-01-09T20:08:55.599+03:00  WARN 4604 --- [order-service] [org.springframework.kafka.KafkaListenerEndpointContainer#0-0-C-1] org.apache.kafka.clients.NetworkClient   : [Consumer clientId=consumer-order-service-3, groupId=order-service] Connection to node -1 (localhost/127.0.0.1:9092) could not be established. Broker may not be available.
2026-01-09T20:08:55.599+03:00  WARN 4604 --- [order-service] [org.springframework.kafka.KafkaListenerEndpointContainer#0-0-C-1] org.apache.kafka.clients.NetworkClient   : [Consumer clientId=consumer-order-service-3, groupId=order-service] Bootstrap broker localhost:9092 (id: -1 rack: null) disconnected
2026-01-09T20:08:56.253+03:00  INFO 4604 --- [order-service] [org.springframework.kafka.KafkaListenerEndpointContainer#2-0-C-1] org.apache.kafka.clients.NetworkClient   : [Consumer clientId=consumer-order-service-1, groupId=order-service] Node -1 disconnected.
2026-01-09T20:08:56.253+03:00  WARN 4604 --- [order-service] [org.springframework.kafka.KafkaListenerEndpointContainer#2-0-C-1] org.apache.kafka.clients.NetworkClient   : [Consumer clientId=consumer-order-service-1, groupId=order-service] Connection to node -1 (localhost/127.0.0.1:9092) could not be established. Broker may not be available.
2026-01-09T20:08:56.253+03:00  WARN 4604 --- [order-service] [org.springframework.kafka.KafkaListenerEndpointContainer#2-0-C-1] org.apache.kafka.clients.NetworkClient   : [Consumer clientId=consumer-order-service-1, groupId=order-service] Bootstrap broker localhost:9092 (id: -1 rack: null) disconnected
2026-01-09T20:08:56.549+03:00  INFO 4604 --- [order-service] [org.springframework.kafka.KafkaListenerEndpointContainer#1-0-C-1] org.apache.kafka.clients.NetworkClient   : [Consumer clientId=consumer-order-service-4, groupId=order-service] Node -1 disconnected.
2026-01-09T20:08:56.549+03:00  WARN 4604 --- [order-service] [org.springframework.kafka.KafkaListenerEndpointContainer#1-0-C-1] org.apache.kafka.clients.NetworkClient   : [Consumer clientId=consumer-order-service-4, groupId=order-service] Connection to node -1 (localhost/127.0.0.1:9092) could not be established. Broker may not be available.
2026-01-09T20:08:56.549+03:00  WARN 4604 --- [order-service] [org.springframework.kafka.KafkaListenerEndpointContainer#1-0-C-1] org.apache.kafka.clients.NetworkClient   : [Consumer clientId=consumer-order-service-4, groupId=order-service] Bootstrap broker localhost:9092 (id: -1 rack: null) disconnected
2026-01-09T20:08:56.565+03:00  INFO 4604 --- [order-service] [org.springframework.kafka.KafkaListenerEndpointContainer#3-0-C-1] org.apache.kafka.clients.NetworkClient   : [Consumer clientId=consumer-order-service-2, groupId=order-service] Node -1 disconnected.
2026-01-09T20:08:56.565+03:00  WARN 4604 --- [order-service] [org.springframework.kafka.KafkaListenerEndpointContainer#3-0-C-1] org.apache.kafka.clients.NetworkClient   : [Consumer clientId=consumer-order-service-2, groupId=order-service] Connection to node -1 (localhost/127.0.0.1:9092) could not be established. Broker may not be available.
2026-01-09T20:08:56.565+03:00  WARN 4604 --- [order-service] [org.springframework.kafka.KafkaListenerEndpointContainer#3-0-C-1] org.apache.kafka.clients.NetworkClient   : [Consumer clientId=consumer-order-service-2, groupId=order-service] Bootstrap broker localhost:9092 (id: -1 rack: null) disconnected
2026-01-09T20:08:56.643+03:00  INFO 4604 --- [order-service] [org.springframework.kafka.KafkaListenerEndpointContainer#0-0-C-1] org.apache.kafka.clients.NetworkClient   : [Consumer clientId=consumer-order-service-3, groupId=order-service] Node -1 disconnected.
2026-01-09T20:08:56.643+03:00  WARN 4604 --- [order-service] [org.springframework.kafka.KafkaListenerEndpointContainer#0-0-C-1] org.apache.kafka.clients.NetworkClient   : [Consumer clientId=consumer-order-service-3, groupId=order-service] Connection to node -1 (localhost/127.0.0.1:9092) could not be established. Broker may not be available.
2026-01-09T20:08:56.643+03:00  WARN 4604 --- [order-service] [org.springframework.kafka.KafkaListenerEndpointContainer#0-0-C-1] org.apache.kafka.clients.NetworkClient   : [Consumer clientId=consumer-order-service-3, groupId=order-service] Bootstrap broker localhost:9092 (id: -1 rack: null) disconnected
2026-01-09T20:08:57.484+03:00  INFO 4604 --- [order-service] [org.springframework.kafka.KafkaListenerEndpointContainer#2-0-C-1] org.apache.kafka.clients.NetworkClient   : [Consumer clientId=consumer-order-service-1, groupId=order-service] Node -1 disconnected.
2026-01-09T20:08:57.484+03:00  WARN 4604 --- [order-service] [org.springframework.kafka.KafkaListenerEndpointContainer#2-0-C-1] org.apache.kafka.clients.NetworkClient   : [Consumer clientId=consumer-order-service-1, groupId=order-service] Connection to node -1 (localhost/127.0.0.1:9092) could not be established. Broker may not be available.
2026-01-09T20:08:57.484+03:00  WARN 4604 --- [order-service] [org.springframework.kafka.KafkaListenerEndpointContainer#2-0-C-1] org.apache.kafka.clients.NetworkClient   : [Consumer clientId=consumer-order-service-1, groupId=order-service] Bootstrap broker localhost:9092 (id: -1 rack: null) disconnected
2026-01-09T20:08:57.625+03:00  INFO 4604 --- [order-service] [org.springframework.kafka.KafkaListenerEndpointContainer#0-0-C-1] org.apache.kafka.clients.NetworkClient   : [Consumer clientId=consumer-order-service-3, groupId=order-service] Node -1 disconnected.
2026-01-09T20:08:57.625+03:00  WARN 4604 --- [order-service] [org.springframework.kafka.KafkaListenerEndpointContainer#0-0-C-1] org.apache.kafka.clients.NetworkClient   : [Consumer clientId=consumer-order-service-3, groupId=order-service] Connection to node -1 (localhost/127.0.0.1:9092) could not be established. Broker may not be available.
2026-01-09T20:08:57.625+03:00  WARN 4604 --- [order-service] [org.springframework.kafka.KafkaListenerEndpointContainer#0-0-C-1] org.apache.kafka.clients.NetworkClient   : [Consumer clientId=consumer-order-service-3, groupId=order-service] Bootstrap broker localhost:9092 (id: -1 rack: null) disconnected
2026-01-09T20:08:57.671+03:00  INFO 4604 --- [order-service] [org.springframework.kafka.KafkaListenerEndpointContainer#3-0-C-1] org.apache.kafka.clients.NetworkClient   : [Consumer clientId=consumer-order-service-2, groupId=order-service] Node -1 disconnected.
2026-01-09T20:08:57.671+03:00  WARN 4604 --- [order-service] [org.springframework.kafka.KafkaListenerEndpointContainer#3-0-C-1] org.apache.kafka.clients.NetworkClient   : [Consumer clientId=consumer-order-service-2, groupId=order-service] Connection to node -1 (localhost/127.0.0.1:9092) could not be established. Broker may not be available.
2026-01-09T20:08:57.671+03:00  WARN 4604 --- [order-service] [org.springframework.kafka.KafkaListenerEndpointContainer#3-0-C-1] org.apache.kafka.clients.NetworkClient   : [Consumer clientId=consumer-order-service-2, groupId=order-service] Bootstrap broker localhost:9092 (id: -1 rack: null) disconnected
2026-01-09T20:08:57.718+03:00  INFO 4604 --- [order-service] [org.springframework.kafka.KafkaListenerEndpointContainer#1-0-C-1] org.apache.kafka.clients.NetworkClient   : [Consumer clientId=consumer-order-service-4, groupId=order-service] Node -1 disconnected.
2026-01-09T20:08:57.719+03:00  WARN 4604 --- [order-service] [org.springframework.kafka.KafkaListenerEndpointContainer#1-0-C-1] org.apache.kafka.clients.NetworkClient   : [Consumer clientId=consumer-order-service-4, groupId=order-service] Connection to node -1 (localhost/127.0.0.1:9092) could not be established. Broker may not be available.
2026-01-09T20:08:57.719+03:00  WARN 4604 --- [order-service] [org.springframework.kafka.KafkaListenerEndpointContainer#1-0-C-1] org.apache.kafka.clients.NetworkClient   : [Consumer clientId=consumer-order-service-4, groupId=order-service] Bootstrap broker localhost:9092 (id: -1 rack: null) disconnected
2026-01-09T20:08:58.527+03:00  INFO 4604 --- [order-service] [org.springframework.kafka.KafkaListenerEndpointContainer#3-0-C-1] org.apache.kafka.clients.NetworkClient   : [Consumer clientId=consumer-order-service-2, groupId=order-service] Node -1 disconnected.
2026-01-09T20:08:58.527+03:00  WARN 4604 --- [order-service] [org.springframework.kafka.KafkaListenerEndpointContainer#3-0-C-1] org.apache.kafka.clients.NetworkClient   : [Consumer clientId=consumer-order-service-2, groupId=order-service] Connection to node -1 (localhost/127.0.0.1:9092) could not be established. Broker may not be available.
2026-01-09T20:08:58.527+03:00  WARN 4604 --- [order-service] [org.springframework.kafka.KafkaListenerEndpointContainer#3-0-C-1] org.apache.kafka.clients.NetworkClient   : [Consumer clientId=consumer-order-service-2, groupId=order-service] Bootstrap broker localhost:9092 (id: -1 rack: null) disconnected
2026-01-09T20:08:58.652+03:00  INFO 4604 --- [order-service] [org.springframework.kafka.KafkaListenerEndpointContainer#2-0-C-1] org.apache.kafka.clients.NetworkClient   : [Consumer clientId=consumer-order-service-1, groupId=order-service] Node -1 disconnected.
2026-01-09T20:08:58.652+03:00  WARN 4604 --- [order-service] [org.springframework.kafka.KafkaListenerEndpointContainer#2-0-C-1] org.apache.kafka.clients.NetworkClient   : [Consumer clientId=consumer-order-service-1, groupId=order-service] Connection to node -1 (localhost/127.0.0.1:9092) could not be established. Broker may not be available.
2026-01-09T20:08:58.652+03:00  WARN 4604 --- [order-service] [org.springframework.kafka.KafkaListenerEndpointContainer#2-0-C-1] org.apache.kafka.clients.NetworkClient   : [Consumer clientId=consumer-order-service-1, groupId=order-service] Bootstrap broker localhost:9092 (id: -1 rack: null) disconnected
2026-01-09T20:08:58.683+03:00  INFO 4604 --- [order-service] [org.springframework.kafka.KafkaListenerEndpointContainer#0-0-C-1] org.apache.kafka.clients.NetworkClient   : [Consumer clientId=consumer-order-service-3, groupId=order-service] Node -1 disconnected.
2026-01-09T20:08:58.683+03:00  WARN 4604 --- [order-service] [org.springframework.kafka.KafkaListenerEndpointContainer#0-0-C-1] org.apache.kafka.clients.NetworkClient   : [Consumer clientId=consumer-order-service-3, groupId=order-service] Connection to node -1 (localhost/127.0.0.1:9092) could not be established. Broker may not be available.
2026-01-09T20:08:58.683+03:00  WARN 4604 --- [order-service] [org.springframework.kafka.KafkaListenerEndpointContainer#0-0-C-1] org.apache.kafka.clients.NetworkClient   : [Consumer clientId=consumer-order-service-3, groupId=order-service] Bootstrap broker localhost:9092 (id: -1 rack: null) disconnected
2026-01-09T20:08:58.763+03:00  INFO 4604 --- [order-service] [org.springframework.kafka.KafkaListenerEndpointContainer#1-0-C-1] org.apache.kafka.clients.NetworkClient   : [Consumer clientId=consumer-order-service-4, groupId=order-service] Node -1 disconnected.
2026-01-09T20:08:58.764+03:00  WARN 4604 --- [order-service] [org.springframework.kafka.KafkaListenerEndpointContainer#1-0-C-1] org.apache.kafka.clients.NetworkClient   : [Consumer clientId=consumer-order-service-4, groupId=order-service] Connection to node -1 (localhost/127.0.0.1:9092) could not be established. Broker may not be available.
2026-01-09T20:08:58.764+03:00  WARN 4604 --- [order-service] [org.springframework.kafka.KafkaListenerEndpointContainer#1-0-C-1] org.apache.kafka.clients.NetworkClient   : [Consumer clientId=consumer-order-service-4, groupId=order-service] Bootstrap broker localhost:9092 (id: -1 rack: null) disconnected
2026-01-09T20:08:59.384+03:00  INFO 4604 --- [order-service] [org.springframework.kafka.KafkaListenerEndpointContainer#3-0-C-1] org.apache.kafka.clients.NetworkClient   : [Consumer clientId=consumer-order-service-2, groupId=order-service] Node -1 disconnected.
2026-01-09T20:08:59.384+03:00  WARN 4604 --- [order-service] [org.springframework.kafka.KafkaListenerEndpointContainer#3-0-C-1] org.apache.kafka.clients.NetworkClient   : [Consumer clientId=consumer-order-service-2, groupId=order-service] Connection to node -1 (localhost/127.0.0.1:9092) could not be established. Broker may not be available.
2026-01-09T20:08:59.384+03:00  WARN 4604 --- [order-service] [org.springframework.kafka.KafkaListenerEndpointContainer#3-0-C-1] org.apache.kafka.clients.NetworkClient   : [Consumer clientId=consumer-order-service-2, groupId=order-service] Bootstrap broker localhost:9092 (id: -1 rack: null) disconnected
2026-01-09T20:08:59.619+03:00  INFO 4604 --- [order-service] [org.springframework.kafka.KafkaListenerEndpointContainer#1-0-C-1] org.apache.kafka.clients.NetworkClient   : [Consumer clientId=consumer-order-service-4, groupId=order-service] Node -1 disconnected.
2026-01-09T20:08:59.619+03:00  WARN 4604 --- [order-service] [org.springframework.kafka.KafkaListenerEndpointContainer#1-0-C-1] org.apache.kafka.clients.NetworkClient   : [Consumer clientId=consumer-order-service-4, groupId=order-service] Connection to node -1 (localhost/127.0.0.1:9092) could not be established. Broker may not be available.
2026-01-09T20:08:59.619+03:00  WARN 4604 --- [order-service] [org.springframework.kafka.KafkaListenerEndpointContainer#1-0-C-1] org.apache.kafka.clients.NetworkClient   : [Consumer clientId=consumer-order-service-4, groupId=order-service] Bootstrap broker localhost:9092 (id: -1 rack: null) disconnected
2026-01-09T20:08:59.698+03:00  INFO 4604 --- [order-service] [org.springframework.kafka.KafkaListenerEndpointContainer#2-0-C-1] org.apache.kafka.clients.NetworkClient   : [Consumer clientId=consumer-order-service-1, groupId=order-service] Node -1 disconnected.
2026-01-09T20:08:59.698+03:00  WARN 4604 --- [order-service] [org.springframework.kafka.KafkaListenerEndpointContainer#2-0-C-1] org.apache.kafka.clients.NetworkClient   : [Consumer clientId=consumer-order-service-1, groupId=order-service] Connection to node -1 (localhost/127.0.0.1:9092) could not be established. Broker may not be available.
2026-01-09T20:08:59.698+03:00  WARN 4604 --- [order-service] [org.springframework.kafka.KafkaListenerEndpointContainer#2-0-C-1] org.apache.kafka.clients.NetworkClient   : [Consumer clientId=consumer-order-service-1, groupId=order-service] Bootstrap broker localhost:9092 (id: -1 rack: null) disconnected
2026-01-09T20:08:59.852+03:00  INFO 4604 --- [order-service] [org.springframework.kafka.KafkaListenerEndpointContainer#0-0-C-1] org.apache.kafka.clients.NetworkClient   : [Consumer clientId=consumer-order-service-3, groupId=order-service] Node -1 disconnected.
2026-01-09T20:08:59.852+03:00  WARN 4604 --- [order-service] [org.springframework.kafka.KafkaListenerEndpointContainer#0-0-C-1] org.apache.kafka.clients.NetworkClient   : [Consumer clientId=consumer-order-service-3, groupId=order-service] Connection to node -1 (localhost/127.0.0.1:9092) could not be established. Broker may not be available.
2026-01-09T20:08:59.852+03:00  WARN 4604 --- [order-service] [org.springframework.kafka.KafkaListenerEndpointContainer#0-0-C-1] org.apache.kafka.clients.NetworkClient   : [Consumer clientId=consumer-order-service-3, groupId=order-service] Bootstrap broker localhost:9092 (id: -1 rack: null) disconnected
2026-01-09T20:09:00.256+03:00  INFO 4604 --- [order-service] [org.springframework.kafka.KafkaListenerEndpointContainer#3-0-C-1] org.apache.kafka.clients.NetworkClient   : [Consumer clientId=consumer-order-service-2, groupId=order-service] Node -1 disconnected.
2026-01-09T20:09:00.257+03:00  WARN 4604 --- [order-service] [org.springframework.kafka.KafkaListenerEndpointContainer#3-0-C-1] org.apache.kafka.clients.NetworkClient   : [Consumer clientId=consumer-order-service-2, groupId=order-service] Connection to node -1 (localhost/127.0.0.1:9092) could not be established. Broker may not be available.
2026-01-09T20:09:00.257+03:00  WARN 4604 --- [order-service] [org.springframework.kafka.KafkaListenerEndpointContainer#3-0-C-1] org.apache.kafka.clients.NetworkClient   : [Consumer clientId=consumer-order-service-2, groupId=order-service] Bootstrap broker localhost:9092 (id: -1 rack: null) disconnected
2026-01-09T20:09:00.552+03:00  INFO 4604 --- [order-service] [org.springframework.kafka.KafkaListenerEndpointContainer#1-0-C-1] org.apache.kafka.clients.NetworkClient   : [Consumer clientId=consumer-order-service-4, groupId=order-service] Node -1 disconnected.
2026-01-09T20:09:00.553+03:00  WARN 4604 --- [order-service] [org.springframework.kafka.KafkaListenerEndpointContainer#1-0-C-1] org.apache.kafka.clients.NetworkClient   : [Consumer clientId=consumer-order-service-4, groupId=order-service] Connection to node -1 (localhost/127.0.0.1:9092) could not be established. Broker may not be available.
2026-01-09T20:09:00.553+03:00  WARN 4604 --- [order-service] [org.springframework.kafka.KafkaListenerEndpointContainer#1-0-C-1] org.apache.kafka.clients.NetworkClient   : [Consumer clientId=consumer-order-service-4, groupId=order-service] Bootstrap broker localhost:9092 (id: -1 rack: null) disconnected
2026-01-09T20:09:00.774+03:00  INFO 4604 --- [order-service] [org.springframework.kafka.KafkaListenerEndpointContainer#2-0-C-1] org.apache.kafka.clients.NetworkClient   : [Consumer clientId=consumer-order-service-1, groupId=order-service] Node -1 disconnected.
2026-01-09T20:09:00.774+03:00  WARN 4604 --- [order-service] [org.springframework.kafka.KafkaListenerEndpointContainer#2-0-C-1] org.apache.kafka.clients.NetworkClient   : [Consumer clientId=consumer-order-service-1, groupId=order-service] Connection to node -1 (localhost/127.0.0.1:9092) could not be established. Broker may not be available.
2026-01-09T20:09:00.774+03:00  WARN 4604 --- [order-service] [org.springframework.kafka.KafkaListenerEndpointContainer#2-0-C-1] org.apache.kafka.clients.NetworkClient   : [Consumer clientId=consumer-order-service-1, groupId=order-service] Bootstrap broker localhost:9092 (id: -1 rack: null) disconnected
2026-01-09T20:09:00.991+03:00  INFO 4604 --- [order-service] [org.springframework.kafka.KafkaListenerEndpointContainer#0-0-C-1] org.apache.kafka.clients.NetworkClient   : [Consumer clientId=consumer-order-service-3, groupId=order-service] Node -1 disconnected.
2026-01-09T20:09:00.991+03:00  WARN 4604 --- [order-service] [org.springframework.kafka.KafkaListenerEndpointContainer#0-0-C-1] org.apache.kafka.clients.NetworkClient   : [Consumer clientId=consumer-order-service-3, groupId=order-service] Connection to node -1 (localhost/127.0.0.1:9092) could not be established. Broker may not be available.
2026-01-09T20:09:00.991+03:00  WARN 4604 --- [order-service] [org.springframework.kafka.KafkaListenerEndpointContainer#0-0-C-1] org.apache.kafka.clients.NetworkClient   : [Consumer clientId=consumer-order-service-3, groupId=order-service] Bootstrap broker localhost:9092 (id: -1 rack: null) disconnected
2026-01-09T20:09:01.328+03:00  INFO 4604 --- [order-service] [org.springframework.kafka.KafkaListenerEndpointContainer#3-0-C-1] org.apache.kafka.clients.NetworkClient   : [Consumer clientId=consumer-order-service-2, groupId=order-service] Node -1 disconnected.
2026-01-09T20:09:01.328+03:00  WARN 4604 --- [order-service] [org.springframework.kafka.KafkaListenerEndpointContainer#3-0-C-1] org.apache.kafka.clients.NetworkClient   : [Consumer clientId=consumer-order-service-2, groupId=order-service] Connection to node -1 (localhost/127.0.0.1:9092) could not be established. Broker may not be available.
2026-01-09T20:09:01.328+03:00  WARN 4604 --- [order-service] [org.springframework.kafka.KafkaListenerEndpointContainer#3-0-C-1] org.apache.kafka.clients.NetworkClient   : [Consumer clientId=consumer-order-service-2, groupId=order-service] Bootstrap broker localhost:9092 (id: -1 rack: null) disconnected
2026-01-09T20:09:01.528+03:00  INFO 4604 --- [order-service] [org.springframework.kafka.KafkaListenerEndpointContainer#1-0-C-1] org.apache.kafka.clients.NetworkClient   : [Consumer clientId=consumer-order-service-4, groupId=order-service] Node -1 disconnected.
2026-01-09T20:09:01.528+03:00  WARN 4604 --- [order-service] [org.springframework.kafka.KafkaListenerEndpointContainer#1-0-C-1] org.apache.kafka.clients.NetworkClient   : [Consumer clientId=consumer-order-service-4, groupId=order-service] Connection to node -1 (localhost/127.0.0.1:9092) could not be established. Broker may not be available.
2026-01-09T20:09:01.529+03:00  WARN 4604 --- [order-service] [org.springframework.kafka.KafkaListenerEndpointContainer#1-0-C-1] org.apache.kafka.clients.NetworkClient   : [Consumer clientId=consumer-order-service-4, groupId=order-service] Bootstrap broker localhost:9092 (id: -1 rack: null) disconnected
2026-01-09T20:09:01.809+03:00  INFO 4604 --- [order-service] [org.springframework.kafka.KafkaListenerEndpointContainer#2-0-C-1] org.apache.kafka.clients.NetworkClient   : [Consumer clientId=consumer-order-service-1, groupId=order-service] Node -1 disconnected.
2026-01-09T20:09:01.809+03:00  WARN 4604 --- [order-service] [org.springframework.kafka.KafkaListenerEndpointContainer#2-0-C-1] org.apache.kafka.clients.NetworkClient   : [Consumer clientId=consumer-order-service-1, groupId=order-service] Connection to node -1 (localhost/127.0.0.1:9092) could not be established. Broker may not be available.
2026-01-09T20:09:01.809+03:00  WARN 4604 --- [order-service] [org.springframework.kafka.KafkaListenerEndpointContainer#2-0-C-1] org.apache.kafka.clients.NetworkClient   : [Consumer clientId=consumer-order-service-1, groupId=order-service] Bootstrap broker localhost:9092 (id: -1 rack: null) disconnected
2026-01-09T20:09:02.026+03:00  INFO 4604 --- [order-service] [org.springframework.kafka.KafkaListenerEndpointContainer#0-0-C-1] org.apache.kafka.clients.NetworkClient   : [Consumer clientId=consumer-order-service-3, groupId=order-service] Node -1 disconnected.
2026-01-09T20:09:02.026+03:00  WARN 4604 --- [order-service] [org.springframework.kafka.KafkaListenerEndpointContainer#0-0-C-1] org.apache.kafka.clients.NetworkClient   : [Consumer clientId=consumer-order-service-3, groupId=order-service] Connection to node -1 (localhost/127.0.0.1:9092) could not be established. Broker may not be available.
2026-01-09T20:09:02.026+03:00  WARN 4604 --- [order-service] [org.springframework.kafka.KafkaListenerEndpointContainer#0-0-C-1] org.apache.kafka.clients.NetworkClient   : [Consumer clientId=consumer-order-service-3, groupId=order-service] Bootstrap broker localhost:9092 (id: -1 rack: null) disconnected
2026-01-09T20:09:02.245+03:00  INFO 4604 --- [order-service] [org.springframework.kafka.KafkaListenerEndpointContainer#3-0-C-1] org.apache.kafka.clients.NetworkClient   : [Consumer clientId=consumer-order-service-2, groupId=order-service] Node -1 disconnected.
2026-01-09T20:09:02.245+03:00  WARN 4604 --- [order-service] [org.springframework.kafka.KafkaListenerEndpointContainer#3-0-C-1] org.apache.kafka.clients.NetworkClient   : [Consumer clientId=consumer-order-service-2, groupId=order-service] Connection to node -1 (localhost/127.0.0.1:9092) could not be established. Broker may not be available.
2026-01-09T20:09:02.245+03:00  WARN 4604 --- [order-service] [org.springframework.kafka.KafkaListenerEndpointContainer#3-0-C-1] org.apache.kafka.clients.NetworkClient   : [Consumer clientId=consumer-order-service-2, groupId=order-service] Bootstrap broker localhost:9092 (id: -1 rack: null) disconnected
2026-01-09T20:09:02.668+03:00  INFO 4604 --- [order-service] [org.springframework.kafka.KafkaListenerEndpointContainer#2-0-C-1] org.apache.kafka.clients.NetworkClient   : [Consumer clientId=consumer-order-service-1, groupId=order-service] Node -1 disconnected.
2026-01-09T20:09:02.668+03:00  WARN 4604 --- [order-service] [org.springframework.kafka.KafkaListenerEndpointContainer#2-0-C-1] org.apache.kafka.clients.NetworkClient   : [Consumer clientId=consumer-order-service-1, groupId=order-service] Connection to node -1 (localhost/127.0.0.1:9092) could not be established. Broker may not be available.
2026-01-09T20:09:02.668+03:00  WARN 4604 --- [order-service] [org.springframework.kafka.KafkaListenerEndpointContainer#2-0-C-1] org.apache.kafka.clients.NetworkClient   : [Consumer clientId=consumer-order-service-1, groupId=order-service] Bootstrap broker localhost:9092 (id: -1 rack: null) disconnected
2026-01-09T20:09:02.699+03:00  INFO 4604 --- [order-service] [org.springframework.kafka.KafkaListenerEndpointContainer#1-0-C-1] org.apache.kafka.clients.NetworkClient   : [Consumer clientId=consumer-order-service-4, groupId=order-service] Node -1 disconnected.
2026-01-09T20:09:02.699+03:00  WARN 4604 --- [order-service] [org.springframework.kafka.KafkaListenerEndpointContainer#1-0-C-1] org.apache.kafka.clients.NetworkClient   : [Consumer clientId=consumer-order-service-4, groupId=order-service] Connection to node -1 (localhost/127.0.0.1:9092) could not be established. Broker may not be available.
2026-01-09T20:09:02.699+03:00  WARN 4604 --- [order-service] [org.springframework.kafka.KafkaListenerEndpointContainer#1-0-C-1] org.apache.kafka.clients.NetworkClient   : [Consumer clientId=consumer-order-service-4, groupId=order-service] Bootstrap broker localhost:9092 (id: -1 rack: null) disconnected
2026-01-09T20:09:03.134+03:00  INFO 4604 --- [order-service] [org.springframework.kafka.KafkaListenerEndpointContainer#0-0-C-1] org.apache.kafka.clients.NetworkClient   : [Consumer clientId=consumer-order-service-3, groupId=order-service] Node -1 disconnected.
2026-01-09T20:09:03.134+03:00  WARN 4604 --- [order-service] [org.springframework.kafka.KafkaListenerEndpointContainer#0-0-C-1] org.apache.kafka.clients.NetworkClient   : [Consumer clientId=consumer-order-service-3, groupId=order-service] Connection to node -1 (localhost/127.0.0.1:9092) could not be established. Broker may not be available.
2026-01-09T20:09:03.134+03:00  WARN 4604 --- [order-service] [org.springframework.kafka.KafkaListenerEndpointContainer#0-0-C-1] org.apache.kafka.clients.NetworkClient   : [Consumer clientId=consumer-order-service-3, groupId=order-service] Bootstrap broker localhost:9092 (id: -1 rack: null) disconnected
2026-01-09T20:09:03.492+03:00  INFO 4604 --- [order-service] [org.springframework.kafka.KafkaListenerEndpointContainer#3-0-C-1] org.apache.kafka.clients.NetworkClient   : [Consumer clientId=consumer-order-service-2, groupId=order-service] Node -1 disconnected.
2026-01-09T20:09:03.492+03:00  WARN 4604 --- [order-service] [org.springframework.kafka.KafkaListenerEndpointContainer#3-0-C-1] org.apache.kafka.clients.NetworkClient   : [Consumer clientId=consumer-order-service-2, groupId=order-service] Connection to node -1 (localhost/127.0.0.1:9092) could not be established. Broker may not be available.
2026-01-09T20:09:03.493+03:00  WARN 4604 --- [order-service] [org.springframework.kafka.KafkaListenerEndpointContainer#3-0-C-1] org.apache.kafka.clients.NetworkClient   : [Consumer clientId=consumer-order-service-2, groupId=order-service] Bootstrap broker localhost:9092 (id: -1 rack: null) disconnected
2026-01-09T20:09:03.836+03:00  INFO 4604 --- [order-service] [org.springframework.kafka.KafkaListenerEndpointContainer#2-0-C-1] org.apache.kafka.clients.NetworkClient   : [Consumer clientId=consumer-order-service-1, groupId=order-service] Node -1 disconnected.
2026-01-09T20:09:03.837+03:00  WARN 4604 --- [order-service] [org.springframework.kafka.KafkaListenerEndpointContainer#2-0-C-1] org.apache.kafka.clients.NetworkClient   : [Consumer clientId=consumer-order-service-1, groupId=order-service] Connection to node -1 (localhost/127.0.0.1:9092) could not be established. Broker may not be available.
2026-01-09T20:09:03.837+03:00  WARN 4604 --- [order-service] [org.springframework.kafka.KafkaListenerEndpointContainer#2-0-C-1] org.apache.kafka.clients.NetworkClient   : [Consumer clientId=consumer-order-service-1, groupId=order-service] Bootstrap broker localhost:9092 (id: -1 rack: null) disconnected
2026-01-09T20:09:03.865+03:00  INFO 4604 --- [order-service] [org.springframework.kafka.KafkaListenerEndpointContainer#1-0-C-1] org.apache.kafka.clients.NetworkClient   : [Consumer clientId=consumer-order-service-4, groupId=order-service] Node -1 disconnected.
2026-01-09T20:09:03.865+03:00  WARN 4604 --- [order-service] [org.springframework.kafka.KafkaListenerEndpointContainer#1-0-C-1] org.apache.kafka.clients.NetworkClient   : [Consumer clientId=consumer-order-service-4, groupId=order-service] Connection to node -1 (localhost/127.0.0.1:9092) could not be established. Broker may not be available.
2026-01-09T20:09:03.865+03:00  WARN 4604 --- [order-service] [org.springframework.kafka.KafkaListenerEndpointContainer#1-0-C-1] org.apache.kafka.clients.NetworkClient   : [Consumer clientId=consumer-order-service-4, groupId=order-service] Bootstrap broker localhost:9092 (id: -1 rack: null) disconnected
2026-01-09T20:09:04.361+03:00  INFO 4604 --- [order-service] [org.springframework.kafka.KafkaListenerEndpointContainer#0-0-C-1] org.apache.kafka.clients.NetworkClient   : [Consumer clientId=consumer-order-service-3, groupId=order-service] Node -1 disconnected.
2026-01-09T20:09:04.362+03:00  WARN 4604 --- [order-service] [org.springframework.kafka.KafkaListenerEndpointContainer#0-0-C-1] org.apache.kafka.clients.NetworkClient   : [Consumer clientId=consumer-order-service-3, groupId=order-service] Connection to node -1 (localhost/127.0.0.1:9092) could not be established. Broker may not be available.
2026-01-09T20:09:04.362+03:00  WARN 4604 --- [order-service] [org.springframework.kafka.KafkaListenerEndpointContainer#0-0-C-1] org.apache.kafka.clients.NetworkClient   : [Consumer clientId=consumer-order-service-3, groupId=order-service] Bootstrap broker localhost:9092 (id: -1 rack: null) disconnected
2026-01-09T20:09:04.595+03:00  INFO 4604 --- [order-service] [org.springframework.kafka.KafkaListenerEndpointContainer#3-0-C-1] org.apache.kafka.clients.NetworkClient   : [Consumer clientId=consumer-order-service-2, groupId=order-service] Node -1 disconnected.
2026-01-09T20:09:04.595+03:00  WARN 4604 --- [order-service] [org.springframework.kafka.KafkaListenerEndpointContainer#3-0-C-1] org.apache.kafka.clients.NetworkClient   : [Consumer clientId=consumer-order-service-2, groupId=order-service] Connection to node -1 (localhost/127.0.0.1:9092) could not be established. Broker may not be available.
2026-01-09T20:09:04.595+03:00  WARN 4604 --- [order-service] [org.springframework.kafka.KafkaListenerEndpointContainer#3-0-C-1] org.apache.kafka.clients.NetworkClient   : [Consumer clientId=consumer-order-service-2, groupId=order-service] Bootstrap broker localhost:9092 (id: -1 rack: null) disconnected
2026-01-09T20:09:05.014+03:00  INFO 4604 --- [order-service] [org.springframework.kafka.KafkaListenerEndpointContainer#2-0-C-1] org.apache.kafka.clients.NetworkClient   : [Consumer clientId=consumer-order-service-1, groupId=order-service] Node -1 disconnected.
2026-01-09T20:09:05.014+03:00  WARN 4604 --- [order-service] [org.springframework.kafka.KafkaListenerEndpointContainer#2-0-C-1] org.apache.kafka.clients.NetworkClient   : [Consumer clientId=consumer-order-service-1, groupId=order-service] Connection to node -1 (localhost/127.0.0.1:9092) could not be established. Broker may not be available.
2026-01-09T20:09:05.014+03:00  WARN 4604 --- [order-service] [org.springframework.kafka.KafkaListenerEndpointContainer#2-0-C-1] org.apache.kafka.clients.NetworkClient   : [Consumer clientId=consumer-order-service-1, groupId=order-service] Bootstrap broker localhost:9092 (id: -1 rack: null) disconnected
2026-01-09T20:09:05.029+03:00  INFO 4604 --- [order-service] [org.springframework.kafka.KafkaListenerEndpointContainer#1-0-C-1] org.apache.kafka.clients.NetworkClient   : [Consumer clientId=consumer-order-service-4, groupId=order-service] Node -1 disconnected.
2026-01-09T20:09:05.029+03:00  WARN 4604 --- [order-service] [org.springframework.kafka.KafkaListenerEndpointContainer#1-0-C-1] org.apache.kafka.clients.NetworkClient   : [Consumer clientId=consumer-order-service-4, groupId=order-service] Connection to node -1 (localhost/127.0.0.1:9092) could not be established. Broker may not be available.
2026-01-09T20:09:05.029+03:00  WARN 4604 --- [order-service] [org.springframework.kafka.KafkaListenerEndpointContainer#1-0-C-1] org.apache.kafka.clients.NetworkClient   : [Consumer clientId=consumer-order-service-4, groupId=order-service] Bootstrap broker localhost:9092 (id: -1 rack: null) disconnected
2026-01-09T20:09:05.450+03:00  INFO 4604 --- [order-service] [org.springframework.kafka.KafkaListenerEndpointContainer#3-0-C-1] org.apache.kafka.clients.NetworkClient   : [Consumer clientId=consumer-order-service-2, groupId=order-service] Node -1 disconnected.
2026-01-09T20:09:05.450+03:00  WARN 4604 --- [order-service] [org.springframework.kafka.KafkaListenerEndpointContainer#3-0-C-1] org.apache.kafka.clients.NetworkClient   : [Consumer clientId=consumer-order-service-2, groupId=order-service] Connection to node -1 (localhost/127.0.0.1:9092) could not be established. Broker may not be available.
2026-01-09T20:09:05.450+03:00  WARN 4604 --- [order-service] [org.springframework.kafka.KafkaListenerEndpointContainer#3-0-C-1] org.apache.kafka.clients.NetworkClient   : [Consumer clientId=consumer-order-service-2, groupId=order-service] Bootstrap broker localhost:9092 (id: -1 rack: null) disconnected
2026-01-09T20:09:05.527+03:00  INFO 4604 --- [order-service] [org.springframework.kafka.KafkaListenerEndpointContainer#0-0-C-1] org.apache.kafka.clients.NetworkClient   : [Consumer clientId=consumer-order-service-3, groupId=order-service] Node -1 disconnected.
2026-01-09T20:09:05.527+03:00  WARN 4604 --- [order-service] [org.springframework.kafka.KafkaListenerEndpointContainer#0-0-C-1] org.apache.kafka.clients.NetworkClient   : [Consumer clientId=consumer-order-service-3, groupId=order-service] Connection to node -1 (localhost/127.0.0.1:9092) could not be established. Broker may not be available.
2026-01-09T20:09:05.527+03:00  WARN 4604 --- [order-service] [org.springframework.kafka.KafkaListenerEndpointContainer#0-0-C-1] org.apache.kafka.clients.NetworkClient   : [Consumer clientId=consumer-order-service-3, groupId=order-service] Bootstrap broker localhost:9092 (id: -1 rack: null) disconnected
2026-01-09T20:09:05.839+03:00  INFO 4604 --- [order-service] [org.springframework.kafka.KafkaListenerEndpointContainer#2-0-C-1] org.apache.kafka.clients.NetworkClient   : [Consumer clientId=consumer-order-service-1, groupId=order-service] Node -1 disconnected.
2026-01-09T20:09:05.839+03:00  WARN 4604 --- [order-service] [org.springframework.kafka.KafkaListenerEndpointContainer#2-0-C-1] org.apache.kafka.clients.NetworkClient   : [Consumer clientId=consumer-order-service-1, groupId=order-service] Connection to node -1 (localhost/127.0.0.1:9092) could not be established. Broker may not be available.
2026-01-09T20:09:05.839+03:00  WARN 4604 --- [order-service] [org.springframework.kafka.KafkaListenerEndpointContainer#2-0-C-1] org.apache.kafka.clients.NetworkClient   : [Consumer clientId=consumer-order-service-1, groupId=order-service] Bootstrap broker localhost:9092 (id: -1 rack: null) disconnected
2026-01-09T20:09:05.980+03:00  INFO 4604 --- [order-service] [org.springframework.kafka.KafkaListenerEndpointContainer#1-0-C-1] org.apache.kafka.clients.NetworkClient   : [Consumer clientId=consumer-order-service-4, groupId=order-service] Node -1 disconnected.
2026-01-09T20:09:05.980+03:00  WARN 4604 --- [order-service] [org.springframework.kafka.KafkaListenerEndpointContainer#1-0-C-1] org.apache.kafka.clients.NetworkClient   : [Consumer clientId=consumer-order-service-4, groupId=order-service] Connection to node -1 (localhost/127.0.0.1:9092) could not be established. Broker may not be available.
2026-01-09T20:09:05.980+03:00  WARN 4604 --- [order-service] [org.springframework.kafka.KafkaListenerEndpointContainer#1-0-C-1] org.apache.kafka.clients.NetworkClient   : [Consumer clientId=consumer-order-service-4, groupId=order-service] Bootstrap broker localhost:9092 (id: -1 rack: null) disconnected
2026-01-09T20:09:06.333+03:00  INFO 4604 --- [order-service] [org.springframework.kafka.KafkaListenerEndpointContainer#3-0-C-1] org.apache.kafka.clients.NetworkClient   : [Consumer clientId=consumer-order-service-2, groupId=order-service] Node -1 disconnected.
2026-01-09T20:09:06.333+03:00  WARN 4604 --- [order-service] [org.springframework.kafka.KafkaListenerEndpointContainer#3-0-C-1] org.apache.kafka.clients.NetworkClient   : [Consumer clientId=consumer-order-service-2, groupId=order-service] Connection to node -1 (localhost/127.0.0.1:9092) could not be established. Broker may not be available.
2026-01-09T20:09:06.333+03:00  WARN 4604 --- [order-service] [org.springframework.kafka.KafkaListenerEndpointContainer#3-0-C-1] org.apache.kafka.clients.NetworkClient   : [Consumer clientId=consumer-order-service-2, groupId=order-service] Bootstrap broker localhost:9092 (id: -1 rack: null) disconnected
2026-01-09T20:09:06.441+03:00  INFO 4604 --- [order-service] [org.springframework.kafka.KafkaListenerEndpointContainer#0-0-C-1] org.apache.kafka.clients.NetworkClient   : [Consumer clientId=consumer-order-service-3, groupId=order-service] Node -1 disconnected.
2026-01-09T20:09:06.441+03:00  WARN 4604 --- [order-service] [org.springframework.kafka.KafkaListenerEndpointContainer#0-0-C-1] org.apache.kafka.clients.NetworkClient   : [Consumer clientId=consumer-order-service-3, groupId=order-service] Connection to node -1 (localhost/127.0.0.1:9092) could not be established. Broker may not be available.
2026-01-09T20:09:06.441+03:00  WARN 4604 --- [order-service] [org.springframework.kafka.KafkaListenerEndpointContainer#0-0-C-1] org.apache.kafka.clients.NetworkClient   : [Consumer clientId=consumer-order-service-3, groupId=order-service] Bootstrap broker localhost:9092 (id: -1 rack: null) disconnected
2026-01-09T20:09:06.814+03:00  INFO 4604 --- [order-service] [org.springframework.kafka.KafkaListenerEndpointContainer#2-0-C-1] org.apache.kafka.clients.NetworkClient   : [Consumer clientId=consumer-order-service-1, groupId=order-service] Node -1 disconnected.
2026-01-09T20:09:06.815+03:00  WARN 4604 --- [order-service] [org.springframework.kafka.KafkaListenerEndpointContainer#2-0-C-1] org.apache.kafka.clients.NetworkClient   : [Consumer clientId=consumer-order-service-1, groupId=order-service] Connection to node -1 (localhost/127.0.0.1:9092) could not be established. Broker may not be available.
2026-01-09T20:09:06.815+03:00  WARN 4604 --- [order-service] [org.springframework.kafka.KafkaListenerEndpointContainer#2-0-C-1] org.apache.kafka.clients.NetworkClient   : [Consumer clientId=consumer-order-service-1, groupId=order-service] Bootstrap broker localhost:9092 (id: -1 rack: null) disconnected
2026-01-09T20:09:06.955+03:00  INFO 4604 --- [order-service] [org.springframework.kafka.KafkaListenerEndpointContainer#1-0-C-1] org.apache.kafka.clients.NetworkClient   : [Consumer clientId=consumer-order-service-4, groupId=order-service] Node -1 disconnected.
2026-01-09T20:09:06.955+03:00  WARN 4604 --- [order-service] [org.springframework.kafka.KafkaListenerEndpointContainer#1-0-C-1] org.apache.kafka.clients.NetworkClient   : [Consumer clientId=consumer-order-service-4, groupId=order-service] Connection to node -1 (localhost/127.0.0.1:9092) could not be established. Broker may not be available.
2026-01-09T20:09:06.955+03:00  WARN 4604 --- [order-service] [org.springframework.kafka.KafkaListenerEndpointContainer#1-0-C-1] org.apache.kafka.clients.NetworkClient   : [Consumer clientId=consumer-order-service-4, groupId=order-service] Bootstrap broker localhost:9092 (id: -1 rack: null) disconnected
2026-01-09T20:09:07.359+03:00  INFO 4604 --- [order-service] [org.springframework.kafka.KafkaListenerEndpointContainer#0-0-C-1] org.apache.kafka.clients.NetworkClient   : [Consumer clientId=consumer-order-service-3, groupId=order-service] Node -1 disconnected.
2026-01-09T20:09:07.359+03:00  WARN 4604 --- [order-service] [org.springframework.kafka.KafkaListenerEndpointContainer#0-0-C-1] org.apache.kafka.clients.NetworkClient   : [Consumer clientId=consumer-order-service-3, groupId=order-service] Connection to node -1 (localhost/127.0.0.1:9092) could not be established. Broker may not be available.
2026-01-09T20:09:07.359+03:00  WARN 4604 --- [order-service] [org.springframework.kafka.KafkaListenerEndpointContainer#0-0-C-1] org.apache.kafka.clients.NetworkClient   : [Consumer clientId=consumer-order-service-3, groupId=order-service] Bootstrap broker localhost:9092 (id: -1 rack: null) disconnected
2026-01-09T20:09:07.407+03:00  INFO 4604 --- [order-service] [org.springframework.kafka.KafkaListenerEndpointContainer#3-0-C-1] o.a.k.c.c.internals.ConsumerCoordinator  : [Consumer clientId=consumer-order-service-2, groupId=order-service] Resetting generation and member id due to: consumer pro-actively leaving the group
2026-01-09T20:09:07.407+03:00  INFO 4604 --- [order-service] [org.springframework.kafka.KafkaListenerEndpointContainer#3-0-C-1] o.a.k.c.c.internals.ConsumerCoordinator  : [Consumer clientId=consumer-order-service-2, groupId=order-service] Request joining group due to: consumer pro-actively leaving the group
2026-01-09T20:09:07.407+03:00  INFO 4604 --- [order-service] [org.springframework.kafka.KafkaListenerEndpointContainer#0-0-C-1] o.a.k.c.c.internals.ConsumerCoordinator  : [Consumer clientId=consumer-order-service-3, groupId=order-service] Resetting generation and member id due to: consumer pro-actively leaving the group
2026-01-09T20:09:07.407+03:00  INFO 4604 --- [order-service] [org.springframework.kafka.KafkaListenerEndpointContainer#1-0-C-1] o.a.k.c.c.internals.ConsumerCoordinator  : [Consumer clientId=consumer-order-service-4, groupId=order-service] Resetting generation and member id due to: consumer pro-actively leaving the group
2026-01-09T20:09:07.407+03:00  INFO 4604 --- [order-service] [org.springframework.kafka.KafkaListenerEndpointContainer#0-0-C-1] o.a.k.c.c.internals.ConsumerCoordinator  : [Consumer clientId=consumer-order-service-3, groupId=order-service] Request joining group due to: consumer pro-actively leaving the group
2026-01-09T20:09:07.407+03:00  INFO 4604 --- [order-service] [org.springframework.kafka.KafkaListenerEndpointContainer#0-0-C-1] fkaConsumerFactory$ExtendedKafkaConsumer : [Consumer clientId=consumer-order-service-3, groupId=order-service] Unsubscribed all topics or patterns and assigned partitions
2026-01-09T20:09:07.407+03:00  INFO 4604 --- [order-service] [org.springframework.kafka.KafkaListenerEndpointContainer#2-0-C-1] o.a.k.c.c.internals.ConsumerCoordinator  : [Consumer clientId=consumer-order-service-1, groupId=order-service] Resetting generation and member id due to: consumer pro-actively leaving the group
2026-01-09T20:09:07.407+03:00  INFO 4604 --- [order-service] [org.springframework.kafka.KafkaListenerEndpointContainer#3-0-C-1] fkaConsumerFactory$ExtendedKafkaConsumer : [Consumer clientId=consumer-order-service-2, groupId=order-service] Unsubscribed all topics or patterns and assigned partitions
2026-01-09T20:09:07.407+03:00  INFO 4604 --- [order-service] [org.springframework.kafka.KafkaListenerEndpointContainer#2-0-C-1] o.a.k.c.c.internals.ConsumerCoordinator  : [Consumer clientId=consumer-order-service-1, groupId=order-service] Request joining group due to: consumer pro-actively leaving the group
2026-01-09T20:09:07.407+03:00  INFO 4604 --- [order-service] [org.springframework.kafka.KafkaListenerEndpointContainer#1-0-C-1] o.a.k.c.c.internals.ConsumerCoordinator  : [Consumer clientId=consumer-order-service-4, groupId=order-service] Request joining group due to: consumer pro-actively leaving the group
2026-01-09T20:09:07.407+03:00  INFO 4604 --- [order-service] [org.springframework.kafka.KafkaListenerEndpointContainer#2-0-C-1] fkaConsumerFactory$ExtendedKafkaConsumer : [Consumer clientId=consumer-order-service-1, groupId=order-service] Unsubscribed all topics or patterns and assigned partitions
2026-01-09T20:09:07.407+03:00  INFO 4604 --- [order-service] [org.springframework.kafka.KafkaListenerEndpointContainer#1-0-C-1] fkaConsumerFactory$ExtendedKafkaConsumer : [Consumer clientId=consumer-order-service-4, groupId=order-service] Unsubscribed all topics or patterns and assigned partitions
2026-01-09T20:09:07.408+03:00  INFO 4604 --- [order-service] [org.springframework.kafka.KafkaListenerEndpointContainer#1-0-C-1] o.a.k.c.c.internals.ConsumerCoordinator  : [Consumer clientId=consumer-order-service-4, groupId=order-service] Resetting generation and member id due to: consumer pro-actively leaving the group
2026-01-09T20:09:07.408+03:00  INFO 4604 --- [order-service] [org.springframework.kafka.KafkaListenerEndpointContainer#1-0-C-1] o.a.k.c.c.internals.ConsumerCoordinator  : [Consumer clientId=consumer-order-service-4, groupId=order-service] Request joining group due to: consumer pro-actively leaving the group
2026-01-09T20:09:07.408+03:00  INFO 4604 --- [order-service] [org.springframework.kafka.KafkaListenerEndpointContainer#0-0-C-1] o.a.k.c.c.internals.ConsumerCoordinator  : [Consumer clientId=consumer-order-service-3, groupId=order-service] Resetting generation and member id due to: consumer pro-actively leaving the group
2026-01-09T20:09:07.408+03:00  INFO 4604 --- [order-service] [org.springframework.kafka.KafkaListenerEndpointContainer#0-0-C-1] o.a.k.c.c.internals.ConsumerCoordinator  : [Consumer clientId=consumer-order-service-3, groupId=order-service] Request joining group due to: consumer pro-actively leaving the group
2026-01-09T20:09:07.408+03:00  INFO 4604 --- [order-service] [org.springframework.kafka.KafkaListenerEndpointContainer#2-0-C-1] o.a.k.c.c.internals.ConsumerCoordinator  : [Consumer clientId=consumer-order-service-1, groupId=order-service] Resetting generation and member id due to: consumer pro-actively leaving the group
2026-01-09T20:09:07.408+03:00  INFO 4604 --- [order-service] [org.springframework.kafka.KafkaListenerEndpointContainer#2-0-C-1] o.a.k.c.c.internals.ConsumerCoordinator  : [Consumer clientId=consumer-order-service-1, groupId=order-service] Request joining group due to: consumer pro-actively leaving the group
2026-01-09T20:09:07.409+03:00  INFO 4604 --- [order-service] [org.springframework.kafka.KafkaListenerEndpointContainer#3-0-C-1] o.a.k.c.c.internals.ConsumerCoordinator  : [Consumer clientId=consumer-order-service-2, groupId=order-service] Resetting generation and member id due to: consumer pro-actively leaving the group
2026-01-09T20:09:07.410+03:00  INFO 4604 --- [order-service] [org.springframework.kafka.KafkaListenerEndpointContainer#1-0-C-1] o.apache.kafka.common.metrics.Metrics    : Metrics scheduler closed
2026-01-09T20:09:07.410+03:00  INFO 4604 --- [order-service] [org.springframework.kafka.KafkaListenerEndpointContainer#1-0-C-1] o.apache.kafka.common.metrics.Metrics    : Closing reporter org.apache.kafka.common.metrics.JmxReporter
2026-01-09T20:09:07.410+03:00  INFO 4604 --- [order-service] [org.springframework.kafka.KafkaListenerEndpointContainer#3-0-C-1] o.a.k.c.c.internals.ConsumerCoordinator  : [Consumer clientId=consumer-order-service-2, groupId=order-service] Request joining group due to: consumer pro-actively leaving the group
2026-01-09T20:09:07.410+03:00  INFO 4604 --- [order-service] [org.springframework.kafka.KafkaListenerEndpointContainer#1-0-C-1] o.apache.kafka.common.metrics.Metrics    : Metrics reporters closed
2026-01-09T20:09:07.412+03:00  INFO 4604 --- [order-service] [org.springframework.kafka.KafkaListenerEndpointContainer#0-0-C-1] o.apache.kafka.common.metrics.Metrics    : Metrics scheduler closed
2026-01-09T20:09:07.412+03:00  INFO 4604 --- [order-service] [org.springframework.kafka.KafkaListenerEndpointContainer#0-0-C-1] o.apache.kafka.common.metrics.Metrics    : Closing reporter org.apache.kafka.common.metrics.JmxReporter
2026-01-09T20:09:07.412+03:00  INFO 4604 --- [order-service] [org.springframework.kafka.KafkaListenerEndpointContainer#0-0-C-1] o.apache.kafka.common.metrics.Metrics    : Metrics reporters closed
2026-01-09T20:09:07.413+03:00  INFO 4604 --- [order-service] [org.springframework.kafka.KafkaListenerEndpointContainer#3-0-C-1] o.apache.kafka.common.metrics.Metrics    : Metrics scheduler closed
2026-01-09T20:09:07.413+03:00  INFO 4604 --- [order-service] [org.springframework.kafka.KafkaListenerEndpointContainer#3-0-C-1] o.apache.kafka.common.metrics.Metrics    : Closing reporter org.apache.kafka.common.metrics.JmxReporter
2026-01-09T20:09:07.413+03:00  INFO 4604 --- [order-service] [org.springframework.kafka.KafkaListenerEndpointContainer#3-0-C-1] o.apache.kafka.common.metrics.Metrics    : Metrics reporters closed
2026-01-09T20:09:07.413+03:00  INFO 4604 --- [order-service] [org.springframework.kafka.KafkaListenerEndpointContainer#2-0-C-1] o.apache.kafka.common.metrics.Metrics    : Metrics scheduler closed
2026-01-09T20:09:07.413+03:00  INFO 4604 --- [order-service] [org.springframework.kafka.KafkaListenerEndpointContainer#2-0-C-1] o.apache.kafka.common.metrics.Metrics    : Closing reporter org.apache.kafka.common.metrics.JmxReporter
2026-01-09T20:09:07.414+03:00  INFO 4604 --- [order-service] [org.springframework.kafka.KafkaListenerEndpointContainer#2-0-C-1] o.apache.kafka.common.metrics.Metrics    : Metrics reporters closed
2026-01-09T20:09:07.417+03:00  INFO 4604 --- [order-service] [org.springframework.kafka.KafkaListenerEndpointContainer#2-0-C-1] o.a.kafka.common.utils.AppInfoParser     : App info kafka.consumer for consumer-order-service-1 unregistered
2026-01-09T20:09:07.418+03:00  INFO 4604 --- [order-service] [org.springframework.kafka.KafkaListenerEndpointContainer#2-0-C-1] o.s.k.l.KafkaMessageListenerContainer    : order-service: Consumer stopped
2026-01-09T20:09:07.419+03:00  INFO 4604 --- [order-service] [org.springframework.kafka.KafkaListenerEndpointContainer#3-0-C-1] o.a.kafka.common.utils.AppInfoParser     : App info kafka.consumer for consumer-order-service-2 unregistered
2026-01-09T20:09:07.419+03:00  INFO 4604 --- [order-service] [org.springframework.kafka.KafkaListenerEndpointContainer#3-0-C-1] o.s.k.l.KafkaMessageListenerContainer    : order-service: Consumer stopped
2026-01-09T20:09:07.419+03:00  INFO 4604 --- [order-service] [org.springframework.kafka.KafkaListenerEndpointContainer#1-0-C-1] o.a.kafka.common.utils.AppInfoParser     : App info kafka.consumer for consumer-order-service-4 unregistered
2026-01-09T20:09:07.419+03:00  INFO 4604 --- [order-service] [org.springframework.kafka.KafkaListenerEndpointContainer#1-0-C-1] o.s.k.l.KafkaMessageListenerContainer    : order-service: Consumer stopped
2026-01-09T20:09:07.419+03:00  INFO 4604 --- [order-service] [org.springframework.kafka.KafkaListenerEndpointContainer#0-0-C-1] o.a.kafka.common.utils.AppInfoParser     : App info kafka.consumer for consumer-order-service-3 unregistered
2026-01-09T20:09:07.419+03:00  INFO 4604 --- [order-service] [org.springframework.kafka.KafkaListenerEndpointContainer#0-0-C-1] o.s.k.l.KafkaMessageListenerContainer    : order-service: Consumer stopped
2026-01-09T20:09:07.429+03:00  INFO 4604 --- [order-service] [SpringApplicationShutdownHook] j.LocalContainerEntityManagerFactoryBean : Closing JPA EntityManagerFactory for persistence unit 'default'
2026-01-09T20:09:07.431+03:00  INFO 4604 --- [order-service] [SpringApplicationShutdownHook] com.zaxxer.hikari.HikariDataSource       : HikariPool-1 - Shutdown initiated...
2026-01-09T20:09:07.435+03:00  INFO 4604 --- [order-service] [SpringApplicationShutdownHook] com.zaxxer.hikari.HikariDataSource       : HikariPool-1 - Shutdown completed.
